id_unico,id_producto,nombre,marca,color,precio_actual,precio_anterior,precio_minimo,precio_maximo,moneda,categoria,es_nuevo,en_descuento,promocion,venta_rapida,disponibilidad,proximamente,en_linea,tallas_disponibles,cantidad_tallas,stock_total_api,url_producto,url_imagen,fuente
ASOS_207394233,207394233,Reebok Classic Leather sneakers in khaki and white detail,Reebok,Khaki,85.0,,,,USD,,False,False,False,False,,,,,,,reebok/reebok-classic-leather-sneakers-in-khaki-and-white-detail/prd/207394233#colourWayId-207394234,images.asos-media.com/products/reebok-classic-leather-sneakers-in-khaki-and-white-detail/207394233-1-khaki,ASOS
ASOS_210958719,210958719,HUGO Red logo slides in white,Hugo Red,White,91.0,,,,USD,,False,False,False,False,,,,,,,hugo-red/hugo-red-logo-slides-in-white/prd/210958719#colourWayId-210958721,images.asos-media.com/products/hugo-red-logo-slides-in-white/210958719-1-white,ASOS
ASOS_210958783,210958783,HUGO Red logo slides in black,Hugo Red,Black,91.0,,,,USD,,False,False,False,False,,,,,,,hugo-red/hugo-red-logo-slides-in-black/prd/210958783#colourWayId-210958785,images.asos-media.com/products/hugo-red-logo-slides-in-black/210958783-1-black,ASOS
ASOS_210538935,210538935,SEQWL Soda slip on loafer style mules in taupe,SEQWL,Taupe,39.0,,,,USD,,False,False,False,False,,,,,,,seqwl/seqwl-soda-slip-on-loafer-style-mules-in-taupe/prd/210538935#colourWayId-210538936,images.asos-media.com/products/seqwl-soda-slip-on-loafer-style-mules-in-taupe/210538935-1-taupe,ASOS
ASOS_210442536,210442536,adidas Running Hyperboost Euphoria sneakers in black ombre,adidas performance,Multi,170.0,,,,USD,,False,False,False,False,,,,,,,adidas-performance/adidas-running-hyperboost-euphoria-sneakers-in-black-ombre/prd/210442536#colourWayId-210442543,images.asos-media.com/products/adidas-running-hyperboost-euphoria-sneakers-in-black-ombre/210442536-1-multi,ASOS
ASOS_210442778,210442778,adidas Running Hyperboost Euphoria sneakers in white and orange,adidas performance,Multi,170.0,,,,USD,,False,False,False,False,,,,,,,adidas-performance/adidas-running-hyperboost-euphoria-sneakers-in-white-and-orange/prd/210442778#colourWayId-210442796,images.asos-media.com/products/adidas-running-hyperboost-euphoria-sneakers-in-white-and-orange/210442778-1-multi,ASOS
ASOS_210390287,210390287,ASOS DESIGN penny loafers with ruched apron in brown and cream leather,ASOS DESIGN,Brown & cream,89.99,,,,USD,,False,False,False,True,,,,,,,asos-design/asos-design-penny-loafers-with-ruched-apron-in-brown-and-cream-leather/prd/210390287#colourWayId-210390289,images.asos-media.com/products/asos-design-penny-loafers-with-ruched-apron-in-brown-and-cream-leather/210390287-1-browncream,ASOS
ASOS_210499413,210499413,ASOS DESIGN lace up derby shoes in brown leather,ASOS DESIGN,BROWN,89.99,,,,USD,,False,False,False,False,,,,,,,asos-design/asos-design-lace-up-derby-shoes-in-brown-leather/prd/210499413#colourWayId-210499415,images.asos-media.com/products/asos-design-lace-up-derby-shoes-in-brown-leather/210499413-1-brown,ASOS
ASOS_210575745,210575745,ASOS DESIGN slim loafers with tassel in brown leather weave,ASOS DESIGN,BROWN,94.99,,,,USD,,False,False,False,False,,,,,,,asos-design/asos-design-slim-loafers-with-tassel-in-brown-leather-weave/prd/210575745#colourWayId-210575751,images.asos-media.com/products/asos-design-slim-loafers-with-tassel-in-brown-leather-weave/210575745-1-brown,ASOS
ASOS_211284389,211284389,Keen Jasper brushed suede sneakers in black,Keen,Black,226.0,,,,USD,,False,False,False,False,,,,,,,keen/keen-jasper-brushed-suede-sneakers-in-black/prd/211284389#colourWayId-211284403,images.asos-media.com/products/keen-jasper-brushed-suede-sneakers-in-black/211284389-1-black,ASOS
ASOS_211284470,211284470,Keen Jasper nylon sneakers in olive green,Keen,GREEN,226.0,,,,USD,,False,False,False,False,,,,,,,keen/keen-jasper-nylon-sneakers-in-olive-green/prd/211284470#colourWayId-211284472,images.asos-media.com/products/keen-jasper-nylon-sneakers-in-olive-green/211284470-1-green,ASOS
ASOS_211284487,211284487,Keen Jasper brushed suede sneakers in dark olive,Keen,Dark olive,226.0,,,,USD,,False,False,False,False,,,,,,,keen/keen-jasper-brushed-suede-sneakers-in-dark-olive/prd/211284487#colourWayId-211284488,images.asos-media.com/products/keen-jasper-brushed-suede-sneakers-in-dark-olive/211284487-1-darkolive,ASOS
ASOS_211284590,211284590,Keen Jasper Zionic sneakers in brown and black,Keen,Black,260.0,,,,USD,,False,False,False,False,,,,,,,keen/keen-jasper-zionic-sneakers-in-brown-and-black/prd/211284590#colourWayId-211284592,images.asos-media.com/products/keen-jasper-zionic-sneakers-in-brown-and-black/211284590-1-black,ASOS
ASOS_209614832,209614832,Nike Shox TL sneakers in gray and red,Nike,Gray,180.0,,,,USD,,False,False,False,False,,,,,,,nike/nike-shox-tl-sneakers-in-gray-and-red/prd/209614832#colourWayId-209614850,images.asos-media.com/products/nike-shox-tl-sneakers-in-gray-and-red/209614832-1-grey,ASOS
ASOS_210442463,210442463,adidas Running Hyperboost Edge sneakers in black and white,adidas performance,WHITE,200.0,,,,USD,,False,False,False,False,,,,,,,adidas-performance/adidas-running-hyperboost-edge-sneakers-in-black-and-white/prd/210442463#colourWayId-210442489,images.asos-media.com/products/adidas-running-hyperboost-edge-sneakers-in-black-and-white/210442463-1-white,ASOS
ASOS_210442947,210442947,adidas Running Adizero Evo SL woven sneakers in white and orange,adidas performance,WHITE,150.0,,,,USD,,False,False,False,False,,,,,,,adidas-performance/adidas-running-adizero-evo-sl-woven-sneakers-in-white-and-orange/prd/210442947#colourWayId-210442950,images.asos-media.com/products/adidas-running-adizero-evo-sl-woven-sneakers-in-white-and-orange/210442947-1-white,ASOS
ASOS_210457283,210457283,adidas Originals Samba OG sneakers in brown croc,adidas Originals,BROWN,110.0,,,,USD,,False,False,False,False,,,,,,,adidas-originals/adidas-originals-samba-og-sneakers-in-brown-croc/prd/210457283#colourWayId-210457302,images.asos-media.com/products/adidas-originals-samba-og-sneakers-in-brown-croc/210457283-1-brown,ASOS
ASOS_210899632,210899632,ASOS DESIGN lace up sneakers with green heel notch,ASOS DESIGN,GREEN HEEL NOTCH,64.99,,,,USD,,False,False,False,False,,,,,,,asos-design/asos-design-lace-up-sneakers-with-green-heel-notch/prd/210899632#colourWayId-210899653,images.asos-media.com/products/asos-design-lace-up-sneakers-with-green-heel-notch/210899632-1-greenheelnotch,ASOS
ASOS_210899780,210899780,ASOS DESIGN lace up sneakers in stone,ASOS DESIGN,STONE,59.99,,,,USD,,False,False,False,False,,,,,,,asos-design/asos-design-lace-up-sneakers-in-stone/prd/210899780#colourWayId-210899800,images.asos-media.com/products/asos-design-lace-up-sneakers-in-stone/210899780-1-stone,ASOS
ASOS_210576226,210576226,ASOS DESIGN slim loafers with gross grain saddle in black velvet,ASOS DESIGN,Black,64.99,,,,USD,,False,False,False,True,,,,,,,asos-design/asos-design-slim-loafers-with-gross-grain-saddle-in-black-velvet/prd/210576226#colourWayId-210576231,images.asos-media.com/products/asos-design-slim-loafers-with-gross-grain-saddle-in-black-velvet/210576226-1-black,ASOS
ASOS_210624215,210624215,ASOS DESIGN mule sandals with buckle in black,ASOS DESIGN,Black,64.99,,,,USD,,False,False,False,False,,,,,,,asos-design/asos-design-mule-sandals-with-buckle-in-black/prd/210624215#colourWayId-210624219,images.asos-media.com/products/asos-design-mule-sandals-with-buckle-in-black/210624215-1-black,ASOS
ASOS_210624337,210624337,ASOS DESIGN mule sandals with cork sole in gray felt,ASOS DESIGN,Gray,54.99,,,,USD,,False,False,False,False,,,,,,,asos-design/asos-design-mule-sandals-with-cork-sole-in-gray-felt/prd/210624337#colourWayId-210624338,images.asos-media.com/products/asos-design-mule-sandals-with-cork-sole-in-gray-felt/210624337-1-grey,ASOS
ASOS_210899627,210899627,ASOS DESIGN lace-up sneakers with orange heel notch,ASOS DESIGN,Orange Heel Notch,64.99,,,,USD,,False,False,False,False,,,,,,,asos-design/asos-design-lace-up-sneakers-with-orange-heel-notch/prd/210899627#colourWayId-210899640,images.asos-media.com/products/asos-design-lace-up-sneakers-with-orange-heel-notch/210899627-1-orangeheelnotch,ASOS
ASOS_210920273,210920273,ASOS DESIGN penny mules in taupe,ASOS DESIGN,Taupe,59.99,,,,USD,,False,False,False,False,,,,,,,asos-design/asos-design-penny-mules-in-taupe/prd/210920273#colourWayId-210920275,images.asos-media.com/products/asos-design-penny-mules-in-taupe/210920273-1-taupe,ASOS
ASOS_210949528,210949528,ASOS DESIGN retro lace-up sneakers in taupe suede mix,ASOS DESIGN,Taupe,64.99,,,,USD,,False,False,False,False,,,,,,,asos-design/asos-design-retro-lace-up-sneakers-in-taupe-suede-mix/prd/210949528#colourWayId-210949530,images.asos-media.com/products/asos-design-retro-lace-up-sneakers-in-taupe-suede-mix/210949528-1-taupe,ASOS
ASOS_210949564,210949564,ASOS DESIGN retro lace up sneakers in red nylon,ASOS DESIGN,RED,64.99,,,,USD,,False,False,False,False,,,,,,,asos-design/asos-design-retro-lace-up-sneakers-in-red-nylon/prd/210949564#colourWayId-210949569,images.asos-media.com/products/asos-design-retro-lace-up-sneakers-in-red-nylon/210949564-1-red,ASOS
ASOS_211049304,211049304,ASOS DESIGN heeled chelsea boots with angled toe in black,ASOS DESIGN,Black,99.99,,,,USD,,False,False,True,True,,,,,,,asos-design/asos-design-heeled-chelsea-boots-with-angled-toe-in-black/prd/211049304#colourWayId-211049312,images.asos-media.com/products/asos-design-heeled-chelsea-boots-with-angled-toe-in-black/211049304-1-black,ASOS
ASOS_210555210,210555210,Calvin Klein Jeans chunky hybrid suede apron lace-up shoes in beige,Calvin Klein,Taupe,189.0,,,,USD,,False,False,False,False,,,,,,,calvin-klein/calvin-klein-jeans-chunky-hybrid-suede-apron-lace-up-shoes-in-beige/prd/210555210#colourWayId-210555211,images.asos-media.com/products/calvin-klein-jeans-chunky-hybrid-suede-apron-lace-up-shoes-in-beige/210555210-1-taupe,ASOS
ASOS_210576490,210576490,ASOS DESIGN zip up boots with buckle detail in brown,ASOS DESIGN,BROWN,94.99,,,,USD,,False,False,False,False,,,,,,,asos-design/asos-design-zip-up-boots-with-buckle-detail-in-brown/prd/210576490#colourWayId-210576494,images.asos-media.com/products/asos-design-zip-up-boots-with-buckle-detail-in-brown/210576490-1-brown,ASOS
ASOS_210847154,210847154,ASOS DESIGN heeled chelsea boots in black,ASOS DESIGN,Black,84.99,,,,USD,,False,False,True,True,,,,,,,asos-design/asos-design-heeled-chelsea-boots-in-black/prd/210847154#colourWayId-210847160,images.asos-media.com/products/asos-design-heeled-chelsea-boots-in-black/210847154-1-black,ASOS
ASOS_211220668,211220668,Mango real leather cross strap sandals in brown,Mango,BROWN,119.99,,,,USD,,False,False,False,False,,,,,,,mango/mango-real-leather-cross-strap-sandals-in-brown/prd/211220668#colourWayId-211220669,images.asos-media.com/products/mango-real-leather-cross-strap-sandals-in-brown/211220668-1-brown,ASOS
ASOS_211379851,211379851,Mango boat shoes in tan,Mango,LEATHER,119.99,,,,USD,,False,False,False,False,,,,,,,mango/mango-boat-shoes-in-tan/prd/211379851#colourWayId-211379861,images.asos-media.com/products/mango-boat-shoes-in-tan/211379851-1-leather,ASOS
ASOS_210576215,210576215,ASOS DESIGN lace up oxford shoes with toe cap in black patent,ASOS DESIGN,BLACK PATENT,109.0,,,,USD,,False,False,False,False,,,,,,,asos-design/asos-design-lace-up-oxford-shoes-with-toe-cap-in-black-patent/prd/210576215#colourWayId-210576216,images.asos-media.com/products/asos-design-lace-up-oxford-shoes-with-toe-cap-in-black-patent/210576215-1-blackpatent,ASOS
ASOS_210651992,210651992,ASOS DESIGN zip up boots in black leather,ASOS DESIGN,Black,99.99,,,,USD,,False,False,False,False,,,,,,,asos-design/asos-design-zip-up-boots-in-black-leather/prd/210651992#colourWayId-210651999,images.asos-media.com/products/asos-design-zip-up-boots-in-black-leather/210651992-1-black,ASOS
ASOS_210751358,210751358,ASOS DESIGN western Chelsea boots with cuban heel in black,ASOS DESIGN,Black,84.99,,,,USD,,False,False,True,True,,,,,,,asos-design/asos-design-western-chelsea-boots-with-cuban-heel-in-black/prd/210751358#colourWayId-210751367,images.asos-media.com/products/asos-design-western-chelsea-boots-with-cuban-heel-in-black/210751358-1-black,ASOS
ASOS_211220633,211220633,Mango real leather lace up brogues in brown,Mango,BROWN,179.99,,,,USD,,False,False,False,False,,,,,,,mango/mango-real-leather-lace-up-brogues-in-brown/prd/211220633#colourWayId-211220636,images.asos-media.com/products/mango-real-leather-lace-up-brogues-in-brown/211220633-1-brown,ASOS
ASOS_211379883,211379883,Mango boat shoes in brown,Mango,BROWN,119.99,,,,USD,,False,False,False,False,,,,,,,mango/mango-boat-shoes-in-brown/prd/211379883#colourWayId-211379887,images.asos-media.com/products/mango-boat-shoes-in-brown/211379883-1-brown,ASOS
ASOS_209922688,209922688,HUGO Blue Blue-x sneakers in black,Hugo Blue,Black,241.0,,,,USD,,False,False,False,False,,,,,,,hugo-blue/hugo-blue-blue-x-sneakers-in-black/prd/209922688#colourWayId-209922690,images.asos-media.com/products/hugo-blue-blue-x-sneakers-in-black/209922688-1-black,ASOS
ASOS_209923126,209923126,HUGO Blue Blue-x sneakers in off white,Hugo Blue,Open White,241.0,,,,USD,,False,False,False,False,,,,,,,hugo-blue/hugo-blue-blue-x-sneakers-in-off-white/prd/209923126#colourWayId-209923128,images.asos-media.com/products/hugo-blue-blue-x-sneakers-in-off-white/209923126-1-openwhite,ASOS
ASOS_210030280,210030280,HUGO Red sneakers with red lining in black,Hugo Red,Black,293.0,,,,USD,,False,False,False,False,,,,,,,hugo-red/hugo-red-sneakers-with-red-lining-in-black/prd/210030280#colourWayId-210030281,images.asos-media.com/products/hugo-red-sneakers-with-red-lining-in-black/210030280-1-black,ASOS
ASOS_210105704,210105704,PS Paul Smith sneakers in dark green,PS Paul Smith,green,235.0,,,,USD,,False,False,False,False,,,,,,,ps-paul-smith/ps-paul-smith-sneakers-in-dark-green/prd/210105704#colourWayId-210105709,images.asos-media.com/products/ps-paul-smith-sneakers-in-dark-green/210105704-1-green,ASOS
ASOS_210207453,210207453,HUGO Red logo sandals with double touch-closure straps in dark blue,Hugo Red,Black,155.0,,,,USD,,False,False,False,False,,,,,,,hugo-red/hugo-red-logo-sandals-with-double-touch-closure-straps-in-dark-blue/prd/210207453#colourWayId-210207462,images.asos-media.com/products/hugo-red-logo-sandals-with-double-touch-closure-straps-in-dark-blue/210207453-1-black,ASOS
ASOS_210207505,210207505,HUGO Red logo text detail loafers in brown,Hugo Red,BROWN,293.0,,,,USD,,False,False,False,False,,,,,,,hugo-red/hugo-red-logo-text-detail-loafers-in-brown/prd/210207505#colourWayId-210207515,images.asos-media.com/products/hugo-red-logo-text-detail-loafers-in-brown/210207505-1-brown,ASOS
ASOS_210291615,210291615,BOSS Aryeh slides in khaki green,BOSS Orange,Open Green,85.0,,,,USD,,False,False,False,False,,,,,,,boss-orange/boss-aryeh-slides-in-khaki-green/prd/210291615#colourWayId-210291622,images.asos-media.com/products/boss-aryeh-slides-in-khaki-green/210291615-1-opengreen,ASOS
ASOS_210576016,210576016,ASOS DESIGN monk shoes with buckled straps in black leather,ASOS DESIGN,Black,109.0,,,,USD,,False,False,False,False,,,,,,,asos-design/asos-design-monk-shoes-with-buckled-straps-in-black-leather/prd/210576016#colourWayId-210576018,images.asos-media.com/products/asos-design-monk-shoes-with-buckled-straps-in-black-leather/210576016-1-black,ASOS
ASOS_208140303,208140303,New Balance M1000 sneakers in teal and gray,New Balance,Gray,149.99,,,,USD,,False,False,False,False,,,,,,,new-balance/new-balance-m1000-sneakers-in-teal-and-gray/prd/208140303#colourWayId-208140304,images.asos-media.com/products/new-balance-m1000-sneakers-in-teal-and-gray/208140303-1-grey,ASOS
ASOS_210830649,210830649,ASOS DESIGN two strap monk shoes with broguing details in brown,ASOS DESIGN,BROWN,59.99,,,,USD,,False,False,False,False,,,,,,,asos-design/asos-design-two-strap-monk-shoes-with-broguing-details-in-brown/prd/210830649#colourWayId-210830654,images.asos-media.com/products/asos-design-two-strap-monk-shoes-with-broguing-details-in-brown/210830649-1-brown,ASOS
ASOS_210442617,210442617,adidas Running Adizero Evo SL zip up sneakers in yellow and black,adidas performance,YELLOW,170.0,,,,USD,,False,False,False,False,,,,,,,adidas-performance/adidas-running-adizero-evo-sl-zip-up-sneakers-in-yellow-and-black/prd/210442617#colourWayId-210442629,images.asos-media.com/products/adidas-running-adizero-evo-sl-zip-up-sneakers-in-yellow-and-black/210442617-1-yellow,ASOS
ASOS_210223705,210223705,ASOS DESIGN penny loafers in textured bottle green leather,ASOS DESIGN,Bottle green,79.99,,,,USD,,False,False,False,False,,,,,,,asos-design/asos-design-penny-loafers-in-textured-bottle-green-leather/prd/210223705#colourWayId-210223711,images.asos-media.com/products/asos-design-penny-loafers-in-textured-bottle-green-leather/210223705-1-bottlegreen,ASOS
ASOS_210442875,210442875,adidas Running Adizero EVO SL EXO sneakers in cream and black,adidas performance,WHITE,150.0,,,,USD,,False,False,False,False,,,,,,,adidas-performance/adidas-running-adizero-evo-sl-exo-sneakers-in-cream-and-black/prd/210442875#colourWayId-210442878,images.asos-media.com/products/adidas-running-adizero-evo-sl-exo-sneakers-in-cream-and-black/210442875-1-white,ASOS
ASOS_210457607,210457607,adidas Originals Adistar MLD sneakers in brown,adidas Originals,BROWN,130.0,,,,USD,,False,False,False,False,,,,,,,adidas-originals/adidas-originals-adistar-mld-sneakers-in-brown/prd/210457607#colourWayId-210457629,images.asos-media.com/products/adidas-originals-adistar-mld-sneakers-in-brown/210457607-1-brown,ASOS
ASOS_210499927,210499927,ASOS DESIGN loafers with knotted snaffle and ruching in tan suede,ASOS DESIGN,TAN,89.99,,,,USD,,False,False,False,False,,,,,,,asos-design/asos-design-loafers-with-knotted-snaffle-and-ruching-in-tan-suede/prd/210499927#colourWayId-210499940,images.asos-media.com/products/asos-design-loafers-with-knotted-snaffle-and-ruching-in-tan-suede/210499927-1-tan,ASOS
ASOS_210672078,210672078,ASOS DESIGN zip up boots in brown suede,ASOS DESIGN,BROWN,99.99,,,,USD,,False,False,False,False,,,,,,,asos-design/asos-design-zip-up-boots-in-brown-suede/prd/210672078#colourWayId-210672094,images.asos-media.com/products/asos-design-zip-up-boots-in-brown-suede/210672078-1-brown,ASOS
ASOS_209976315,209976315,SEQWL Kayak loafers in faux nubuck mocha,SEQWL,Mocha nubuck effect,44.0,,,,USD,,False,False,False,False,,,,,,,seqwl/seqwl-kayak-loafers-in-faux-nubuck-mocha/prd/209976315#colourWayId-209976326,images.asos-media.com/products/seqwl-kayak-loafers-in-faux-nubuck-mocha/209976315-1-mochanubuck,ASOS
ASOS_210390155,210390155,ASOS DESIGN penny loafers with ruched apron in brown leather,ASOS DESIGN,BROWN,89.99,,,,USD,,False,False,False,False,,,,,,,asos-design/asos-design-penny-loafers-with-ruched-apron-in-brown-leather/prd/210390155#colourWayId-210390159,images.asos-media.com/products/asos-design-penny-loafers-with-ruched-apron-in-brown-leather/210390155-1-brown,ASOS
ASOS_210547044,210547044,ASOS DESIGN mule sandals with buckle and seam detail in tan suede,ASOS DESIGN,TAN,79.99,,,,USD,,False,False,False,False,,,,,,,asos-design/asos-design-mule-sandals-with-buckle-and-seam-detail-in-tan-suede/prd/210547044#colourWayId-210547050,images.asos-media.com/products/asos-design-mule-sandals-with-buckle-and-seam-detail-in-tan-suede/210547044-1-tan,ASOS
ASOS_210575907,210575907,ASOS DESIGN lace up boat shoes with ruching in brown,ASOS DESIGN,BROWN,69.99,,,,USD,,False,False,False,False,,,,,,,asos-design/asos-design-lace-up-boat-shoes-with-ruching-in-brown/prd/210575907#colourWayId-210575912,images.asos-media.com/products/asos-design-lace-up-boat-shoes-with-ruching-in-brown/210575907-1-brown,ASOS
ASOS_210575933,210575933,ASOS DESIGN penny loafers with ruching in faux snake,ASOS DESIGN,SNAKE,69.99,,,,USD,,False,False,False,False,,,,,,,asos-design/asos-design-penny-loafers-with-ruching-in-faux-snake/prd/210575933#colourWayId-210575946,images.asos-media.com/products/asos-design-penny-loafers-with-ruching-in-faux-snake/210575933-1-snake,ASOS
ASOS_210576321,210576321,ASOS DESIGN loafers with tassel and lace detailing in taupe,ASOS DESIGN,Taupe,69.99,,,,USD,,False,False,False,False,,,,,,,asos-design/asos-design-loafers-with-tassel-and-lace-detailing-in-taupe/prd/210576321#colourWayId-210576322,images.asos-media.com/products/asos-design-loafers-with-tassel-and-lace-detailing-in-taupe/210576321-1-taupe,ASOS
ASOS_210576539,210576539,ASOS DESIGN western chelsea boots in brown with cuban heel,ASOS DESIGN,Brown snake,89.99,,,,USD,,False,False,False,False,,,,,,,asos-design/asos-design-western-chelsea-boots-in-brown-with-cuban-heel/prd/210576539#colourWayId-210576540,images.asos-media.com/products/asos-design-western-chelsea-boots-in-brown-with-cuban-heel/210576539-1-brownsnake,ASOS
ASOS_210262371,210262371,Nike Moon Shoe sneakers in brown and white,Nike,BROWN,105.0,,,,USD,,False,False,False,False,,,,,,,nike/nike-moon-shoe-sneakers-in-brown-and-white/prd/210262371#colourWayId-210262372,images.asos-media.com/products/nike-moon-shoe-sneakers-in-brown-and-white/210262371-1-brown,ASOS
ASOS_210331952,210331952,ASOS DESIGN lace up derby shoes in tan perforated leather,ASOS DESIGN,TAN,74.99,,,,USD,,False,False,False,False,,,,,,,asos-design/asos-design-lace-up-derby-shoes-in-tan-perforated-leather/prd/210331952#colourWayId-210331958,images.asos-media.com/products/asos-design-lace-up-derby-shoes-in-tan-perforated-leather/210331952-1-tan,ASOS
ASOS_210846888,210846888,ASOS DESIGN heeled zip up boots in black patent,ASOS DESIGN,Black,84.99,,,,USD,,False,False,False,False,,,,,,,asos-design/asos-design-heeled-zip-up-boots-in-black-patent/prd/210846888#colourWayId-210846889,images.asos-media.com/products/asos-design-heeled-zip-up-boots-in-black-patent/210846888-1-black,ASOS
ASOS_210014938,210014938,Nike Ava X sneakers in black and gray,Nike,Black,125.0,,,,USD,,False,False,False,False,,,,,,,nike/nike-ava-x-sneakers-in-black-and-gray/prd/210014938#colourWayId-210014949,images.asos-media.com/products/nike-ava-x-sneakers-in-black-and-gray/210014938-1-black,ASOS
ASOS_210262382,210262382,Nike Moon Shoe sneakers in navy and white,Nike,NAVY,105.0,,,,USD,,False,False,False,False,,,,,,,nike/nike-moon-shoe-sneakers-in-navy-and-white/prd/210262382#colourWayId-210262383,images.asos-media.com/products/nike-moon-shoe-sneakers-in-navy-and-white/210262382-1-navy,ASOS
ASOS_210262394,210262394,Nike Moon Shoe sneakers in white and black,Nike,WHITE,105.0,,,,USD,,False,False,False,True,,,,,,,nike/nike-moon-shoe-sneakers-in-white-and-black/prd/210262394#colourWayId-210262395,images.asos-media.com/products/nike-moon-shoe-sneakers-in-white-and-black/210262394-1-white,ASOS
ASOS_210457351,210457351,adidas Originals Adistar MLD sneakers in white and silver,adidas Originals,WHITE,130.0,,,,USD,,False,False,False,False,,,,,,,adidas-originals/adidas-originals-adistar-mld-sneakers-in-white-and-silver/prd/210457351#colourWayId-210457360,images.asos-media.com/products/adidas-originals-adistar-mld-sneakers-in-white-and-silver/210457351-1-white,ASOS
ASOS_210519946,210519946,adidas Originals Samba OG sneakers in leopard print,adidas Originals,BROWN,110.0,,,,USD,,False,False,False,True,,,,,,,adidas-originals/adidas-originals-samba-og-sneakers-in-leopard-print/prd/210519946#colourWayId-210519948,images.asos-media.com/products/adidas-originals-samba-og-sneakers-in-leopard-print/210519946-1-brown,ASOS
ASOS_209815923,209815923,Nike P-6000 sneakers in gray and bright yellow,Nike,YELLOW,115.0,,,,USD,,False,False,False,False,,,,,,,nike/nike-p-6000-sneakers-in-gray-and-bright-yellow/prd/209815923#colourWayId-209815926,images.asos-media.com/products/nike-p-6000-sneakers-in-gray-and-bright-yellow/209815923-1-yellow,ASOS
ASOS_209874531,209874531,ASOS DESIGN loafers in brown leather with fringe and buckle detailing,ASOS DESIGN,BROWN,99.99,,,,USD,,False,False,False,True,,,,,,,asos-design/asos-design-loafers-in-brown-leather-with-fringe-and-buckle-detailing/prd/209874531#colourWayId-209874532,images.asos-media.com/products/asos-design-loafers-in-brown-leather-with-fringe-and-buckle-detailing/209874531-1-brown,ASOS
ASOS_210014959,210014959,Nike Vomero 18 sneakers in white and beige,Nike,WHITE,155.0,,,,USD,,False,False,False,False,,,,,,,nike/nike-vomero-18-sneakers-in-white-and-beige/prd/210014959#colourWayId-210014975,images.asos-media.com/products/nike-vomero-18-sneakers-in-white-and-beige/210014959-1-white,ASOS
ASOS_210131660,210131660,ASOS DESIGN lace up derby shoes with apron detailing in tan leather,ASOS DESIGN,TAN,89.99,,,,USD,,False,False,False,False,,,,,,,asos-design/asos-design-lace-up-derby-shoes-with-apron-detailing-in-tan-leather/prd/210131660#colourWayId-210131663,images.asos-media.com/products/asos-design-lace-up-derby-shoes-with-apron-detailing-in-tan-leather/210131660-1-tan,ASOS
ASOS_210218566,210218566,Nike Training Free Metcon 7 sneakers in white and red,Nike Training,RED,125.0,,,,USD,,False,False,False,False,,,,,,,nike-training/nike-training-free-metcon-7-sneakers-in-white-and-red/prd/210218566#colourWayId-210218581,images.asos-media.com/products/nike-training-free-metcon-7-sneakers-in-white-and-red/210218566-1-red,ASOS
ASOS_210223814,210223814,ASOS DESIGN lace up brogue shoes in stone suede,ASOS DESIGN,STONE,84.99,,,,USD,,False,False,False,False,,,,,,,asos-design/asos-design-lace-up-brogue-shoes-in-stone-suede/prd/210223814#colourWayId-210223815,images.asos-media.com/products/asos-design-lace-up-brogue-shoes-in-stone-suede/210223814-1-stone,ASOS
ASOS_210223824,210223824,ASOS DESIGN lace up shoes in mink suede with white cupsole,ASOS DESIGN,Mink,79.99,,,,USD,,False,False,False,False,,,,,,,asos-design/asos-design-lace-up-shoes-in-mink-suede-with-white-cupsole/prd/210223824#colourWayId-210223825,images.asos-media.com/products/asos-design-lace-up-shoes-in-mink-suede-with-white-cupsole/210223824-1-mink,ASOS
ASOS_210223843,210223843,ASOS DESIGN lace up brogue shoes in navy suede,ASOS DESIGN,NAVY,84.99,,,,USD,,False,False,False,False,,,,,,,asos-design/asos-design-lace-up-brogue-shoes-in-navy-suede/prd/210223843#colourWayId-210223853,images.asos-media.com/products/asos-design-lace-up-brogue-shoes-in-navy-suede/210223843-1-navy,ASOS
ASOS_210232376,210232376,Nike Air Force 1 '07 LV8 sneakers in off-white,Nike,BEIGE,125.0,,,,USD,,False,False,False,False,,,,,,,nike/nike-air-force-1-07-lv8-sneakers-in-off-white/prd/210232376#colourWayId-210232377,images.asos-media.com/products/nike-air-force-1-07-lv8-sneakers-in-off-white/210232376-1-beige,ASOS
ASOS_210232915,210232915,Nike P-6000 Premium sneakers in brown,Nike,BROWN,125.0,,,,USD,,False,False,False,False,,,,,,,nike/nike-p-6000-premium-sneakers-in-brown/prd/210232915#colourWayId-210232918,images.asos-media.com/products/nike-p-6000-premium-sneakers-in-brown/210232915-1-brown,ASOS
ASOS_210457228,210457228,adidas Stan Smith sneakers in all white,adidas Originals,WHITE,100.0,,,,USD,,False,False,False,False,,,,,,,adidas-originals/adidas-stan-smith-sneakers-in-all-white/prd/210457228#colourWayId-210457240,images.asos-media.com/products/adidas-stan-smith-sneakers-in-all-white/210457228-1-white,ASOS
ASOS_210499575,210499575,ASOS DESIGN cuban heeled boots with western detailing in brown suede,ASOS DESIGN,BROWN,99.99,,,,USD,,False,False,False,False,,,,,,,asos-design/asos-design-cuban-heeled-boots-with-western-detailing-in-brown-suede/prd/210499575#colourWayId-210499577,images.asos-media.com/products/asos-design-cuban-heeled-boots-with-western-detailing-in-brown-suede/210499575-1-brown,ASOS
ASOS_210499603,210499603,ASOS DESIGN penny loafers in brown leather and suede mix,ASOS DESIGN,BROWN,79.99,,,,USD,,False,False,False,False,,,,,,,asos-design/asos-design-penny-loafers-in-brown-leather-and-suede-mix/prd/210499603#colourWayId-210499604,images.asos-media.com/products/asos-design-penny-loafers-in-brown-leather-and-suede-mix/210499603-1-brown,ASOS
ASOS_210499715,210499715,ASOS DESIGN penny loafers with western graphic in brown and cream,ASOS DESIGN,Brown & cream,64.99,,,,USD,,False,False,False,True,,,,,,,asos-design/asos-design-penny-loafers-with-western-graphic-in-brown-and-cream/prd/210499715#colourWayId-210499726,images.asos-media.com/products/asos-design-penny-loafers-with-western-graphic-in-brown-and-cream/210499715-1-browncream,ASOS
ASOS_210499720,210499720,ASOS DESIGN lace up shoes with cup sole in navy suede,ASOS DESIGN,NAVY,79.99,,,,USD,,False,False,False,False,,,,,,,asos-design/asos-design-lace-up-shoes-with-cup-sole-in-navy-suede/prd/210499720#colourWayId-210499735,images.asos-media.com/products/asos-design-lace-up-shoes-with-cup-sole-in-navy-suede/210499720-1-navy,ASOS
ASOS_210499460,210499460,ASOS DESIGN lace up boots with hiker detailing in black,ASOS DESIGN,Black,89.99,,,,USD,,False,False,False,False,,,,,,,asos-design/asos-design-lace-up-boots-with-hiker-detailing-in-black/prd/210499460#colourWayId-210499464,images.asos-media.com/products/asos-design-lace-up-boots-with-hiker-detailing-in-black/210499460-1-black,ASOS
ASOS_210575837,210575837,ASOS DESIGN penny loafers with coin detailing in black croc,ASOS DESIGN,BLACK CROC,74.99,,,,USD,,False,False,False,False,,,,,,,asos-design/asos-design-penny-loafers-with-coin-detailing-in-black-croc/prd/210575837#colourWayId-210575841,images.asos-media.com/products/asos-design-penny-loafers-with-coin-detailing-in-black-croc/210575837-1-blackcroc,ASOS
ASOS_210575861,210575861,ASOS DESIGN penny loafers with snaffle and contrast stitching in black saffiano,ASOS DESIGN,Black faux leather,74.99,,,,USD,,False,False,False,False,,,,,,,asos-design/asos-design-penny-loafers-with-snaffle-and-contrast-stitching-in-black-saffiano/prd/210575861#colourWayId-210575870,images.asos-media.com/products/asos-design-penny-loafers-with-snaffle-and-contrast-stitching-in-black-saffiano/210575861-1-blackfauxleather,ASOS
ASOS_210576161,210576161,ASOS DESIGN loafers with embossed text and cleated sole in black,ASOS DESIGN,Black,74.99,,,,USD,,False,False,False,False,,,,,,,asos-design/asos-design-loafers-with-embossed-text-and-cleated-sole-in-black/prd/210576161#colourWayId-210576176,images.asos-media.com/products/asos-design-loafers-with-embossed-text-and-cleated-sole-in-black/210576161-1-black,ASOS
ASOS_210576228,210576228,ASOS DESIGN woven mule sandals in brown,ASOS DESIGN,BROWN,69.99,,,,USD,,False,False,False,False,,,,,,,asos-design/asos-design-woven-mule-sandals-in-brown/prd/210576228#colourWayId-210576242,images.asos-media.com/products/asos-design-woven-mule-sandals-in-brown/210576228-1-brown,ASOS
ASOS_210576345,210576345,ASOS DESIGN zip up boots with seam detail in burnished red,ASOS DESIGN,BURNISHED RED,84.99,,,,USD,,False,False,False,True,,,,,,,asos-design/asos-design-zip-up-boots-with-seam-detail-in-burnished-red/prd/210576345#colourWayId-210576349,images.asos-media.com/products/asos-design-zip-up-boots-with-seam-detail-in-burnished-red/210576345-1-burnishedred,ASOS
ASOS_210576420,210576420,ASOS DESIGN mule loafers with snaffle in crinkled black patent,ASOS DESIGN,Black,64.99,,,,USD,,False,False,False,True,,,,,,,asos-design/asos-design-mule-loafers-with-snaffle-in-crinkled-black-patent/prd/210576420#colourWayId-210576421,images.asos-media.com/products/asos-design-mule-loafers-with-snaffle-in-crinkled-black-patent/210576420-1-black,ASOS
ASOS_210576462,210576462,ASOS DESIGN panelled lace up sneakers in gray blue,ASOS DESIGN,GRAY BLUE AND WHITE,69.99,,,,USD,,False,False,False,False,,,,,,,asos-design/asos-design-panelled-lace-up-sneakers-in-gray-blue/prd/210576462#colourWayId-210576466,images.asos-media.com/products/asos-design-panelled-lace-up-sneakers-in-gray-blue/210576462-1-greyblueandwhite,ASOS
ASOS_210624464,210624464,ASOS DESIGN penny loafer with cleated sole in black,ASOS DESIGN,Black,69.99,,,,USD,,False,False,False,False,,,,,,,asos-design/asos-design-penny-loafer-with-cleated-sole-in-black/prd/210624464#colourWayId-210624468,images.asos-media.com/products/asos-design-penny-loafer-with-cleated-sole-in-black/210624464-1-black,ASOS
ASOS_210830717,210830717,ASOS DESIGN mule penny loafers with ruching in burgundy,ASOS DESIGN,Burgundy,64.99,,,,USD,,False,False,False,True,,,,,,,asos-design/asos-design-mule-penny-loafers-with-ruching-in-burgundy/prd/210830717#colourWayId-210830718,images.asos-media.com/products/asos-design-mule-penny-loafers-with-ruching-in-burgundy/210830717-1-burgundy,ASOS
ASOS_210899647,210899647,ASOS DESIGN mule sandals with cork sole in chocolate suede,ASOS DESIGN,BROWN,59.99,,,,USD,,False,False,False,False,,,,,,,asos-design/asos-design-mule-sandals-with-cork-sole-in-chocolate-suede/prd/210899647#colourWayId-210899663,images.asos-media.com/products/asos-design-mule-sandals-with-cork-sole-in-chocolate-suede/210899647-1-brown,ASOS
ASOS_210689397,210689397,Pompeii elan sala leather rubber sole sneakers in white and red,Pompeii UK,Multi,215.0,,,,USD,,False,False,False,False,,,,,,,pompeii-uk/pompeii-elan-sala-leather-rubber-sole-sneakers-in-white-and-red/prd/210689397#colourWayId-210689398,images.asos-media.com/products/pompeii-elan-sala-leather-rubber-sole-sneakers-in-white-and-red/210689397-1-multi,ASOS
ASOS_209792317,209792317,Walk London Roma saddle loafer in black leather,WALK LONDON,Black,128.0,,,,USD,,False,False,False,True,,,,,,,walk-london/walk-london-roma-saddle-loafer-in-black-leather/prd/209792317#colourWayId-209792319,images.asos-media.com/products/walk-london-roma-saddle-loafer-in-black-leather/209792317-1-black,ASOS
ASOS_210232596,210232596,Nike Air Force 1 '07 LV8 sneakers in gray,Nike,Gray,125.0,,,,USD,,False,False,False,False,,,,,,,nike/nike-air-force-1-07-lv8-sneakers-in-gray/prd/210232596#colourWayId-210232597,images.asos-media.com/products/nike-air-force-1-07-lv8-sneakers-in-gray/210232596-1-grey,ASOS
ASOS_209792236,209792236,Walk London Track saddle mules in tan suede,WALK LONDON,Tan,101.0,,,,USD,,False,False,False,False,,,,,,,walk-london/walk-london-track-saddle-mules-in-tan-suede/prd/209792236#colourWayId-209792237,images.asos-media.com/products/walk-london-track-saddle-mules-in-tan-suede/209792236-1-tan,ASOS
ASOS_209792316,209792316,Walk London Ezra Backstrap sandals in black leather,WALK LONDON,Black,101.0,,,,USD,,False,False,False,False,,,,,,,walk-london/walk-london-ezra-backstrap-sandals-in-black-leather/prd/209792316#colourWayId-209792318,images.asos-media.com/products/walk-london-ezra-backstrap-sandals-in-black-leather/209792316-1-black,ASOS
ASOS_209874760,209874760,ASOS DESIGN loafers in black leather with fringe and buckle detailing,ASOS DESIGN,Black,99.99,,,,USD,,False,False,False,False,,,,,,,asos-design/asos-design-loafers-in-black-leather-with-fringe-and-buckle-detailing/prd/209874760#colourWayId-209874763,images.asos-media.com/products/asos-design-loafers-in-black-leather-with-fringe-and-buckle-detailing/209874760-1-black,ASOS
ASOS_210331856,210331856,ASOS DESIGN lace up boat shoes in brown leather,ASOS DESIGN,BROWN,79.99,,,,USD,,False,False,False,False,,,,,,,asos-design/asos-design-lace-up-boat-shoes-in-brown-leather/prd/210331856#colourWayId-210331862,images.asos-media.com/products/asos-design-lace-up-boat-shoes-in-brown-leather/210331856-1-brown,ASOS
ASOS_210575860,210575860,ASOS DESIGN pannelled lace up sneakers with mesh detailing in beige,ASOS DESIGN,BEIGE & OFF WHITE,64.99,,,,USD,,False,False,False,False,,,,,,,asos-design/asos-design-pannelled-lace-up-sneakers-with-mesh-detailing-in-beige/prd/210575860#colourWayId-210575869,images.asos-media.com/products/asos-design-pannelled-lace-up-sneakers-with-mesh-detailing-in-beige/210575860-1-beigeoffwhite,ASOS
ASOS_210576060,210576060,ASOS DESIGN lace up sneakers with gum sole in pebbled white,ASOS DESIGN,WHITE,64.99,,,,USD,,False,False,False,False,,,,,,,asos-design/asos-design-lace-up-sneakers-with-gum-sole-in-pebbled-white/prd/210576060#colourWayId-210576063,images.asos-media.com/products/asos-design-lace-up-sneakers-with-gum-sole-in-pebbled-white/210576060-1-white,ASOS
ASOS_210576119,210576119,ASOS DESIGN lace up sports sneakers in black knit,ASOS DESIGN,Black,54.99,,,,USD,,False,False,False,False,,,,,,,asos-design/asos-design-lace-up-sports-sneakers-in-black-knit/prd/210576119#colourWayId-210576135,images.asos-media.com/products/asos-design-lace-up-sports-sneakers-in-black-knit/210576119-1-black,ASOS
ASOS_210576451,210576451,ASOS DESIGN lace up sneakers with gum sole in dark khaki suede,ASOS DESIGN,Khaki,59.99,,,,USD,,False,False,False,False,,,,,,,asos-design/asos-design-lace-up-sneakers-with-gum-sole-in-dark-khaki-suede/prd/210576451#colourWayId-210576452,images.asos-media.com/products/asos-design-lace-up-sneakers-with-gum-sole-in-dark-khaki-suede/210576451-1-khaki,ASOS
ASOS_210847027,210847027,ASOS DESIGN lace up sneakers in white with sage heel notch,ASOS DESIGN,WHITE & SAGE,59.99,,,,USD,,False,False,False,False,,,,,,,asos-design/asos-design-lace-up-sneakers-in-white-with-sage-heel-notch/prd/210847027#colourWayId-210847032,images.asos-media.com/products/asos-design-lace-up-sneakers-in-white-with-sage-heel-notch/210847027-1-whitesage,ASOS
ASOS_200513510,200513510,Nike Air Huarache sneakers in white,Nike,White,140.0,,,,USD,,False,False,False,False,,,,,,,nike/nike-air-huarache-sneakers-in-white/prd/200513510#colourWayId-200513512,images.asos-media.com/products/nike-air-huarache-sneakers-in-white/200513510-1-white,ASOS
ASOS_202330529,202330529,Nike Dunk Low Retro sneakers in black and white,Nike,Black/ white,86.5,115.0,,,USD,,False,True,False,True,,,,,,,nike/nike-dunk-low-retro-sneakers-in-black-and-white/prd/202330529#colourWayId-202330530,images.asos-media.com/products/nike-dunk-low-retro-sneakers-in-black-and-white/202330529-1-blackwhite,ASOS
ASOS_204590395,204590395,Nike Dunk Low jumbo sneakers black and white,Nike,Black,87.5,125.0,,,USD,,False,True,False,False,,,,,,,nike/nike-dunk-low-jumbo-sneakers-black-and-white/prd/204590395#colourWayId-204590412,images.asos-media.com/products/nike-dunk-low-jumbo-sneakers-black-and-white/204590395-1-black,ASOS
ASOS_205039624,205039624,Nike Air Max 90 LTR sneakers in triple white,Nike,WHITE,234.0,,,,USD,,False,False,False,False,,,,,,,nike/nike-air-max-90-ltr-sneakers-in-triple-white/prd/205039624#colourWayId-205039629,images.asos-media.com/products/nike-air-max-90-ltr-sneakers-in-triple-white/205039624-1-white,ASOS
ASOS_207058367,207058367,Nike LD-1000 unisex sneakers in red and silver,Nike,RED,70.0,100.0,,,USD,,False,True,False,False,,,,,,,nike/nike-ld-1000-unisex-sneakers-in-red-and-silver/prd/207058367#colourWayId-207058379,images.asos-media.com/products/nike-ld-1000-unisex-sneakers-in-red-and-silver/207058367-1-red,ASOS
ASOS_207272869,207272869,Reebok Campio sneakers in off-white and green,Reebok,CREAM,80.0,,,,USD,,False,False,False,False,,,,,,,reebok/reebok-campio-sneakers-in-off-white-and-green/prd/207272869#colourWayId-207272870,images.asos-media.com/products/reebok-campio-sneakers-in-off-white-and-green/207272869-1-cream,ASOS
ASOS_207869814,207869814,New Balance M1000 unisex sneakers in silver and beige,New Balance,BEIGE,112.5,149.99,,,USD,,False,True,False,False,,,,,,,new-balance/new-balance-m1000-unisex-sneakers-in-silver-and-beige/prd/207869814#colourWayId-207869815,images.asos-media.com/products/new-balance-m1000-unisex-sneakers-in-silver-and-beige/207869814-1-beige,ASOS
ASOS_207985448,207985448,New Balance 471 unisex sneakers in light pink,New Balance,BEIGE,82.5,109.99,,,USD,,False,True,False,True,,,,,,,new-balance/new-balance-471-unisex-sneakers-in-light-pink/prd/207985448#colourWayId-207985453,images.asos-media.com/products/new-balance-471-unisex-sneakers-in-light-pink/207985448-1-beige,ASOS
ASOS_208063067,208063067,Puma Palermo unisex sneakers in white and blue detail,Puma,WHITE,91.0,130.0,,,USD,,False,True,False,False,,,,,,,puma/puma-palermo-unisex-sneakers-in-white-and-blue-detail/prd/208063067#colourWayId-208063068,images.asos-media.com/products/puma-palermo-unisex-sneakers-in-white-and-blue-detail/208063067-1-white,ASOS
ASOS_209792240,209792240,Walk London Roma boat shoes in stone suede,WALK LONDON,Stone suede,128.0,,,,USD,,False,False,False,False,,,,,,,walk-london/walk-london-roma-boat-shoes-in-stone-suede/prd/209792240#colourWayId-209792245,images.asos-media.com/products/walk-london-roma-boat-shoes-in-stone-suede/209792240-1-stonesuede,ASOS
ASOS_209792242,209792242,Walk London Ezra Cross Strap Sandals in black leather,WALK LONDON,Black,101.0,,,,USD,,False,False,False,False,,,,,,,walk-london/walk-london-ezra-cross-strap-sandals-in-black-leather/prd/209792242#colourWayId-209792253,images.asos-media.com/products/walk-london-ezra-cross-strap-sandals-in-black-leather/209792242-1-black,ASOS
ASOS_209792301,209792301,Walk London Ezra Backstrap sandals in brown leather,WALK LONDON,Brown,101.0,,,,USD,,False,False,False,False,,,,,,,walk-london/walk-london-ezra-backstrap-sandals-in-brown-leather/prd/209792301#colourWayId-209792306,images.asos-media.com/products/walk-london-ezra-backstrap-sandals-in-brown-leather/209792301-1-brown,ASOS
ASOS_210389958,210389958,ASOS DESIGN penny loafers in tan leather,ASOS DESIGN,TAN,84.99,,,,USD,,False,False,False,False,,,,,,,asos-design/asos-design-penny-loafers-in-tan-leather/prd/210389958#colourWayId-210389964,images.asos-media.com/products/asos-design-penny-loafers-in-tan-leather/210389958-1-tan,ASOS
ASOS_210847830,210847830,ASOS DESIGN lace up sneakers in white with taupe heel notch,ASOS DESIGN,WHITE & TAUPE,59.99,,,,USD,,False,False,False,False,,,,,,,asos-design/asos-design-lace-up-sneakers-in-white-with-taupe-heel-notch/prd/210847830#colourWayId-210847836,images.asos-media.com/products/asos-design-lace-up-sneakers-in-white-with-taupe-heel-notch/210847830-1-whitetaupe,ASOS
ASOS_211220651,211220651,Mango real leather espadrilles in stone,Mango,STONE,119.99,,,,USD,,False,False,False,False,,,,,,,mango/mango-real-leather-espadrilles-in-stone/prd/211220651#colourWayId-211220653,images.asos-media.com/products/mango-real-leather-espadrilles-in-stone/211220651-1-stone,ASOS
ASOS_202494672,202494672,Nike Victori One slides in black,Nike,Black/white,27.75,35.0,,,USD,,False,True,False,False,,,,,,,nike/nike-victori-one-slides-in-black/prd/202494672#colourWayId-202494689,images.asos-media.com/products/nike-victori-one-slides-in-black/202494672-1-blackwhite,ASOS
ASOS_207985354,207985354,New Balance 9060 sneakers in off-white and green,New Balance,WHITE,159.99,,,,USD,,False,False,False,True,,,,,,,new-balance/new-balance-9060-sneakers-in-off-white-and-green/prd/207985354#colourWayId-207985355,images.asos-media.com/products/new-balance-9060-sneakers-in-off-white-and-green/207985354-1-white,ASOS
ASOS_208141178,208141178,New Balance 327 sneakers in beige and leopard print,New Balance,BEIGE,104.99,,,,USD,,False,False,False,False,,,,,,,new-balance/new-balance-327-sneakers-in-beige-and-leopard-print/prd/208141178#colourWayId-208141179,images.asos-media.com/products/new-balance-327-sneakers-in-beige-and-leopard-print/208141178-1-beige,ASOS
ASOS_210213044,210213044,Umbro 5V5 leather sneakers in white,Umbro,WHITE,156.0,,,,USD,,False,False,False,False,,,,,,,umbro/umbro-5v5-leather-sneakers-in-white/prd/210213044#colourWayId-210213047,images.asos-media.com/products/umbro-5v5-leather-sneakers-in-white/210213044-1-white,ASOS
ASOS_210555072,210555072,Calvin Klein leather loafers in burgundy,Calvin Klein,Bordeaux,177.0,,,,USD,,False,False,False,False,,,,,,,calvin-klein/calvin-klein-leather-loafers-in-burgundy/prd/210555072#colourWayId-210555073,images.asos-media.com/products/calvin-klein-leather-loafers-in-burgundy/210555072-1-bordeaux,ASOS
ASOS_210555108,210555108,Calvin Klein leather loafers in khaki,Calvin Klein,Desert taupe,164.0,,,,USD,,False,False,False,False,,,,,,,calvin-klein/calvin-klein-leather-loafers-in-khaki/prd/210555108#colourWayId-210555109,images.asos-media.com/products/calvin-klein-leather-loafers-in-khaki/210555108-1-deserttaupe,ASOS
ASOS_210555150,210555150,Calvin Klein chunky leather loafers in black,Calvin Klein,Triple Black,164.0,,,,USD,,False,False,False,False,,,,,,,calvin-klein/calvin-klein-chunky-leather-loafers-in-black/prd/210555150#colourWayId-210555151,images.asos-media.com/products/calvin-klein-chunky-leather-loafers-in-black/210555150-1-tripleblack,ASOS
ASOS_210555183,210555183,Calvin Klein cupsole sneakers in white and gray,Calvin Klein,Dark Ecru / White,108.0,,,,USD,,False,False,False,False,,,,,,,calvin-klein/calvin-klein-cupsole-sneakers-in-white-and-gray/prd/210555183#colourWayId-210555184,images.asos-media.com/products/calvin-klein-cupsole-sneakers-in-white-and-gray/210555183-1-dkecruwhite,ASOS
ASOS_210555192,210555192,Calvin Klein leather loafer in black,Calvin Klein,Triple Black,164.0,,,,USD,,False,False,False,False,,,,,,,calvin-klein/calvin-klein-leather-loafer-in-black/prd/210555192#colourWayId-210555193,images.asos-media.com/products/calvin-klein-leather-loafer-in-black/210555192-1-tripleblack,ASOS
ASOS_210961333,210961333,BOSS Black sandals in black,BOSS Bodywear,Black,172.0,,,,USD,,False,False,False,False,,,,,,,boss-bodywear/boss-black-sandals-in-black/prd/210961333#colourWayId-210961334,images.asos-media.com/products/boss-black-sandals-in-black/210961333-1-black,ASOS
ASOS_209874359,209874359,ASOS DESIGN light pink suede loafers with tassel trim,ASOS DESIGN,LIGHT PINK,66.5,94.99,,,USD,,False,True,False,False,,,,,,,asos-design/asos-design-light-pink-suede-loafers-with-tassel-trim/prd/209874359#colourWayId-209874366,images.asos-media.com/products/asos-design-light-pink-suede-loafers-with-tassel-trim/209874359-1-lightpink,ASOS
ASOS_209874625,209874625,ASOS DESIGN tassel loafers with cup soles in stone suedette,ASOS DESIGN,STONE,74.99,,,,USD,,False,False,False,False,,,,,,,asos-design/asos-design-tassel-loafers-with-cup-soles-in-stone-suedette/prd/209874625#colourWayId-209874659,images.asos-media.com/products/asos-design-tassel-loafers-with-cup-soles-in-stone-suedette/209874625-1-stone,ASOS
ASOS_209922827,209922827,HUGO Blue B-Cross sneakers in beige,Hugo Blue,Medium Beige,172.0,,,,USD,,False,False,False,False,,,,,,,hugo-blue/hugo-blue-b-cross-sneakers-in-beige/prd/209922827#colourWayId-209922830,images.asos-media.com/products/hugo-blue-b-cross-sneakers-in-beige/209922827-1-mediumbeige,ASOS
ASOS_210223748,210223748,ASOS DESIGN lace up boat shoes with gum soles in tan suede,ASOS DESIGN,TAN,79.99,,,,USD,,False,False,False,False,,,,,,,asos-design/asos-design-lace-up-boat-shoes-with-gum-soles-in-tan-suede/prd/210223748#colourWayId-210223755,images.asos-media.com/products/asos-design-lace-up-boat-shoes-with-gum-soles-in-tan-suede/210223748-1-tan,ASOS
ASOS_210223779,210223779,ASOS DESIGN slim loafers with knotted snaffle in brown suede,ASOS DESIGN,BROWN,56.0,79.99,,,USD,,False,True,False,False,,,,,,,asos-design/asos-design-slim-loafers-with-knotted-snaffle-in-brown-suede/prd/210223779#colourWayId-210223785,images.asos-media.com/products/asos-design-slim-loafers-with-knotted-snaffle-in-brown-suede/210223779-1-brown,ASOS
ASOS_210223965,210223965,ASOS DESIGN boat shoes with cleated sole in khaki and navy suede,ASOS DESIGN,Khaki Green and Navy,59.5,84.99,,,USD,,False,True,False,False,,,,,,,asos-design/asos-design-boat-shoes-with-cleated-sole-in-khaki-and-navy-suede/prd/210223965#colourWayId-210223969,images.asos-media.com/products/asos-design-boat-shoes-with-cleated-sole-in-khaki-and-navy-suede/210223965-1-khakiandnavy,ASOS
ASOS_210535629,210535629,Havaianas surfer coast flip flops in sand,Havaianas,Sand,63.0,,,,USD,,False,False,False,False,,,,,,,havaianas/havaianas-surfer-coast-flip-flops-in-sand/prd/210535629#colourWayId-210535630,images.asos-media.com/products/havaianas-surfer-coast-flip-flops-in-sand/210535629-1-sand,ASOS
ASOS_210535631,210535631,Havaianas double strap slides in green,Havaianas,GREEN,78.0,,,,USD,,False,False,False,False,,,,,,,havaianas/havaianas-double-strap-slides-in-green/prd/210535631#colourWayId-210535639,images.asos-media.com/products/havaianas-double-strap-slides-in-green/210535631-1-green,ASOS
ASOS_210535641,210535641,Havaianas slides in black,Havaianas,Black,63.0,,,,USD,,False,False,False,False,,,,,,,havaianas/havaianas-slides-in-black/prd/210535641#colourWayId-210535648,images.asos-media.com/products/havaianas-slides-in-black/210535641-1-black,ASOS
ASOS_209874585,209874585,ASOS DESIGN penny driver loafer in stone suede,ASOS DESIGN,STONE,74.99,,,,USD,,False,False,False,True,,,,,,,asos-design/asos-design-penny-driver-loafer-in-stone-suede/prd/209874585#colourWayId-209874586,images.asos-media.com/products/asos-design-penny-driver-loafer-in-stone-suede/209874585-1-stone,ASOS
ASOS_210131640,210131640,ASOS DESIGN paneled sneakers in taupe suede and stone leather,ASOS DESIGN,Taupe & White,56.0,79.99,,,USD,,False,True,False,False,,,,,,,asos-design/asos-design-paneled-sneakers-in-taupe-suede-and-stone-leather/prd/210131640#colourWayId-210131641,images.asos-media.com/products/asos-design-paneled-sneakers-in-taupe-suede-and-stone-leather/210131640-1-taupewhite,ASOS
ASOS_210457818,210457818,adidas Originals Samba OG sneakers in khaki croc,adidas Originals,Khaki,110.0,,,,USD,,False,False,False,False,,,,,,,adidas-originals/adidas-originals-samba-og-sneakers-in-khaki-croc/prd/210457818#colourWayId-210457823,images.asos-media.com/products/adidas-originals-samba-og-sneakers-in-khaki-croc/210457818-1-khaki,ASOS
ASOS_210899776,210899776,NOAK made In Portugal penny loafers with coin detail and raffia apron in black leather,Noak,BLACK & WHITE RAFFIA,135.0,,,,USD,,False,False,False,False,,,,,,,noak/noak-made-in-portugal-penny-loafers-with-coin-detail-and-raffia-apron-in-black-leather/prd/210899776#colourWayId-210899786,images.asos-media.com/products/noak-made-in-portugal-penny-loafers-with-coin-detail-and-raffia-apron-in-black-leather/210899776-1-blackwhiteraffia,ASOS
ASOS_211192447,211192447,Mango real suede driver shoes in tan,Mango,TAN,119.99,,,,USD,,False,False,False,False,,,,,,,mango/mango-real-suede-driver-shoes-in-tan/prd/211192447#colourWayId-211192453,images.asos-media.com/products/mango-real-suede-driver-shoes-in-tan/211192447-1-tan,ASOS
ASOS_209792349,209792349,Walk London Roma boat shoe in tan suede,WALK LONDON,Tan,128.0,,,,USD,,False,False,False,False,,,,,,,walk-london/walk-london-roma-boat-shoe-in-tan-suede/prd/209792349#colourWayId-209792358,images.asos-media.com/products/walk-london-roma-boat-shoe-in-tan-suede/209792349-1-tan,ASOS
ASOS_209874304,209874304,ASOS DESIGN penny loafers with snaffle detail in stone hairy suede,ASOS DESIGN,STONE,79.99,,,,USD,,False,False,False,False,,,,,,,asos-design/asos-design-penny-loafers-with-snaffle-detail-in-stone-hairy-suede/prd/209874304#colourWayId-209874307,images.asos-media.com/products/asos-design-penny-loafers-with-snaffle-detail-in-stone-hairy-suede/209874304-1-stone,ASOS
ASOS_210223751,210223751,ASOS DESIGN lace up derby shoes in black leather,ASOS DESIGN,Black,99.99,,,,USD,,False,False,False,False,,,,,,,asos-design/asos-design-lace-up-derby-shoes-in-black-leather/prd/210223751#colourWayId-210223767,images.asos-media.com/products/asos-design-lace-up-derby-shoes-in-black-leather/210223751-1-black,ASOS
ASOS_210223780,210223780,ASOS DESIGN lace up brogue shoes in tan polished leather,ASOS DESIGN,TAN,109.0,,,,USD,,False,False,False,False,,,,,,,asos-design/asos-design-lace-up-brogue-shoes-in-tan-polished-leather/prd/210223780#colourWayId-210223788,images.asos-media.com/products/asos-design-lace-up-brogue-shoes-in-tan-polished-leather/210223780-1-tan,ASOS
ASOS_210223953,210223953,ASOS DESIGN lace up derby shoes in brown leather,ASOS DESIGN,BROWN,99.99,,,,USD,,False,False,False,False,,,,,,,asos-design/asos-design-lace-up-derby-shoes-in-brown-leather/prd/210223953#colourWayId-210223954,images.asos-media.com/products/asos-design-lace-up-derby-shoes-in-brown-leather/210223953-1-brown,ASOS
ASOS_210555123,210555123,Calvin Klein runner sneakers in gray and navy,Calvin Klein,Gray/teal,139.0,,,,USD,,False,False,False,False,,,,,,,calvin-klein/calvin-klein-runner-sneakers-in-gray-and-navy/prd/210555123#colourWayId-210555124,images.asos-media.com/products/calvin-klein-runner-sneakers-in-gray-and-navy/210555123-1-grayteal,ASOS
ASOS_210555138,210555138,Calvin Klein classic cupsole sneakers in white,Calvin Klein,Bright White,114.0,,,,USD,,False,False,False,True,,,,,,,calvin-klein/calvin-klein-classic-cupsole-sneakers-in-white/prd/210555138#colourWayId-210555139,images.asos-media.com/products/calvin-klein-classic-cupsole-sneakers-in-white/210555138-1-brightwhite,ASOS
ASOS_210576278,210576278,ASOS DESIGN cuban heeled chelsea boots with buckle detail in taupe,ASOS DESIGN,Taupe,94.99,,,,USD,,False,False,False,False,,,,,,,asos-design/asos-design-cuban-heeled-chelsea-boots-with-buckle-detail-in-taupe/prd/210576278#colourWayId-210576282,images.asos-media.com/products/asos-design-cuban-heeled-chelsea-boots-with-buckle-detail-in-taupe/210576278-1-taupe,ASOS
ASOS_210457080,210457080,adidas Stan Smith sneakers in white and green,adidas Originals,WHITE,100.0,,,,USD,,False,False,False,False,,,,,,,adidas-originals/adidas-stan-smith-sneakers-in-white-and-green/prd/210457080#colourWayId-210457085,images.asos-media.com/products/adidas-stan-smith-sneakers-in-white-and-green/210457080-1-white,ASOS
ASOS_210291640,210291640,BOSS aryeh slides in white,BOSS Orange,Natural,85.0,,,,USD,,False,False,False,False,,,,,,,boss-orange/boss-aryeh-slides-in-white/prd/210291640#colourWayId-210291642,images.asos-media.com/products/boss-aryeh-slides-in-white/210291640-1-natural,ASOS
ASOS_210396526,210396526,Jack & Jones suede flip flops in khaki,Jack & Jones,Olive night,44.95,,,,USD,,False,False,False,False,,,,,,,jack-jones/jack-jones-suede-flip-flops-in-khaki/prd/210396526#colourWayId-210396530,images.asos-media.com/products/jack-jones-suede-flip-flops-in-khaki/210396526-1-olivenight,ASOS
ASOS_210442535,210442535,adidas Running Adizero Evo SL sneakers in off white and brown,adidas performance,IVORY,150.0,,,,USD,,False,False,False,False,,,,,,,adidas-performance/adidas-running-adizero-evo-sl-sneakers-in-off-white-and-brown/prd/210442535#colourWayId-210442538,images.asos-media.com/products/adidas-running-adizero-evo-sl-sneakers-in-off-white-and-brown/210442535-1-ivory,ASOS
ASOS_210442647,210442647,adidas Running Adizero Evo SL sneakers in gray and silver,adidas performance,Gray,150.0,,,,USD,,False,False,False,False,,,,,,,adidas-performance/adidas-running-adizero-evo-sl-sneakers-in-gray-and-silver/prd/210442647#colourWayId-210442655,images.asos-media.com/products/adidas-running-adizero-evo-sl-sneakers-in-gray-and-silver/210442647-1-grey,ASOS
ASOS_210456979,210456979,adidas Originals Samba OG sneakers in burgundy and off-white croc,adidas Originals,Burgundy,110.0,,,,USD,,False,False,False,False,,,,,,,adidas-originals/adidas-originals-samba-og-sneakers-in-burgundy-and-off-white-croc/prd/210456979#colourWayId-210456989,images.asos-media.com/products/adidas-originals-samba-og-sneakers-in-burgundy-and-off-white-croc/210456979-1-burgundy,ASOS
ASOS_210396563,210396563,Jack & Jones suede flip flops in dark brown,Jack & Jones,Java,44.95,,,,USD,,False,False,False,False,,,,,,,jack-jones/jack-jones-suede-flip-flops-in-dark-brown/prd/210396563#colourWayId-210396576,images.asos-media.com/products/jack-jones-suede-flip-flops-in-dark-brown/210396563-1-java,ASOS
ASOS_210457532,210457532,adidas Originals Samba OG sneakers in black and off-white croc,adidas Originals,Black,110.0,,,,USD,,False,False,False,False,,,,,,,adidas-originals/adidas-originals-samba-og-sneakers-in-black-and-off-white-croc/prd/210457532#colourWayId-210457541,images.asos-media.com/products/adidas-originals-samba-og-sneakers-in-black-and-off-white-croc/210457532-1-black,ASOS
ASOS_209778657,209778657,AllSaints Skiff chelsea boots in black,AllSaints,Black,309.0,,,,USD,,False,False,False,False,,,,,,,allsaints/allsaints-skiff-chelsea-boots-in-black/prd/209778657#colourWayId-209778666,images.asos-media.com/products/allsaints-skiff-chelsea-boots-in-black/209778657-1-black,ASOS
ASOS_210915330,210915330,NOAK made in Portugal loafers with tassel trim in burgundy leather,Noak,Burgundy,120.0,,,,USD,,False,False,False,False,,,,,,,noak/noak-made-in-portugal-loafers-with-tassel-trim-in-burgundy-leather/prd/210915330#colourWayId-210915331,images.asos-media.com/products/noak-made-in-portugal-loafers-with-tassel-trim-in-burgundy-leather/210915330-1-burgundy,ASOS
ASOS_210442748,210442748,adidas Running Adizero Evo SL Exo sneakers in black and silver,adidas performance,Black,150.0,,,,USD,,False,False,False,False,,,,,,,adidas-performance/adidas-running-adizero-evo-sl-exo-sneakers-in-black-and-silver/prd/210442748#colourWayId-210442763,images.asos-media.com/products/adidas-running-adizero-evo-sl-exo-sneakers-in-black-and-silver/210442748-1-black,ASOS
ASOS_210519148,210519148,Tommy Hilfiger premium leather / suede basket sneakers in ecru,Tommy Hilfiger,ecru,147.0,,,,USD,,False,False,False,False,,,,,,,tommy-hilfiger/tommy-hilfiger-premium-leather-suede-basket-sneakers-in-ecru/prd/210519148#colourWayId-210519150,images.asos-media.com/products/tommy-hilfiger-premium-leather-suede-basket-sneakers-in-ecru/210519148-1-ecru,ASOS
ASOS_210519164,210519164,Tommy Hilfiger flexible suede tassel loafers in ginger brown,Tommy Hilfiger,Coconut Grove,220.0,,,,USD,,False,False,False,False,,,,,,,tommy-hilfiger/tommy-hilfiger-flexible-suede-tassel-loafers-in-ginger-brown/prd/210519164#colourWayId-210519169,images.asos-media.com/products/tommy-hilfiger-flexible-suede-tassel-loafers-in-ginger-brown/210519164-1-coconutgrove,ASOS
ASOS_210899913,210899913,NOAK made in Portugal penny loafers with branded metal hardware in brown leather,Noak,BROWN,120.0,,,,USD,,False,False,False,False,,,,,,,noak/noak-made-in-portugal-penny-loafers-with-branded-metal-hardware-in-brown-leather/prd/210899913#colourWayId-210899919,images.asos-media.com/products/noak-made-in-portugal-penny-loafers-with-branded-metal-hardware-in-brown-leather/210899913-1-brown,ASOS
ASOS_209976187,209976187,SEQWL Marina slides in taupe faux suede,SEQWL,Taupe Suede,32.0,,,,USD,,False,False,False,False,,,,,,,seqwl/seqwl-marina-slides-in-taupe-faux-suede/prd/209976187#colourWayId-209976190,images.asos-media.com/products/seqwl-marina-slides-in-taupe-faux-suede/209976187-1-taupesuede,ASOS
ASOS_209976219,209976219,SEQWL Marina slides in black PU,SEQWL,Black PU,32.0,,,,USD,,False,False,False,False,,,,,,,seqwl/seqwl-marina-slides-in-black-pu/prd/209976219#colourWayId-209976225,images.asos-media.com/products/seqwl-marina-slides-in-black-pu/209976219-1-blackpu,ASOS
ASOS_209976369,209976369,SEQWL Marina slides in chocolate faux suede,SEQWL,Choc suede,32.0,,,,USD,,False,False,False,False,,,,,,,seqwl/seqwl-marina-slides-in-chocolate-faux-suede/prd/209976369#colourWayId-209976388,images.asos-media.com/products/seqwl-marina-slides-in-chocolate-faux-suede/209976369-1-chocsuede,ASOS
ASOS_210206982,210206982,HUGO Red logo detail sneakers in black,Hugo Red,Black,241.0,,,,USD,,False,False,False,False,,,,,,,hugo-red/hugo-red-logo-detail-sneakers-in-black/prd/210206982#colourWayId-210206989,images.asos-media.com/products/hugo-red-logo-detail-sneakers-in-black/210206982-1-black,ASOS
ASOS_210576104,210576104,ASOS DESIGN cuban heeled chelsea boots in black croc,ASOS DESIGN,BLACK CROC,89.99,,,,USD,,False,False,False,True,,,,,,,asos-design/asos-design-cuban-heeled-chelsea-boots-in-black-croc/prd/210576104#colourWayId-210576105,images.asos-media.com/products/asos-design-cuban-heeled-chelsea-boots-in-black-croc/210576104-1-blackcroc,ASOS
ASOS_210576550,210576550,ASOS DESIGN chelsea boots with cleated sole in black,ASOS DESIGN,Black,84.99,,,,USD,,False,False,False,False,,,,,,,asos-design/asos-design-chelsea-boots-with-cleated-sole-in-black/prd/210576550#colourWayId-210576551,images.asos-media.com/products/asos-design-chelsea-boots-with-cleated-sole-in-black/210576550-1-black,ASOS
ASOS_210899885,210899885,Noak made in Portugal mule sandals in stone suede,Noak,STONE,120.0,,,,USD,,False,False,False,False,,,,,,,noak/noak-made-in-portugal-mule-sandals-in-stone-suede/prd/210899885#colourWayId-210899887,images.asos-media.com/products/noak-made-in-portugal-mule-sandals-in-stone-suede/210899885-1-stone,ASOS
ASOS_210899886,210899886,NOAK made In Portugal boat shoes with cleated soles in beige suede,Noak,BEIGE,120.0,,,,USD,,False,False,False,False,,,,,,,noak/noak-made-in-portugal-boat-shoes-with-cleated-soles-in-beige-suede/prd/210899886#colourWayId-210899890,images.asos-media.com/products/noak-made-in-portugal-boat-shoes-with-cleated-soles-in-beige-suede/210899886-1-beige,ASOS
ASOS_210520838,210520838,adidas Originals Ghost Sprint sneakers in beige,adidas Originals,BEIGE,110.0,,,,USD,,False,False,False,False,,,,,,,adidas-originals/adidas-originals-ghost-sprint-sneakers-in-beige/prd/210520838#colourWayId-210520848,images.asos-media.com/products/adidas-originals-ghost-sprint-sneakers-in-beige/210520838-1-beige,ASOS
ASOS_210521047,210521047,adidas Originals Ghost Sprint sneakers in silver,adidas Originals,SILVER,110.0,,,,USD,,False,False,False,False,,,,,,,adidas-originals/adidas-originals-ghost-sprint-sneakers-in-silver/prd/210521047#colourWayId-210521052,images.asos-media.com/products/adidas-originals-ghost-sprint-sneakers-in-silver/210521047-1-silver,ASOS
ASOS_210899701,210899701,NOAK Made In Portugal paneled lace up sneakers in stone suede,Noak,STONE,105.0,,,,USD,,False,False,False,False,,,,,,,noak/noak-made-in-portugal-paneled-lace-up-sneakers-in-stone-suede/prd/210899701#colourWayId-210899705,images.asos-media.com/products/noak-made-in-portugal-paneled-lace-up-sneakers-in-stone-suede/210899701-1-stone,ASOS
ASOS_210899736,210899736,NOAK made in Portugal penny loafers with branded metal hardware in black leather,Noak,Black,120.0,,,,USD,,False,False,False,False,,,,,,,noak/noak-made-in-portugal-penny-loafers-with-branded-metal-hardware-in-black-leather/prd/210899736#colourWayId-210899741,images.asos-media.com/products/noak-made-in-portugal-penny-loafers-with-branded-metal-hardware-in-black-leather/210899736-1-black,ASOS
ASOS_210899909,210899909,NOAK Made In Portugal paneled lace up sneakers in taupe suede,Noak,Taupe,105.0,,,,USD,,False,False,False,False,,,,,,,noak/noak-made-in-portugal-paneled-lace-up-sneakers-in-taupe-suede/prd/210899909#colourWayId-210899910,images.asos-media.com/products/noak-made-in-portugal-paneled-lace-up-sneakers-in-taupe-suede/210899909-1-taupe,ASOS
ASOS_209815881,209815881,Nike Ava X sneakers in white,Nike,WHITE,125.0,,,,USD,,False,False,False,False,,,,,,,nike/nike-ava-x-sneakers-in-white/prd/209815881#colourWayId-209815885,images.asos-media.com/products/nike-ava-x-sneakers-in-white/209815881-1-white,ASOS
ASOS_210457580,210457580,adidas Originals Samba OG sneakers in beige and white,adidas Originals,BEIGE,100.0,,,,USD,,False,False,False,False,,,,,,,adidas-originals/adidas-originals-samba-og-sneakers-in-beige-and-white/prd/210457580#colourWayId-210457596,images.asos-media.com/products/adidas-originals-samba-og-sneakers-in-beige-and-white/210457580-1-beige,ASOS
ASOS_210764969,210764969,Jack & Jones leather boat shoes in black,Jack & Jones,Black,113.0,,,,USD,,False,False,False,False,,,,,,,jack-jones/jack-jones-leather-boat-shoes-in-black/prd/210764969#colourWayId-210764972,images.asos-media.com/products/jack-jones-leather-boat-shoes-in-black/210764969-1-black,ASOS
ASOS_209614505,209614505,Nike ReactX Rejuven8 clogs in blue,Nike,MID BLUE,60.0,75.0,,,USD,,False,True,False,True,,,,,,,nike/nike-reactx-rejuven8-clogs-in-blue/prd/209614505#colourWayId-209614537,images.asos-media.com/products/nike-reactx-rejuven8-clogs-in-blue/209614505-1-midblue,ASOS
ASOS_209816019,209816019,Nike Air Max Moto 2K sneakers in white and blue,Nike,WHITE,135.0,,,,USD,,False,False,False,False,,,,,,,nike/nike-air-max-moto-2k-sneakers-in-white-and-blue/prd/209816019#colourWayId-209816029,images.asos-media.com/products/nike-air-max-moto-2k-sneakers-in-white-and-blue/209816019-1-white,ASOS
ASOS_210097764,210097764,ASOS DESIGN cross over sandals in black leather,ASOS DESIGN,Black,59.99,,,,USD,,False,False,False,False,,,,,,,asos-design/asos-design-cross-over-sandals-in-black-leather/prd/210097764#colourWayId-210097767,images.asos-media.com/products/asos-design-cross-over-sandals-in-black-leather/210097764-1-black,ASOS
ASOS_210223883,210223883,ASOS DESIGN lace up boat shoes with gum soles in khaki-green suede,ASOS DESIGN,Khaki,79.99,,,,USD,,False,False,False,False,,,,,,,asos-design/asos-design-lace-up-boat-shoes-with-gum-soles-in-khaki-green-suede/prd/210223883#colourWayId-210223884,images.asos-media.com/products/asos-design-lace-up-boat-shoes-with-gum-soles-in-khaki-green-suede/210223883-1-khaki,ASOS
ASOS_210765112,210765112,Jack & Jones leather boat shoes in dark brown,Jack & Jones,Chocolate Brown,113.0,,,,USD,,False,False,False,False,,,,,,,jack-jones/jack-jones-leather-boat-shoes-in-dark-brown/prd/210765112#colourWayId-210765113,images.asos-media.com/products/jack-jones-leather-boat-shoes-in-dark-brown/210765112-1-chocolatebrown,ASOS
ASOS_209815686,209815686,Nike Air Force 1 '07 LV8 Denim sneakers in blue,Nike,MID BLUE,87.5,125.0,,,USD,,False,True,False,False,,,,,,,nike/nike-air-force-1-07-lv8-denim-sneakers-in-blue/prd/209815686#colourWayId-209815689,images.asos-media.com/products/nike-air-force-1-07-lv8-denim-sneakers-in-blue/209815686-1-midblue,ASOS
ASOS_209815782,209815782,Nike V5 RNR sneakers with metallic detail in white and brown,Nike,BROWN,76.97,95.0,,,USD,,False,True,False,True,,,,,,,nike/nike-v5-rnr-sneakers-with-metallic-detail-in-white-and-brown/prd/209815782#colourWayId-209815785,images.asos-media.com/products/nike-v5-rnr-sneakers-with-metallic-detail-in-white-and-brown/209815782-1-brown,ASOS
ASOS_210398167,210398167,ONLY & SONS faux suede mule sandals in black,ONLY & SONS,Black,58.0,,,,USD,,False,False,False,False,,,,,,,only-sons/only-sons-faux-suede-mule-sandals-in-black/prd/210398167#colourWayId-210398168,images.asos-media.com/products/only-sons-faux-suede-mule-sandals-in-black/210398167-1-black,ASOS
ASOS_210519187,210519187,Tommy Hilfiger premium leather boat shoes in tan,Tommy Hilfiger,Ginger Clay,191.0,,,,USD,,False,False,False,False,,,,,,,tommy-hilfiger/tommy-hilfiger-premium-leather-boat-shoes-in-tan/prd/210519187#colourWayId-210519191,images.asos-media.com/products/tommy-hilfiger-premium-leather-boat-shoes-in-tan/210519187-1-gingerclay,ASOS
ASOS_210519190,210519190,Tommy Hilfiger suede loafers in navy,Tommy Hilfiger,Navy,191.0,,,,USD,,False,False,False,False,,,,,,,tommy-hilfiger/tommy-hilfiger-suede-loafers-in-navy/prd/210519190#colourWayId-210519198,images.asos-media.com/products/tommy-hilfiger-suede-loafers-in-navy/210519190-1-navy,ASOS
ASOS_210535430,210535430,Tommy Jeans cup sole premium leather sneakers in off-white,Tommy Jeans,Ivory,131.0,,,,USD,,False,False,False,False,,,,,,,tommy-jeans/tommy-jeans-cup-sole-premium-leather-sneakers-in-off-white/prd/210535430#colourWayId-210535431,images.asos-media.com/products/tommy-jeans-cup-sole-premium-leather-sneakers-in-off-white/210535430-1-ivory,ASOS
ASOS_210535503,210535503,Tommy Jeans archive vulc y2k boat shoes in black,Tommy Jeans,Black,160.0,,,,USD,,False,False,False,False,,,,,,,tommy-jeans/tommy-jeans-archive-vulc-y2k-boat-shoes-in-black/prd/210535503#colourWayId-210535504,images.asos-media.com/products/tommy-jeans-archive-vulc-y2k-boat-shoes-in-black/210535503-1-black,ASOS
ASOS_210535515,210535515,Tommy Jeans greenwich suede sneakers in beige,Tommy Jeans,Gentle Gold,146.0,,,,USD,,False,False,False,False,,,,,,,tommy-jeans/tommy-jeans-greenwich-suede-sneakers-in-beige/prd/210535515#colourWayId-210535516,images.asos-media.com/products/tommy-jeans-greenwich-suede-sneakers-in-beige/210535515-1-gentlegold,ASOS
ASOS_210555165,210555165,Calvin Klein suede cupsole sneakers in mustard,Calvin Klein,Cumin,139.0,,,,USD,,False,False,False,False,,,,,,,calvin-klein/calvin-klein-suede-cupsole-sneakers-in-mustard/prd/210555165#colourWayId-210555166,images.asos-media.com/products/calvin-klein-suede-cupsole-sneakers-in-mustard/210555165-1-cumin,ASOS
ASOS_210555201,210555201,Calvin Klein cupsole sneakers with embossed logo in white,Calvin Klein,White,114.0,,,,USD,,False,False,False,False,,,,,,,calvin-klein/calvin-klein-cupsole-sneakers-with-embossed-logo-in-white/prd/210555201#colourWayId-210555202,images.asos-media.com/products/calvin-klein-cupsole-sneakers-with-embossed-logo-in-white/210555201-1-white,ASOS
ASOS_210788673,210788673,AllSaints Saints & Sinners logo slides in white,AllSaints,WHITE,108.0,,,,USD,,False,False,False,False,,,,,,,allsaints/allsaints-saints-sinners-logo-slides-in-white/prd/210788673#colourWayId-210788675,images.asos-media.com/products/allsaints-saints-sinners-logo-slides-in-white/210788673-1-white,ASOS
ASOS_210014901,210014901,Nike Vomero Plus sneakers in white and metallic gray,Nike,WHITE,180.0,,,,USD,,False,False,False,False,,,,,,,nike/nike-vomero-plus-sneakers-in-white-and-metallic-gray/prd/210014901#colourWayId-210014912,images.asos-media.com/products/nike-vomero-plus-sneakers-in-white-and-metallic-gray/210014901-1-white,ASOS
ASOS_210370552,210370552,Schuh Risk loafers in tan suede,Schuh,Tan Suede,87.0,,,,USD,,False,False,False,False,,,,,,,schuh/schuh-risk-loafers-in-tan-suede/prd/210370552#colourWayId-210370553,images.asos-media.com/products/schuh-risk-loafers-in-tan-suede/210370552-1-tansuede,ASOS
ASOS_210398183,210398183,ONLY & SONS faux suede mule sandals in light brown,ONLY & SONS,Light Brown,58.0,,,,USD,,False,False,False,False,,,,,,,only-sons/only-sons-faux-suede-mule-sandals-in-light-brown/prd/210398183#colourWayId-210398184,images.asos-media.com/products/only-sons-faux-suede-mule-sandals-in-light-brown/210398183-1-lightbrown,ASOS
ASOS_210398281,210398281,ONLY & SONS faux suede mule sandals in khaki,ONLY & SONS,Khaki,58.0,,,,USD,,False,False,False,False,,,,,,,only-sons/only-sons-faux-suede-mule-sandals-in-khaki/prd/210398281#colourWayId-210398282,images.asos-media.com/products/only-sons-faux-suede-mule-sandals-in-khaki/210398281-1-khaki,ASOS
ASOS_210398329,210398329,ONLY & SONS faux suede mule sandals in chocolate,ONLY & SONS,Chocolate Brown,58.0,,,,USD,,False,False,False,False,,,,,,,only-sons/only-sons-faux-suede-mule-sandals-in-chocolate/prd/210398329#colourWayId-210398330,images.asos-media.com/products/only-sons-faux-suede-mule-sandals-in-chocolate/210398329-1-chocolatebrown,ASOS
ASOS_209815688,209815688,Nike Waffle Racer sneakers in white and red,Nike,RED,95.0,,,,USD,,False,False,False,False,,,,,,,nike/nike-waffle-racer-sneakers-in-white-and-red/prd/209815688#colourWayId-209815690,images.asos-media.com/products/nike-waffle-racer-sneakers-in-white-and-red/209815688-1-red,ASOS
ASOS_210159625,210159625,Schuh Percy tassel boat shoe in taupe suede,Schuh,Taupe Suede,96.0,,,,USD,,False,False,False,False,,,,,,,schuh/schuh-percy-tassel-boat-shoe-in-taupe-suede/prd/210159625#colourWayId-210159638,images.asos-media.com/products/schuh-percy-tassel-boat-shoe-in-taupe-suede/210159625-1-taupesuede,ASOS
ASOS_210899720,210899720,NOAK made In Portugal penny loafers with landscape graphic in black leather,Noak,Black,135.0,,,,USD,,False,False,False,False,,,,,,,noak/noak-made-in-portugal-penny-loafers-with-landscape-graphic-in-black-leather/prd/210899720#colourWayId-210899724,images.asos-media.com/products/noak-made-in-portugal-penny-loafers-with-landscape-graphic-in-black-leather/210899720-1-black,ASOS
ASOS_210899723,210899723,NOAK Made In Portugal retro lace up sneakers in white leather,Noak,WHITE,120.0,,,,USD,,False,False,False,False,,,,,,,noak/noak-made-in-portugal-retro-lace-up-sneakers-in-white-leather/prd/210899723#colourWayId-210899732,images.asos-media.com/products/noak-made-in-portugal-retro-lace-up-sneakers-in-white-leather/210899723-1-white,ASOS
ASOS_210899873,210899873,NOAK made In Portugal penny loafers with coin detail in brown and cream leather,Noak,Brown & cream,130.0,,,,USD,,False,False,False,True,,,,,,,noak/noak-made-in-portugal-penny-loafers-with-coin-detail-in-brown-and-cream-leather/prd/210899873#colourWayId-210899875,images.asos-media.com/products/noak-made-in-portugal-penny-loafers-with-coin-detail-in-brown-and-cream-leather/210899873-1-browncream,ASOS
ASOS_210899920,210899920,NOAK made In Portugal penny loafers with branded snaffle in stone suede,Noak,TWO TONE BEIGE,130.0,,,,USD,,False,False,False,False,,,,,,,noak/noak-made-in-portugal-penny-loafers-with-branded-snaffle-in-stone-suede/prd/210899920#colourWayId-210899928,images.asos-media.com/products/noak-made-in-portugal-penny-loafers-with-branded-snaffle-in-stone-suede/210899920-1-twotonebeige,ASOS
ASOS_210915339,210915339,Noak made in Portugal loafers with ruched apron in tan suede,Noak,Tan Suede,110.0,,,,USD,,False,False,False,False,,,,,,,noak/noak-made-in-portugal-loafers-with-ruched-apron-in-tan-suede/prd/210915339#colourWayId-210915340,images.asos-media.com/products/noak-made-in-portugal-loafers-with-ruched-apron-in-tan-suede/210915339-1-tansuede,ASOS
ASOS_210048146,210048146,ASOS DESIGN penny loafers with cleated sole in black tumbled leather,ASOS DESIGN,Black,89.99,,,,USD,,False,False,False,False,,,,,,,asos-design/asos-design-penny-loafers-with-cleated-sole-in-black-tumbled-leather/prd/210048146#colourWayId-210048148,images.asos-media.com/products/asos-design-penny-loafers-with-cleated-sole-in-black-tumbled-leather/210048146-1-black,ASOS
ASOS_210370525,210370525,schuh Rico loafers in tan suede,Schuh,Tan Suede,87.0,,,,USD,,False,False,False,False,,,,,,,schuh/schuh-rico-loafers-in-tan-suede/prd/210370525#colourWayId-210370527,images.asos-media.com/products/schuh-rico-loafers-in-tan-suede/210370525-1-tansuede,ASOS
ASOS_210370543,210370543,Schuh Swift double buckle sandals in black leather,Schuh,Black Leather,70.0,,,,USD,,False,False,False,False,,,,,,,schuh/schuh-swift-double-buckle-sandals-in-black-leather/prd/210370543#colourWayId-210370544,images.asos-media.com/products/schuh-swift-double-buckle-sandals-in-black-leather/210370543-1-blackleahter,ASOS
ASOS_210390274,210390274,ASOS DESIGN penny loafers with ruched apron in black leather,ASOS DESIGN,Black,89.99,,,,USD,,False,False,False,False,,,,,,,asos-design/asos-design-penny-loafers-with-ruched-apron-in-black-leather/prd/210390274#colourWayId-210390277,images.asos-media.com/products/asos-design-penny-loafers-with-ruched-apron-in-black-leather/210390274-1-black,ASOS
ASOS_209879738,209879738,ASOS DESIGN mules in black leather,ASOS DESIGN,Black,69.99,,,,USD,,False,False,False,True,,,,,,,asos-design/asos-design-mules-in-black-leather/prd/209879738#colourWayId-209879746,images.asos-media.com/products/asos-design-mules-in-black-leather/209879738-1-black,ASOS
ASOS_209894128,209894128,ASOS DESIGN mules in stone suede,ASOS DESIGN,STONE,69.99,,,,USD,,False,False,False,False,,,,,,,asos-design/asos-design-mules-in-stone-suede/prd/209894128#colourWayId-209894129,images.asos-media.com/products/asos-design-mules-in-stone-suede/209894128-1-stone,ASOS
ASOS_210299902,210299902,ASOS DESIGN woven fisherman sandals in tan leather,ASOS DESIGN,TAN,64.99,,,,USD,,False,False,False,True,,,,,,,asos-design/asos-design-woven-fisherman-sandals-in-tan-leather/prd/210299902#colourWayId-210299907,images.asos-media.com/products/asos-design-woven-fisherman-sandals-in-tan-leather/210299902-1-tan,ASOS
ASOS_210299929,210299929,ASOS DESIGN woven fisherman sandals in brown leather,ASOS DESIGN,BROWN,64.99,,,,USD,,False,False,False,True,,,,,,,asos-design/asos-design-woven-fisherman-sandals-in-brown-leather/prd/210299929#colourWayId-210299933,images.asos-media.com/products/asos-design-woven-fisherman-sandals-in-brown-leather/210299929-1-brown,ASOS
ASOS_210370507,210370507,schuh Rico loafers in choc suede,Schuh,Choc suede,87.0,,,,USD,,False,False,False,False,,,,,,,schuh/schuh-rico-loafers-in-choc-suede/prd/210370507#colourWayId-210370509,images.asos-media.com/products/schuh-rico-loafers-in-choc-suede/210370507-1-chocsuede,ASOS
ASOS_210398135,210398135,ONLY & SONS faux suede clogs with buckle in chocolate,ONLY & SONS,Chocolate Brown,58.0,,,,USD,,False,False,False,False,,,,,,,only-sons/only-sons-faux-suede-clogs-with-buckle-in-chocolate/prd/210398135#colourWayId-210398136,images.asos-media.com/products/only-sons-faux-suede-clogs-with-buckle-in-chocolate/210398135-1-chocolatebrown,ASOS
ASOS_210332017,210332017,ASOS DESIGN penny loafers in faux snakeskin,ASOS DESIGN,SNAKE,64.99,,,,USD,,False,False,False,False,,,,,,,asos-design/asos-design-penny-loafers-in-faux-snakeskin/prd/210332017#colourWayId-210332046,images.asos-media.com/products/asos-design-penny-loafers-in-faux-snakeskin/210332017-1-snake,ASOS
ASOS_210332075,210332075,ASOS DESIGN penny loafers in green faux croc,ASOS DESIGN,GREEN CROC,64.99,,,,USD,,False,False,False,True,,,,,,,asos-design/asos-design-penny-loafers-in-green-faux-croc/prd/210332075#colourWayId-210332082,images.asos-media.com/products/asos-design-penny-loafers-in-green-faux-croc/210332075-1-greencroc,ASOS
ASOS_210370508,210370508,schuh Sabe footbed sandals in black,Schuh,Black,49.0,,,,USD,,False,False,False,False,,,,,,,schuh/schuh-sabe-footbed-sandals-in-black/prd/210370508#colourWayId-210370510,images.asos-media.com/products/schuh-sabe-footbed-sandals-in-black/210370508-1-black,ASOS
ASOS_210370526,210370526,schuh Sabe footbed sandals in nautral,Schuh,Natural,49.0,,,,USD,,False,False,False,False,,,,,,,schuh/schuh-sabe-footbed-sandals-in-nautral/prd/210370526#colourWayId-210370529,images.asos-media.com/products/schuh-sabe-footbed-sandals-in-nautral/210370526-1-natural,ASOS
ASOS_210464823,210464823,ASOS DESIGN monk shoes in brown,ASOS DESIGN,BROWN,54.99,,,,USD,,False,False,False,False,,,,,,,asos-design/asos-design-monk-shoes-in-brown/prd/210464823#colourWayId-210464838,images.asos-media.com/products/asos-design-monk-shoes-in-brown/210464823-1-brown,ASOS
ASOS_210078761,210078761,Tommy Jeans real suede mule sandals in black,Tommy Jeans,Black,146.0,,,,USD,,False,False,False,False,,,,,,,tommy-jeans/tommy-jeans-real-suede-mule-sandals-in-black/prd/210078761#colourWayId-210078762,images.asos-media.com/products/tommy-jeans-real-suede-mule-sandals-in-black/210078761-1-black,ASOS
ASOS_210331949,210331949,ASOS DESIGN running sneakers in white with gray paneling,ASOS DESIGN,Gray and white,69.99,,,,USD,,False,False,False,False,,,,,,,asos-design/asos-design-running-sneakers-in-white-with-gray-paneling/prd/210331949#colourWayId-210331956,images.asos-media.com/products/asos-design-running-sneakers-in-white-with-gray-paneling/210331949-1-greyandwhite,ASOS
ASOS_210331951,210331951,ASOS DESIGN penny loafers with fringe and coin detail in brown,ASOS DESIGN,BROWN,69.99,,,,USD,,False,False,False,False,,,,,,,asos-design/asos-design-penny-loafers-with-fringe-and-coin-detail-in-brown/prd/210331951#colourWayId-210331957,images.asos-media.com/products/asos-design-penny-loafers-with-fringe-and-coin-detail-in-brown/210331951-1-brown,ASOS
ASOS_210569609,210569609,ASOS COLLECTIVE Made In Portugal lace up premium leather and suede sneakers in beige,ASOS COLLECTIVE,Off-white,149.0,,,,USD,,False,False,False,False,,,,,,,asos-collective/asos-collective-made-in-portugal-lace-up-premium-leather-and-suede-sneakers-in-beige/prd/210569609#colourWayId-210569613,images.asos-media.com/products/asos-collective-made-in-portugal-lace-up-premium-leather-and-suede-sneakers-in-beige/210569609-1-offwhite,ASOS
ASOS_210457657,210457657,adidas Originals Handball Spezial sneakers in beige croc,adidas Originals,BEIGE,120.0,,,,USD,,False,False,False,False,,,,,,,adidas-originals/adidas-originals-handball-spezial-sneakers-in-beige-croc/prd/210457657#colourWayId-210457668,images.asos-media.com/products/adidas-originals-handball-spezial-sneakers-in-beige-croc/210457657-1-beige,ASOS
ASOS_210569659,210569659,ASOS COLLECTIVE Made In Portugal lace up premium leather and suede sneakers in taupe,ASOS COLLECTIVE,Taupe,149.0,,,,USD,,False,False,False,False,,,,,,,asos-collective/asos-collective-made-in-portugal-lace-up-premium-leather-and-suede-sneakers-in-taupe/prd/210569659#colourWayId-210569667,images.asos-media.com/products/asos-collective-made-in-portugal-lace-up-premium-leather-and-suede-sneakers-in-taupe/210569659-1-taupe,ASOS
ASOS_209792239,209792239,Walk London Hopper apron shoes in black suede,WALK LONDON,Black,148.0,,,,USD,,False,False,False,False,,,,,,,walk-london/walk-london-hopper-apron-shoes-in-black-suede/prd/209792239#colourWayId-209792243,images.asos-media.com/products/walk-london-hopper-apron-shoes-in-black-suede/209792239-1-black,ASOS
ASOS_210456895,210456895,adidas Originals Adistar XLG 2.0 sneakers in white and red,adidas Originals,WHITE,150.0,,,,USD,,False,False,False,False,,,,,,,adidas-originals/adidas-originals-adistar-xlg-20-sneakers-in-white-and-red/prd/210456895#colourWayId-210456896,images.asos-media.com/products/adidas-originals-adistar-xlg-20-sneakers-in-white-and-red/210456895-1-white,ASOS
ASOS_210517798,210517798,Noak made in Portugal two strap sandals in stone suede,Noak,STONE,105.0,,,,USD,,False,False,False,False,,,,,,,noak/noak-made-in-portugal-two-strap-sandals-in-stone-suede/prd/210517798#colourWayId-210517799,images.asos-media.com/products/noak-made-in-portugal-two-strap-sandals-in-stone-suede/210517798-1-stone,ASOS
ASOS_210517911,210517911,Noak made in Portugal mule sandals in brown suede,Noak,BROWN,120.0,,,,USD,,False,False,False,False,,,,,,,noak/noak-made-in-portugal-mule-sandals-in-brown-suede/prd/210517911#colourWayId-210517912,images.asos-media.com/products/noak-made-in-portugal-mule-sandals-in-brown-suede/210517911-1-brown,ASOS
ASOS_210517920,210517920,Noak made in Portugal two strap sandals in black leather,Noak,Black,105.0,,,,USD,,False,False,False,False,,,,,,,noak/noak-made-in-portugal-two-strap-sandals-in-black-leather/prd/210517920#colourWayId-210517922,images.asos-media.com/products/noak-made-in-portugal-two-strap-sandals-in-black-leather/210517920-1-black,ASOS
ASOS_210674776,210674776,Mizuno Neo Cosmo running sneakers in white,Mizuno,WHITE,182.0,,,,USD,,False,False,False,False,,,,,,,mizuno/mizuno-neo-cosmo-running-sneakers-in-white/prd/210674776#colourWayId-210674777,images.asos-media.com/products/mizuno-neo-cosmo-running-sneakers-in-white/210674776-1-white,ASOS
ASOS_211061780,211061780,Mango flip flops in white,Mango,WHITE,59.99,,,,USD,,False,False,False,False,,,,,,,mango/mango-flip-flops-in-white/prd/211061780#colourWayId-211061783,images.asos-media.com/products/mango-flip-flops-in-white/211061780-1-white,ASOS
ASOS_211070332,211070332,Mango real suede sandals in brown,Mango,BROWN,99.99,,,,USD,,False,False,False,False,,,,,,,mango/mango-real-suede-sandals-in-brown/prd/211070332#colourWayId-211070333,images.asos-media.com/products/mango-real-suede-sandals-in-brown/211070332-1-brown,ASOS
ASOS_209614791,209614791,Nike Shox TL sneakers in black and pink,Nike,PINK,180.0,,,,USD,,False,False,False,False,,,,,,,nike/nike-shox-tl-sneakers-in-black-and-pink/prd/209614791#colourWayId-209614817,images.asos-media.com/products/nike-shox-tl-sneakers-in-black-and-pink/209614791-1-pink,ASOS
ASOS_210105822,210105822,PS Paul Smith zebra logo slides in black,PS Paul Smith,Black,68.0,,,,USD,,False,False,False,False,,,,,,,ps-paul-smith/ps-paul-smith-zebra-logo-slides-in-black/prd/210105822#colourWayId-210105825,images.asos-media.com/products/ps-paul-smith-zebra-logo-slides-in-black/210105822-1-black,ASOS
ASOS_210232665,210232665,Nike Waffle Racer sneakers in off white and black,Nike,Black,95.0,,,,USD,,False,False,False,False,,,,,,,nike/nike-waffle-racer-sneakers-in-off-white-and-black/prd/210232665#colourWayId-210232666,images.asos-media.com/products/nike-waffle-racer-sneakers-in-off-white-and-black/210232665-1-black,ASOS
ASOS_210370554,210370554,schuh Risk loafers in choc suede,Schuh,Choc suede,87.0,,,,USD,,False,False,False,False,,,,,,,schuh/schuh-risk-loafers-in-choc-suede/prd/210370554#colourWayId-210370562,images.asos-media.com/products/schuh-risk-loafers-in-choc-suede/210370554-1-chocsuede,ASOS
ASOS_210674731,210674731,Mizuno Neo Cosmo running sneakers in black,Mizuno,Black,182.0,,,,USD,,False,False,False,False,,,,,,,mizuno/mizuno-neo-cosmo-running-sneakers-in-black/prd/210674731#colourWayId-210674732,images.asos-media.com/products/mizuno-neo-cosmo-running-sneakers-in-black/210674731-1-black,ASOS
ASOS_209614646,209614646,Nike ReactX Rejuven8 clogs in gray,Nike,Gray,75.0,,,,USD,,False,False,False,False,,,,,,,nike/nike-reactx-rejuven8-clogs-in-gray/prd/209614646#colourWayId-209614660,images.asos-media.com/products/nike-reactx-rejuven8-clogs-in-gray/209614646-1-grey,ASOS
ASOS_209614826,209614826,Nike ReactX Rejuven8 clogs in light pink,Nike,PINK,75.0,,,,USD,,False,False,False,False,,,,,,,nike/nike-reactx-rejuven8-clogs-in-light-pink/prd/209614826#colourWayId-209614845,images.asos-media.com/products/nike-reactx-rejuven8-clogs-in-light-pink/209614826-1-pink,ASOS
ASOS_209775149,209775149,Nike Free Metcon 6 sneakers in red,Nike Training,RED,125.0,,,,USD,,False,False,False,False,,,,,,,nike-training/nike-free-metcon-6-sneakers-in-red/prd/209775149#colourWayId-209775151,images.asos-media.com/products/nike-free-metcon-6-sneakers-in-red/209775149-1-red,ASOS
ASOS_209775237,209775237,Nike Pegasus Premium sneakers in black and green,Nike Running,LIGHT GREEN,176.97,220.0,,,USD,,False,True,False,False,,,,,,,nike-running/nike-pegasus-premium-sneakers-in-black-and-green/prd/209775237#colourWayId-209775238,images.asos-media.com/products/nike-pegasus-premium-sneakers-in-black-and-green/209775237-1-lightgreen,ASOS
ASOS_209775260,209775260,Nike Running Vomero Plus sneakers in orange and blue,Nike Running,ORANGE,150.0,180.0,,,USD,,False,True,False,False,,,,,,,nike-running/nike-running-vomero-plus-sneakers-in-orange-and-blue/prd/209775260#colourWayId-209775261,images.asos-media.com/products/nike-running-vomero-plus-sneakers-in-orange-and-blue/209775260-1-orange,ASOS
ASOS_209775398,209775398,Nike Running Vomero Plus sneakers in neon green,Nike Running,LIGHT GREEN,180.0,,,,USD,,False,False,False,False,,,,,,,nike-running/nike-running-vomero-plus-sneakers-in-neon-green/prd/209775398#colourWayId-209775399,images.asos-media.com/products/nike-running-vomero-plus-sneakers-in-neon-green/209775398-1-lightgreen,ASOS
ASOS_209815974,209815974,Nike Zoom Vomero 5 sneakers in silver and black,Nike,SILVER,170.0,,,,USD,,False,False,False,False,,,,,,,nike/nike-zoom-vomero-5-sneakers-in-silver-and-black/prd/209815974#colourWayId-209815977,images.asos-media.com/products/nike-zoom-vomero-5-sneakers-in-silver-and-black/209815974-1-silver,ASOS
ASOS_209844695,209844695,River Island fleece lined mule slippers in gray,River Island,Gray,40.0,,,,USD,,False,False,False,False,,,,,,,river-island/river-island-fleece-lined-mule-slippers-in-gray/prd/209844695#colourWayId-209844699,images.asos-media.com/products/river-island-fleece-lined-mule-slippers-in-gray/209844695-1-grey,ASOS
ASOS_209946123,209946123,adidas Originals Handball Spezial sneakers in baby pink and khaki green,adidas Originals,LIGHT PINK,120.0,,,,USD,,False,False,False,False,,,,,,,adidas-originals/adidas-originals-handball-spezial-sneakers-in-baby-pink-and-khaki-green/prd/209946123#colourWayId-209946127,images.asos-media.com/products/adidas-originals-handball-spezial-sneakers-in-baby-pink-and-khaki-green/209946123-1-lightpink,ASOS
ASOS_210535494,210535494,Tommy Jeans greenwich suede sneakers in brown,Tommy Jeans,Legacy Brown,146.0,,,,USD,,False,False,False,False,,,,,,,tommy-jeans/tommy-jeans-greenwich-suede-sneakers-in-brown/prd/210535494#colourWayId-210535495,images.asos-media.com/products/tommy-jeans-greenwich-suede-sneakers-in-brown/210535494-1-legacybrown,ASOS
ASOS_211070250,211070250,Mango real suede summer shoes in brown,Mango,CAMEL,99.99,,,,USD,,False,False,False,False,,,,,,,mango/mango-real-suede-summer-shoes-in-brown/prd/211070250#colourWayId-211070253,images.asos-media.com/products/mango-real-suede-summer-shoes-in-brown/211070250-1-camel,ASOS
ASOS_209815734,209815734,Nike Zoom Vomero 5 sneakers in gray and silver chrome,Nike,SILVER,170.0,,,,USD,,False,False,False,False,,,,,,,nike/nike-zoom-vomero-5-sneakers-in-gray-and-silver-chrome/prd/209815734#colourWayId-209815744,images.asos-media.com/products/nike-zoom-vomero-5-sneakers-in-gray-and-silver-chrome/209815734-1-silver,ASOS
ASOS_209879722,209879722,ASOS DESIGN penny loafer mule in tan suede,ASOS DESIGN,TAN,69.99,,,,USD,,False,False,False,False,,,,,,,asos-design/asos-design-penny-loafer-mule-in-tan-suede/prd/209879722#colourWayId-209879728,images.asos-media.com/products/asos-design-penny-loafer-mule-in-tan-suede/209879722-1-tan,ASOS
ASOS_209876354,209876354,ASOS DESIGN boat shoe in gray leather with weave detail,ASOS DESIGN,Gray,79.99,,,,USD,,False,False,False,False,,,,,,,asos-design/asos-design-boat-shoe-in-gray-leather-with-weave-detail/prd/209876354#colourWayId-209876362,images.asos-media.com/products/asos-design-boat-shoe-in-gray-leather-with-weave-detail/209876354-1-grey,ASOS
ASOS_209876385,209876385,ASOS DESIGN boat shoes with cleated soles in stone suede,ASOS DESIGN,STONE,84.99,,,,USD,,False,False,False,False,,,,,,,asos-design/asos-design-boat-shoes-with-cleated-soles-in-stone-suede/prd/209876385#colourWayId-209876387,images.asos-media.com/products/asos-design-boat-shoes-with-cleated-soles-in-stone-suede/209876385-1-stone,ASOS
ASOS_210114635,210114635,ASOS DESIGN natural sole loafers with tassel trim in tan leather,ASOS DESIGN,TAN,74.99,,,,USD,,False,False,False,False,,,,,,,asos-design/asos-design-natural-sole-loafers-with-tassel-trim-in-tan-leather/prd/210114635#colourWayId-210114638,images.asos-media.com/products/asos-design-natural-sole-loafers-with-tassel-trim-in-tan-leather/210114635-1-tan,ASOS
ASOS_210223882,210223882,ASOS DESIGN Penny snaffle loafers in khaki suede,ASOS DESIGN,Khaki suede,79.99,,,,USD,,False,False,False,False,,,,,,,asos-design/asos-design-penny-snaffle-loafers-in-khaki-suede/prd/210223882#colourWayId-210223887,images.asos-media.com/products/asos-design-penny-snaffle-loafers-in-khaki-suede/210223882-1-khakisuede,ASOS
ASOS_210223931,210223931,ASOS DESIGN monk shoes in taupe suede,ASOS DESIGN,Taupe,74.99,,,,USD,,False,False,False,False,,,,,,,asos-design/asos-design-monk-shoes-in-taupe-suede/prd/210223931#colourWayId-210223934,images.asos-media.com/products/asos-design-monk-shoes-in-taupe-suede/210223931-1-taupe,ASOS
ASOS_209976245,209976245,SEQWL Soda slip on loafer style mules in taupe,SEQWL,Taupe,35.0,,,,USD,,False,False,False,True,,,,,,,seqwl/seqwl-soda-slip-on-loafer-style-mules-in-taupe/prd/209976245#colourWayId-209976259,images.asos-media.com/products/seqwl-soda-slip-on-loafer-style-mules-in-taupe/209976245-1-taupe,ASOS
ASOS_210396544,210396544,Jack & Jones espadrille sandals in beige,Jack & Jones,Plaza taupe,29.95,,,,USD,,False,False,False,False,,,,,,,jack-jones/jack-jones-espadrille-sandals-in-beige/prd/210396544#colourWayId-210396551,images.asos-media.com/products/jack-jones-espadrille-sandals-in-beige/210396544-1-plazataupe,ASOS
ASOS_210396555,210396555,Jack & Jones espadrille sandals in black,Jack & Jones,Anthracite,29.95,,,,USD,,False,False,False,False,,,,,,,jack-jones/jack-jones-espadrille-sandals-in-black/prd/210396555#colourWayId-210396566,images.asos-media.com/products/jack-jones-espadrille-sandals-in-black/210396555-1-anthracite,ASOS
ASOS_209874540,209874540,ASOS DESIGN penny loafers in brown leather,ASOS DESIGN,BROWN,84.99,,,,USD,,False,False,False,False,,,,,,,asos-design/asos-design-penny-loafers-in-brown-leather/prd/209874540#colourWayId-209874545,images.asos-media.com/products/asos-design-penny-loafers-in-brown-leather/209874540-1-brown,ASOS
ASOS_209965839,209965839,ASOS DESIGN boat shoes in stone suede,ASOS DESIGN,STONE,74.99,,,,USD,,False,False,False,False,,,,,,,asos-design/asos-design-boat-shoes-in-stone-suede/prd/209965839#colourWayId-209965872,images.asos-media.com/products/asos-design-boat-shoes-in-stone-suede/209965839-1-stone,ASOS
ASOS_210067292,210067292,ASOS DESIGN two strap sandals in stone suede,ASOS DESIGN,STONE,59.99,,,,USD,,False,False,False,False,,,,,,,asos-design/asos-design-two-strap-sandals-in-stone-suede/prd/210067292#colourWayId-210067293,images.asos-media.com/products/asos-design-two-strap-sandals-in-stone-suede/210067292-1-stone,ASOS
ASOS_210207397,210207397,HUGO Red with contrast lining sneakers in black,Hugo Red,Black,293.0,,,,USD,,False,False,False,False,,,,,,,hugo-red/hugo-red-with-contrast-lining-sneakers-in-black/prd/210207397#colourWayId-210207414,images.asos-media.com/products/hugo-red-with-contrast-lining-sneakers-in-black/210207397-1-black,ASOS
ASOS_208876579,208876579,Vans UA Classic Slip-On Stackform checkerboard sneakers in black and white,Vans,White,75.0,,,,USD,,False,False,False,False,,,,,,,vans/vans-ua-classic-slip-on-stackform-checkerboard-sneakers-in-black-and-white/prd/208876579#colourWayId-208876580,images.asos-media.com/products/vans-ua-classic-slip-on-stackform-checkerboard-sneakers-in-black-and-white/208876579-1-white,ASOS
ASOS_209229639,209229639,Nike Waffle Racer sneakers in green and white,Nike,MID GREEN,80.75,95.0,,,USD,,False,True,False,False,,,,,,,nike/nike-waffle-racer-sneakers-in-green-and-white/prd/209229639#colourWayId-209229640,images.asos-media.com/products/nike-waffle-racer-sneakers-in-green-and-white/209229639-1-midgreen,ASOS
ASOS_209360232,209360232,adidas Originals Samba OG sneakers in black and yellow,adidas Originals,Black,110.0,,,,USD,,False,False,False,False,,,,,,,adidas-originals/adidas-originals-samba-og-sneakers-in-black-and-yellow/prd/209360232#colourWayId-209360234,images.asos-media.com/products/adidas-originals-samba-og-sneakers-in-black-and-yellow/209360232-1-black,ASOS
ASOS_209360299,209360299,adidas Originals Superstar II sneakers in white and dark brown,adidas Originals,WHITE,110.0,,,,USD,,False,False,False,False,,,,,,,adidas-originals/adidas-originals-superstar-ii-sneakers-in-white-and-dark-brown/prd/209360299#colourWayId-209360311,images.asos-media.com/products/adidas-originals-superstar-ii-sneakers-in-white-and-dark-brown/209360299-1-white,ASOS
ASOS_209360394,209360394,adidas Originals Handball Spezial sneakers in denim and blue,adidas Originals,MID BLUE,120.0,,,,USD,,False,False,False,False,,,,,,,adidas-originals/adidas-originals-handball-spezial-sneakers-in-denim-and-blue/prd/209360394#colourWayId-209360399,images.asos-media.com/products/adidas-originals-handball-spezial-sneakers-in-denim-and-blue/209360394-1-midblue,ASOS
ASOS_209360438,209360438,adidas Originals Handball Spezial sneakers in green and black,adidas Originals,LIGHT GREEN,84.0,120.0,,,USD,,False,True,False,True,,,,,,,adidas-originals/adidas-originals-handball-spezial-sneakers-in-green-and-black/prd/209360438#colourWayId-209360440,images.asos-media.com/products/adidas-originals-handball-spezial-sneakers-in-green-and-black/209360438-1-lightgreen,ASOS
ASOS_209360460,209360460,adidas Originals Samba OG sneakers in denim and brown,adidas Originals,MID BLUE,110.0,,,,USD,,False,False,False,False,,,,,,,adidas-originals/adidas-originals-samba-og-sneakers-in-denim-and-brown/prd/209360460#colourWayId-209360461,images.asos-media.com/products/adidas-originals-samba-og-sneakers-in-denim-and-brown/209360460-1-midblue,ASOS
ASOS_209360713,209360713,adidas Originals Samba OG sneakers in off white and red,adidas Originals,IVORY,110.0,,,,USD,,False,False,False,False,,,,,,,adidas-originals/adidas-originals-samba-og-sneakers-in-off-white-and-red/prd/209360713#colourWayId-209360715,images.asos-media.com/products/adidas-originals-samba-og-sneakers-in-off-white-and-red/209360713-1-ivory,ASOS
ASOS_209816055,209816055,Nike V5 RNR sneakers with suede detail in light blue,Nike,LIGHT BLUE,71.25,95.0,,,USD,,False,True,False,True,,,,,,,nike/nike-v5-rnr-sneakers-with-suede-detail-in-light-blue/prd/209816055#colourWayId-209816066,images.asos-media.com/products/nike-v5-rnr-sneakers-with-suede-detail-in-light-blue/209816055-1-lightblue,ASOS
ASOS_209874374,209874374,ASOS DESIGN woven tassel loafers with cleated sole in khaki suede,ASOS DESIGN,Khaki,84.99,,,,USD,,False,False,False,False,,,,,,,asos-design/asos-design-woven-tassel-loafers-with-cleated-sole-in-khaki-suede/prd/209874374#colourWayId-209874375,images.asos-media.com/products/asos-design-woven-tassel-loafers-with-cleated-sole-in-khaki-suede/209874374-1-khaki,ASOS
ASOS_209874418,209874418,ASOS DESIGN penny snaffle loafers in brown suede,ASOS DESIGN,BROWN,79.99,,,,USD,,False,False,False,False,,,,,,,asos-design/asos-design-penny-snaffle-loafers-in-brown-suede/prd/209874418#colourWayId-209874421,images.asos-media.com/products/asos-design-penny-snaffle-loafers-in-brown-suede/209874418-1-brown,ASOS
ASOS_209874610,209874610,ASOS DESIGN woven penny loafers in stone suede,ASOS DESIGN,STONE,79.99,,,,USD,,False,False,False,False,,,,,,,asos-design/asos-design-woven-penny-loafers-in-stone-suede/prd/209874610#colourWayId-209874611,images.asos-media.com/products/asos-design-woven-penny-loafers-in-stone-suede/209874610-1-stone,ASOS
ASOS_209874749,209874749,ASOS DESIGN loafers with angled sole in stone suede,ASOS DESIGN,STONE,84.99,,,,USD,,False,False,False,False,,,,,,,asos-design/asos-design-loafers-with-angled-sole-in-stone-suede/prd/209874749#colourWayId-209874750,images.asos-media.com/products/asos-design-loafers-with-angled-sole-in-stone-suede/209874749-1-stone,ASOS
ASOS_209874880,209874880,ASOS DESIGN penny loafers with ruching in tan suede,ASOS DESIGN,TAN,79.99,,,,USD,,False,False,False,False,,,,,,,asos-design/asos-design-penny-loafers-with-ruching-in-tan-suede/prd/209874880#colourWayId-209874902,images.asos-media.com/products/asos-design-penny-loafers-with-ruching-in-tan-suede/209874880-1-tan,ASOS
ASOS_209880010,209880010,ASOS DESIGN penny loafer mules in stone suede,ASOS DESIGN,STONE,69.99,,,,USD,,False,False,False,False,,,,,,,asos-design/asos-design-penny-loafer-mules-in-stone-suede/prd/209880010#colourWayId-209880015,images.asos-media.com/products/asos-design-penny-loafer-mules-in-stone-suede/209880010-1-stone,ASOS
ASOS_209946207,209946207,adidas Originals Adistar Control 5 sneakers in gray and red,adidas Originals,Gray,120.0,,,,USD,,False,False,False,False,,,,,,,adidas-originals/adidas-originals-adistar-control-5-sneakers-in-gray-and-red/prd/209946207#colourWayId-209946217,images.asos-media.com/products/adidas-originals-adistar-control-5-sneakers-in-gray-and-red/209946207-1-grey,ASOS
ASOS_209946247,209946247,adidas Originals Handball Spezial sneakers in off white and green,adidas Originals,IVORY,120.0,,,,USD,,False,False,False,False,,,,,,,adidas-originals/adidas-originals-handball-spezial-sneakers-in-off-white-and-green/prd/209946247#colourWayId-209946248,images.asos-media.com/products/adidas-originals-handball-spezial-sneakers-in-off-white-and-green/209946247-1-ivory,ASOS
ASOS_210048144,210048144,ASOS DESIGN two-strap sandals in gray suede,ASOS DESIGN,Gray,59.99,,,,USD,,False,False,False,False,,,,,,,asos-design/asos-design-two-strap-sandals-in-gray-suede/prd/210048144#colourWayId-210048150,images.asos-media.com/products/asos-design-two-strap-sandals-in-gray-suede/210048144-1-grey,ASOS
ASOS_210048622,210048622,ASOS DESIGN sneakers in brown leather,ASOS DESIGN,BROWN,74.99,,,,USD,,False,False,False,False,,,,,,,asos-design/asos-design-sneakers-in-brown-leather/prd/210048622#colourWayId-210048624,images.asos-media.com/products/asos-design-sneakers-in-brown-leather/210048622-1-brown,ASOS
ASOS_210048780,210048780,ASOS DESIGN penny loafers with cup soles in brown suede,ASOS DESIGN,BROWN,69.99,,,,USD,,False,False,False,False,,,,,,,asos-design/asos-design-penny-loafers-with-cup-soles-in-brown-suede/prd/210048780#colourWayId-210048781,images.asos-media.com/products/asos-design-penny-loafers-with-cup-soles-in-brown-suede/210048780-1-brown,ASOS
ASOS_210052630,210052630,ASOS DESIGN sneakers in gray suede,ASOS DESIGN,Stone Gray,74.99,,,,USD,,False,False,False,False,,,,,,,asos-design/asos-design-sneakers-in-gray-suede/prd/210052630#colourWayId-210052652,images.asos-media.com/products/asos-design-sneakers-in-gray-suede/210052630-1-stonegrey,ASOS
ASOS_210097859,210097859,ASOS DESIGN crossover strap sandals with embossed weave in black leather,ASOS DESIGN,Black,59.99,,,,USD,,False,False,False,False,,,,,,,asos-design/asos-design-crossover-strap-sandals-with-embossed-weave-in-black-leather/prd/210097859#colourWayId-210097860,images.asos-media.com/products/asos-design-crossover-strap-sandals-with-embossed-weave-in-black-leather/210097859-1-black,ASOS
ASOS_210131795,210131795,ASOS DESIGN lace up derby shoes with apron detailing in black leather,ASOS DESIGN,Black,89.99,,,,USD,,False,False,False,False,,,,,,,asos-design/asos-design-lace-up-derby-shoes-with-apron-detailing-in-black-leather/prd/210131795#colourWayId-210131799,images.asos-media.com/products/asos-design-lace-up-derby-shoes-with-apron-detailing-in-black-leather/210131795-1-black,ASOS
ASOS_210223886,210223886,ASOS DESIGN monk shoes in brown leather,ASOS DESIGN,BROWN,74.99,,,,USD,,False,False,False,False,,,,,,,asos-design/asos-design-monk-shoes-in-brown-leather/prd/210223886#colourWayId-210223908,images.asos-media.com/products/asos-design-monk-shoes-in-brown-leather/210223886-1-brown,ASOS
ASOS_210223907,210223907,ASOS DESIGN lace up drivers in tan leather,ASOS DESIGN,TAN,74.99,,,,USD,,False,False,False,False,,,,,,,asos-design/asos-design-lace-up-drivers-in-tan-leather/prd/210223907#colourWayId-210223916,images.asos-media.com/products/asos-design-lace-up-drivers-in-tan-leather/210223907-1-tan,ASOS
ASOS_210240887,210240887,ASOS DESIGN lace up derby shoes with natural soles in tan leather,ASOS DESIGN,TAN,74.99,,,,USD,,False,False,False,False,,,,,,,asos-design/asos-design-lace-up-derby-shoes-with-natural-soles-in-tan-leather/prd/210240887#colourWayId-210240888,images.asos-media.com/products/asos-design-lace-up-derby-shoes-with-natural-soles-in-tan-leather/210240887-1-tan,ASOS
ASOS_209874356,209874356,ASOS DESIGN woven penny loafers in tan leather,ASOS DESIGN,TAN,79.99,,,,USD,,False,False,False,False,,,,,,,asos-design/asos-design-woven-penny-loafers-in-tan-leather/prd/209874356#colourWayId-209874357,images.asos-media.com/products/asos-design-woven-penny-loafers-in-tan-leather/209874356-1-tan,ASOS
ASOS_209874543,209874543,ASOS DESIGN tassel loafers with cup soles in navy suede and tan leather detailing,ASOS DESIGN,NAVY,74.99,,,,USD,,False,False,False,False,,,,,,,asos-design/asos-design-tassel-loafers-with-cup-soles-in-navy-suede-and-tan-leather-detailing/prd/209874543#colourWayId-209874547,images.asos-media.com/products/asos-design-tassel-loafers-with-cup-soles-in-navy-suede-and-tan-leather-detailing/209874543-1-navy,ASOS
ASOS_209874576,209874576,ASOS DESIGN weave loafers in stone suede,ASOS DESIGN,STONE,89.99,,,,USD,,False,False,False,False,,,,,,,asos-design/asos-design-weave-loafers-in-stone-suede/prd/209874576#colourWayId-209874577,images.asos-media.com/products/asos-design-weave-loafers-in-stone-suede/209874576-1-stone,ASOS
ASOS_209874594,209874594,ASOS DESIGN penny loafers with ruching in black leather,ASOS DESIGN,Black,79.99,,,,USD,,False,False,False,False,,,,,,,asos-design/asos-design-penny-loafers-with-ruching-in-black-leather/prd/209874594#colourWayId-209874596,images.asos-media.com/products/asos-design-penny-loafers-with-ruching-in-black-leather/209874594-1-black,ASOS
ASOS_209874835,209874835,ASOS DESIGN woven penny loafers in navy suede,ASOS DESIGN,NAVY,79.99,,,,USD,,False,False,False,True,,,,,,,asos-design/asos-design-woven-penny-loafers-in-navy-suede/prd/209874835#colourWayId-209874842,images.asos-media.com/products/asos-design-woven-penny-loafers-in-navy-suede/209874835-1-navy,ASOS
ASOS_209874866,209874866,ASOS DESIGN woven tassel loafers in tan leather,ASOS DESIGN,TAN,79.99,,,,USD,,False,False,False,False,,,,,,,asos-design/asos-design-woven-tassel-loafers-in-tan-leather/prd/209874866#colourWayId-209874867,images.asos-media.com/products/asos-design-woven-tassel-loafers-in-tan-leather/209874866-1-tan,ASOS
ASOS_209879593,209879593,ASOS DESIGN penny loafer mules in cow print,ASOS DESIGN,Multi,74.99,,,,USD,,False,False,False,True,,,,,,,asos-design/asos-design-penny-loafer-mules-in-cow-print/prd/209879593#colourWayId-209879599,images.asos-media.com/products/asos-design-penny-loafer-mules-in-cow-print/209879593-1-multi,ASOS
ASOS_210048789,210048789,ASOS DESIGN penny loafers with cleated soles in tan leather,ASOS DESIGN,TAN,89.99,,,,USD,,False,False,False,False,,,,,,,asos-design/asos-design-penny-loafers-with-cleated-soles-in-tan-leather/prd/210048789#colourWayId-210048791,images.asos-media.com/products/asos-design-penny-loafers-with-cleated-soles-in-tan-leather/210048789-1-tan,ASOS
ASOS_210138670,210138670,ASOS DESIGN penny loafers with ruching in leopard print pony hair,ASOS DESIGN,LEOPARD,94.99,,,,USD,,False,False,False,False,,,,,,,asos-design/asos-design-penny-loafers-with-ruching-in-leopard-print-pony-hair/prd/210138670#colourWayId-210138687,images.asos-media.com/products/asos-design-penny-loafers-with-ruching-in-leopard-print-pony-hair/210138670-1-leopard,ASOS
ASOS_210167338,210167338,ASOS DESIGN loafers with snaffle in tan suede,ASOS DESIGN,TAN,79.99,,,,USD,,False,False,False,False,,,,,,,asos-design/asos-design-loafers-with-snaffle-in-tan-suede/prd/210167338#colourWayId-210167342,images.asos-media.com/products/asos-design-loafers-with-snaffle-in-tan-suede/210167338-1-tan,ASOS
ASOS_210186057,210186057,ASOS DESIGN loafers with white sole in navy suede,ASOS DESIGN,NAVY,69.99,,,,USD,,False,False,False,False,,,,,,,asos-design/asos-design-loafers-with-white-sole-in-navy-suede/prd/210186057#colourWayId-210186062,images.asos-media.com/products/asos-design-loafers-with-white-sole-in-navy-suede/210186057-1-navy,ASOS
ASOS_210555051,210555051,Calvin Klein Jeans suede cupsole sneakers in black,Calvin Klein,Rocky Brown,126.0,,,,USD,,False,False,False,False,,,,,,,calvin-klein/calvin-klein-jeans-suede-cupsole-sneakers-in-black/prd/210555051#colourWayId-210555052,images.asos-media.com/products/calvin-klein-jeans-suede-cupsole-sneakers-in-black/210555051-1-rockybrown,ASOS
ASOS_210555081,210555081,Calvin Klein Jeans chunky suede cupsole sneakers in khaki,Calvin Klein,Taupe,152.0,,,,USD,,False,False,False,False,,,,,,,calvin-klein/calvin-klein-jeans-chunky-suede-cupsole-sneakers-in-khaki/prd/210555081#colourWayId-210555082,images.asos-media.com/products/calvin-klein-jeans-chunky-suede-cupsole-sneakers-in-khaki/210555081-1-taupe,ASOS
ASOS_210291658,210291658,BOSS Orange classic logo flip flops in black,BOSS Orange,Black,85.0,,,,USD,,False,False,False,False,,,,,,,boss-orange/boss-orange-classic-logo-flip-flops-in-black/prd/210291658#colourWayId-210291663,images.asos-media.com/products/boss-orange-classic-logo-flip-flops-in-black/210291658-1-black,ASOS
ASOS_210436780,210436780,Nike Shox R4 sneakers in silver and light pink,Nike,LIGHT PINK,77.5,155.0,,,USD,,False,True,False,False,,,,,,,nike/nike-shox-r4-sneakers-in-silver-and-light-pink/prd/210436780#colourWayId-210436794,images.asos-media.com/products/nike-shox-r4-sneakers-in-silver-and-light-pink/210436780-1-lightpink,ASOS
ASOS_210436909,210436909,Nike V5 RNR sneakers in pink and red,Nike,RED,85.5,95.0,,,USD,,False,True,False,True,,,,,,,nike/nike-v5-rnr-sneakers-in-pink-and-red/prd/210436909#colourWayId-210436927,images.asos-media.com/products/nike-v5-rnr-sneakers-in-pink-and-red/210436909-1-red,ASOS
ASOS_210535448,210535448,Tommy Jeans archive 98 sneakers in off white,Tommy Jeans,Calico,131.0,,,,USD,,False,False,False,False,,,,,,,tommy-jeans/tommy-jeans-archive-98-sneakers-in-off-white/prd/210535448#colourWayId-210535449,images.asos-media.com/products/tommy-jeans-archive-98-sneakers-in-off-white/210535448-1-calico,ASOS
ASOS_210519123,210519123,Tommy Hilfiger suede driving loafers in tan,Tommy Hilfiger,Tan,176.0,,,,USD,,False,False,False,False,,,,,,,tommy-hilfiger/tommy-hilfiger-suede-driving-loafers-in-tan/prd/210519123#colourWayId-210519125,images.asos-media.com/products/tommy-hilfiger-suede-driving-loafers-in-tan/210519123-1-tan,ASOS
ASOS_210198736,210198736,Pompeii pippa leather lace up sneakers in beige and green,Pompeii UK,Multi,199.0,,,,USD,,False,False,False,False,,,,,,,pompeii-uk/pompeii-pippa-leather-lace-up-sneakers-in-beige-and-green/prd/210198736#colourWayId-210198739,images.asos-media.com/products/pompeii-pippa-leather-lace-up-sneakers-in-beige-and-green/210198736-1-multi,ASOS
ASOS_210206923,210206923,HUGO Red logo detail sneakers in white,Hugo Red,WHITE,241.0,,,,USD,,False,False,False,False,,,,,,,hugo-red/hugo-red-logo-detail-sneakers-in-white/prd/210206923#colourWayId-210206927,images.asos-media.com/products/hugo-red-logo-detail-sneakers-in-white/210206923-1-white,ASOS
ASOS_210303756,210303756,HUGO Blue Timein logo slides in blue and black,Hugo Red,Black,78.0,,,,USD,,False,False,False,False,,,,,,,hugo-red/hugo-blue-timein-logo-slides-in-blue-and-black/prd/210303756#colourWayId-210303764,images.asos-media.com/products/hugo-blue-timein-logo-slides-in-blue-and-black/210303756-1-black,ASOS
ASOS_210517921,210517921,NOAK made In Portugal boat shoes with cleated sole in brown leather,Noak,BROWN,120.0,,,,USD,,False,False,False,False,,,,,,,noak/noak-made-in-portugal-boat-shoes-with-cleated-sole-in-brown-leather/prd/210517921#colourWayId-210517924,images.asos-media.com/products/noak-made-in-portugal-boat-shoes-with-cleated-sole-in-brown-leather/210517921-1-brown,ASOS
ASOS_209976189,209976189,SEQWL Kayak loafers in faux nubuck in taupe,SEQWL,Taupe nubuck,44.0,,,,USD,,False,False,False,False,,,,,,,seqwl/seqwl-kayak-loafers-in-faux-nubuck-in-taupe/prd/209976189#colourWayId-209976215,images.asos-media.com/products/seqwl-kayak-loafers-in-faux-nubuck-in-taupe/209976189-1-taupenubuck,ASOS
ASOS_209976296,209976296,SEQWL Pier chunky loafers with woven upper in off white,SEQWL,Off white,56.0,,,,USD,,False,False,False,False,,,,,,,seqwl/seqwl-pier-chunky-loafers-with-woven-upper-in-off-white/prd/209976296#colourWayId-209976298,images.asos-media.com/products/seqwl-pier-chunky-loafers-with-woven-upper-in-off-white/209976296-1-offwhite,ASOS
ASOS_209976460,209976460,SEQWL Pier chunky loafers in sand faux suede,SEQWL,Sand suede,49.0,,,,USD,,False,False,False,False,,,,,,,seqwl/seqwl-pier-chunky-loafers-in-sand-faux-suede/prd/209976460#colourWayId-209976464,images.asos-media.com/products/seqwl-pier-chunky-loafers-in-sand-faux-suede/209976460-1-sandsuede,ASOS
ASOS_210645866,210645866,BOSS aryeh sliders in green,BOSS Bodywear,Open Green,85.0,,,,USD,,False,False,False,False,,,,,,,boss-bodywear/boss-aryeh-sliders-in-green/prd/210645866#colourWayId-210645867,images.asos-media.com/products/boss-aryeh-sliders-in-green/210645866-1-opengreen,ASOS
ASOS_210528235,210528235,Havaianas top camo flip flops in green,Havaianas,GREEN,52.0,,,,USD,,False,False,False,False,,,,,,,havaianas/havaianas-top-camo-flip-flops-in-green/prd/210528235#colourWayId-210528248,images.asos-media.com/products/havaianas-top-camo-flip-flops-in-green/210528235-1-green,ASOS
ASOS_210131784,210131784,ASOS DESIGN chelsea wellington boots in black,ASOS DESIGN,Black,49.99,,,,USD,,False,False,False,False,,,,,,,asos-design/asos-design-chelsea-wellington-boots-in-black/prd/210131784#colourWayId-210131785,images.asos-media.com/products/asos-design-chelsea-wellington-boots-in-black/210131784-1-black,ASOS
ASOS_210257437,210257437,Jack & Jones slider in black,Jack & Jones,Black,36.0,,,,USD,,False,False,False,False,,,,,,,jack-jones/jack-jones-slider-in-black/prd/210257437#colourWayId-210257444,images.asos-media.com/products/jack-jones-slider-in-black/210257437-1-black,ASOS
ASOS_210257424,210257424,Jack & Jones slides in cream,Jack & Jones,Moonbeam,36.0,,,,USD,,False,False,False,False,,,,,,,jack-jones/jack-jones-slides-in-cream/prd/210257424#colourWayId-210257427,images.asos-media.com/products/jack-jones-slides-in-cream/210257424-1-moonbeam,ASOS
ASOS_210198817,210198817,Pompeii latymer leather apron shoes in light brown,Pompeii UK,BROWN,275.0,,,,USD,,False,False,False,False,,,,,,,pompeii-uk/pompeii-latymer-leather-apron-shoes-in-light-brown/prd/210198817#colourWayId-210198823,images.asos-media.com/products/pompeii-latymer-leather-apron-shoes-in-light-brown/210198817-1-brown,ASOS
ASOS_210257265,210257265,Jack & Jones faux leather sneakers in triple black,Jack & Jones,Black,49.95,,,,USD,,False,False,False,False,,,,,,,jack-jones/jack-jones-faux-leather-sneakers-in-triple-black/prd/210257265#colourWayId-210257273,images.asos-media.com/products/jack-jones-faux-leather-sneakers-in-triple-black/210257265-1-black,ASOS
ASOS_210606194,210606194,Keen Jasper Zionic textured suede sneakers in brown,Keen,BROWN,260.0,,,,USD,,False,False,False,False,,,,,,,keen/keen-jasper-zionic-textured-suede-sneakers-in-brown/prd/210606194#colourWayId-210606195,images.asos-media.com/products/keen-jasper-zionic-textured-suede-sneakers-in-brown/210606194-1-brown,ASOS
ASOS_210096116,210096116,Tommy Hilfiger flexible boat shoe in brown,Tommy Hilfiger,Dark mocha,235.0,,,,USD,,False,False,False,False,,,,,,,tommy-hilfiger/tommy-hilfiger-flexible-boat-shoe-in-brown/prd/210096116#colourWayId-210096130,images.asos-media.com/products/tommy-hilfiger-flexible-boat-shoe-in-brown/210096116-1-darkmocha,ASOS
ASOS_210555093,210555093,Calvin Klein Jeans chunky hybrid leather apron lace up shoes in black,Calvin Klein,Black/gum,189.0,,,,USD,,False,False,False,False,,,,,,,calvin-klein/calvin-klein-jeans-chunky-hybrid-leather-apron-lace-up-shoes-in-black/prd/210555093#colourWayId-210555097,images.asos-media.com/products/calvin-klein-jeans-chunky-hybrid-leather-apron-lace-up-shoes-in-black/210555093-1-blackgum,ASOS
ASOS_210704573,210704573,Mango soft 100% leather loafers in black,Mango,Black,119.99,,,,USD,,False,False,False,False,,,,,,,mango/mango-soft-100-leather-loafers-in-black/prd/210704573#colourWayId-210704574,images.asos-media.com/products/mango-soft-100-leather-loafers-in-black/210704573-1-black,ASOS
ASOS_210198831,210198831,Pompeii latymer leather apron shoes in coffee brown,Pompeii UK,BROWN,275.0,,,,USD,,False,False,False,False,,,,,,,pompeii-uk/pompeii-latymer-leather-apron-shoes-in-coffee-brown/prd/210198831#colourWayId-210198838,images.asos-media.com/products/pompeii-latymer-leather-apron-shoes-in-coffee-brown/210198831-1-brown,ASOS
ASOS_210786060,210786060,Mango 100% suede loafers in brown,Mango,BROWN,150.0,,,,USD,,False,False,False,False,,,,,,,mango/mango-100-suede-loafers-in-brown/prd/210786060#colourWayId-210786064,images.asos-media.com/products/mango-100-suede-loafers-in-brown/210786060-1-brown,ASOS
ASOS_210331907,210331907,ASOS DESIGN penny loafers with fringe trim and ruched aprons in stone,ASOS DESIGN,STONE,69.99,,,,USD,,False,False,False,False,,,,,,,asos-design/asos-design-penny-loafers-with-fringe-trim-and-ruched-aprons-in-stone/prd/210331907#colourWayId-210331909,images.asos-media.com/products/asos-design-penny-loafers-with-fringe-trim-and-ruched-aprons-in-stone/210331907-1-stone,ASOS
ASOS_207494214,207494214,Nike Air Force 1 '07 sneakers in triple white,Nike,WHITE,115.0,,,,USD,,False,False,False,False,,,,,,,nike/nike-air-force-1-07-sneakers-in-triple-white/prd/207494214#colourWayId-207494231,images.asos-media.com/products/nike-air-force-1-07-sneakers-in-triple-white/207494214-1-white,ASOS
ASOS_209516853,209516853,Steve Madden Manu sandals with straps in cognac suede,Steve Madden,Cognac suede,137.0,,,,USD,,False,False,False,False,,,,,,,steve-madden/steve-madden-manu-sandals-with-straps-in-cognac-suede/prd/209516853#colourWayId-209516858,images.asos-media.com/products/steve-madden-manu-sandals-with-straps-in-cognac-suede/209516853-1-cognacsuede,ASOS
ASOS_209516885,209516885,Steve Madden Manu sandals with straps in taupe suede,Steve Madden,Taupe suede,137.0,,,,USD,,False,False,False,False,,,,,,,steve-madden/steve-madden-manu-sandals-with-straps-in-taupe-suede/prd/209516885#colourWayId-209516893,images.asos-media.com/products/steve-madden-manu-sandals-with-straps-in-taupe-suede/209516885-1-taupesuede,ASOS
ASOS_209516947,209516947,Steve Madden Leeway slip-on casual lace up shoes in taupe suede,Steve Madden,Taupe suede,171.0,,,,USD,,False,False,False,False,,,,,,,steve-madden/steve-madden-leeway-slip-on-casual-lace-up-shoes-in-taupe-suede/prd/209516947#colourWayId-209516948,images.asos-media.com/products/steve-madden-leeway-slip-on-casual-lace-up-shoes-in-taupe-suede/209516947-1-taupesuede,ASOS
ASOS_210131514,210131514,ASOS DESIGN penny loafers in beige and cream,ASOS DESIGN,BEIGE & CREAM,64.99,,,,USD,,False,False,False,False,,,,,,,asos-design/asos-design-penny-loafers-in-beige-and-cream/prd/210131514#colourWayId-210131522,images.asos-media.com/products/asos-design-penny-loafers-in-beige-and-cream/210131514-1-beigecream,ASOS
ASOS_210257198,210257198,Jack & Jones molded slides in beige,Jack & Jones,Moonbeam,40.0,,,,USD,,False,False,False,False,,,,,,,jack-jones/jack-jones-molded-slides-in-beige/prd/210257198#colourWayId-210257204,images.asos-media.com/products/jack-jones-molded-slides-in-beige/210257198-1-moonbeam,ASOS
ASOS_210257324,210257324,Jack & Jones molded slides in black,Jack & Jones,Anthracite,40.0,,,,USD,,False,False,False,False,,,,,,,jack-jones/jack-jones-molded-slides-in-black/prd/210257324#colourWayId-210257326,images.asos-media.com/products/jack-jones-molded-slides-in-black/210257324-1-anthracite,ASOS
ASOS_210257395,210257395,Jack & Jones canvas trainer in black,Jack & Jones,Black,39.95,,,,USD,,False,False,False,False,,,,,,,jack-jones/jack-jones-canvas-trainer-in-black/prd/210257395#colourWayId-210257400,images.asos-media.com/products/jack-jones-canvas-trainer-in-black/210257395-1-black,ASOS
ASOS_210331922,210331922,ASOS DESIGN lace up sneakers in tumbled white and navy,ASOS DESIGN,TUMBLED WHITE & NAVY,59.99,,,,USD,,False,False,False,False,,,,,,,asos-design/asos-design-lace-up-sneakers-in-tumbled-white-and-navy/prd/210331922#colourWayId-210331931,images.asos-media.com/products/asos-design-lace-up-sneakers-in-tumbled-white-and-navy/210331922-1-whitetumblednavy,ASOS
ASOS_210207371,210207371,HUGO Red logo detail sneakers in gray,Hugo Red,Gray,293.0,,,,USD,,False,False,False,False,,,,,,,hugo-red/hugo-red-logo-detail-sneakers-in-gray/prd/210207371#colourWayId-210207387,images.asos-media.com/products/hugo-red-logo-detail-sneakers-in-gray/210207371-1-grey,ASOS
ASOS_210257246,210257246,Jack & Jones faux leather strap sandals in black,Jack & Jones,Black,29.99,,,,USD,,False,False,False,False,,,,,,,jack-jones/jack-jones-faux-leather-strap-sandals-in-black/prd/210257246#colourWayId-210257256,images.asos-media.com/products/jack-jones-faux-leather-strap-sandals-in-black/210257246-1-black,ASOS
ASOS_210257305,210257305,Jack & Jones faux leather strap sandals in brown,Jack & Jones,Brown stone,29.99,,,,USD,,False,False,False,False,,,,,,,jack-jones/jack-jones-faux-leather-strap-sandals-in-brown/prd/210257305#colourWayId-210257308,images.asos-media.com/products/jack-jones-faux-leather-strap-sandals-in-brown/210257305-1-brownstone,ASOS
ASOS_210257377,210257377,Jack & Jones suede loafer mules in beige,Jack & Jones,Plaza taupe,49.99,,,,USD,,False,False,False,False,,,,,,,jack-jones/jack-jones-suede-loafer-mules-in-beige/prd/210257377#colourWayId-210257379,images.asos-media.com/products/jack-jones-suede-loafer-mules-in-beige/210257377-1-plazataupe,ASOS
ASOS_210331994,210331994,ASOS DESIGN lace up sneakers in stone with white sole,ASOS DESIGN,STONE,64.99,,,,USD,,False,False,False,False,,,,,,,asos-design/asos-design-lace-up-sneakers-in-stone-with-white-sole/prd/210331994#colourWayId-210332009,images.asos-media.com/products/asos-design-lace-up-sneakers-in-stone-with-white-sole/210331994-1-stone,ASOS
ASOS_210788771,210788771,AllSaints Slix suede leather loafer shoes in brown,AllSaints,BROWN,216.0,,,,USD,,False,False,False,False,,,,,,,allsaints/allsaints-slix-suede-leather-loafer-shoes-in-brown/prd/210788771#colourWayId-210788775,images.asos-media.com/products/allsaints-slix-suede-leather-loafer-shoes-in-brown/210788771-1-brown,ASOS
ASOS_209976297,209976297,SEQWL Kidman cross-over flat sandals in black,SEQWL,Black PU,39.0,,,,USD,,False,False,False,False,,,,,,,seqwl/seqwl-kidman-cross-over-flat-sandals-in-black/prd/209976297#colourWayId-209976299,images.asos-media.com/products/seqwl-kidman-cross-over-flat-sandals-in-black/209976297-1-blackpu,ASOS
ASOS_210517826,210517826,NOAK made In Portugal penny loafers in brown leather,Noak,BROWN,130.0,,,,USD,,False,False,False,False,,,,,,,noak/noak-made-in-portugal-penny-loafers-in-brown-leather/prd/210517826#colourWayId-210517827,images.asos-media.com/products/noak-made-in-portugal-penny-loafers-in-brown-leather/210517826-1-brown,ASOS
ASOS_210517860,210517860,NOAK made In Portugal penny loafers with cherub graphic in black leather,Noak,Black,135.0,,,,USD,,False,False,False,False,,,,,,,noak/noak-made-in-portugal-penny-loafers-with-cherub-graphic-in-black-leather/prd/210517860#colourWayId-210517861,images.asos-media.com/products/noak-made-in-portugal-penny-loafers-with-cherub-graphic-in-black-leather/210517860-1-black,ASOS
ASOS_210788802,210788802,AllSaints Vex double strap buckle velcro sandals in white,AllSaints,WHITE,232.0,,,,USD,,False,False,False,False,,,,,,,allsaints/allsaints-vex-double-strap-buckle-velcro-sandals-in-white/prd/210788802#colourWayId-210788803,images.asos-media.com/products/allsaints-vex-double-strap-buckle-velcro-sandals-in-white/210788802-1-white,ASOS
ASOS_209775150,209775150,Nike Air Zoom Pegasus 42 sneakers in neon green,Nike Running,LIGHT GREEN,101.5,145.0,,,USD,,False,True,False,False,,,,,,,nike-running/nike-air-zoom-pegasus-42-sneakers-in-neon-green/prd/209775150#colourWayId-209775155,images.asos-media.com/products/nike-air-zoom-pegasus-42-sneakers-in-neon-green/209775150-1-lightgreen,ASOS
ASOS_209976224,209976224,SEQWL Kidman woven slides in brown,SEQWL,BROWN,39.0,,,,USD,,False,False,False,False,,,,,,,seqwl/seqwl-kidman-woven-slides-in-brown/prd/209976224#colourWayId-209976233,images.asos-media.com/products/seqwl-kidman-woven-slides-in-brown/209976224-1-brown,ASOS
ASOS_209976497,209976497,SEQWL Kidman cross over flat sandals in chocolate,SEQWL,Choc PU,39.0,,,,USD,,False,False,False,False,,,,,,,seqwl/seqwl-kidman-cross-over-flat-sandals-in-chocolate/prd/209976497#colourWayId-209976500,images.asos-media.com/products/seqwl-kidman-cross-over-flat-sandals-in-chocolate/209976497-1-chocpu,ASOS
ASOS_210050770,210050770,ASOS DESIGN penny loafers with gold-tone snaffle detailing in brown,ASOS DESIGN,BROWN,64.99,,,,USD,,False,False,False,False,,,,,,,asos-design/asos-design-penny-loafers-with-gold-tone-snaffle-detailing-in-brown/prd/210050770#colourWayId-210050774,images.asos-media.com/products/asos-design-penny-loafers-with-gold-tone-snaffle-detailing-in-brown/210050770-1-brown,ASOS
ASOS_210788722,210788722,AllSaints Regan leather chunky low top sneakers in white,AllSaints,WHITE,247.0,,,,USD,,False,False,False,False,,,,,,,allsaints/allsaints-regan-leather-chunky-low-top-sneakers-in-white/prd/210788722#colourWayId-210788724,images.asos-media.com/products/allsaints-regan-leather-chunky-low-top-sneakers-in-white/210788722-1-white,ASOS
ASOS_209775333,209775333,Nike Free Metcon 6 sneakers in dark gray,Nike Training,Gray,125.0,,,,USD,,False,False,False,False,,,,,,,nike-training/nike-free-metcon-6-sneakers-in-dark-gray/prd/209775333#colourWayId-209775334,images.asos-media.com/products/nike-free-metcon-6-sneakers-in-dark-gray/209775333-1-grey,ASOS
ASOS_209775555,209775555,Nike Air Zoom Pegasus 42 sneakers in white and blue,Nike Running,LIGHT BLUE,145.0,,,,USD,,False,False,False,False,,,,,,,nike-running/nike-air-zoom-pegasus-42-sneakers-in-white-and-blue/prd/209775555#colourWayId-209775559,images.asos-media.com/products/nike-air-zoom-pegasus-42-sneakers-in-white-and-blue/209775555-1-lightblue,ASOS
ASOS_210535460,210535460,Tommy Jeans Pool Slides in Black,Tommy Jeans,Black,66.0,,,,USD,,False,False,False,False,,,,,,,tommy-jeans/tommy-jeans-pool-slides-in-black/prd/210535460#colourWayId-210535461,images.asos-media.com/products/tommy-jeans-pool-slides-in-black/210535460-1-black,ASOS
ASOS_210788626,210788626,AllSaints Randal double strap buckle fuzzy suede sandals in gray,AllSaints,Cloud Gray,278.0,,,,USD,,False,False,False,False,,,,,,,allsaints/allsaints-randal-double-strap-buckle-fuzzy-suede-sandals-in-gray/prd/210788626#colourWayId-210788634,images.asos-media.com/products/allsaints-randal-double-strap-buckle-fuzzy-suede-sandals-in-gray/210788626-1-cloudgrey,ASOS
ASOS_210788638,210788638,AllSaints Bloom soft suede leather loafers in brown,AllSaints,BROWN,263.0,,,,USD,,False,False,False,False,,,,,,,allsaints/allsaints-bloom-soft-suede-leather-loafers-in-brown/prd/210788638#colourWayId-210788643,images.asos-media.com/products/allsaints-bloom-soft-suede-leather-loafers-in-brown/210788638-1-brown,ASOS
ASOS_210788689,210788689,AllSaints Regan leather low top sneakers in white and green,AllSaints,White/green,232.0,,,,USD,,False,False,False,False,,,,,,,allsaints/allsaints-regan-leather-low-top-sneakers-in-white-and-green/prd/210788689#colourWayId-210788692,images.asos-media.com/products/allsaints-regan-leather-low-top-sneakers-in-white-and-green/210788689-1-whitegreen,ASOS
ASOS_210788721,210788721,AllSaints Randal leather woven one strap sandals in black,AllSaints,Black,263.0,,,,USD,,False,False,False,False,,,,,,,allsaints/allsaints-randal-leather-woven-one-strap-sandals-in-black/prd/210788721#colourWayId-210788723,images.asos-media.com/products/allsaints-randal-leather-woven-one-strap-sandals-in-black/210788721-1-black,ASOS
ASOS_210788754,210788754,AllSaints Liam leather low top sneakers in white,AllSaints,WHITE,247.0,,,,USD,,False,False,False,False,,,,,,,allsaints/allsaints-liam-leather-low-top-sneakers-in-white/prd/210788754#colourWayId-210788757,images.asos-media.com/products/allsaints-liam-leather-low-top-sneakers-in-white/210788754-1-white,ASOS
ASOS_210788770,210788770,AllSaints Saints & Sinners logo slides in black,AllSaints,Black,108.0,,,,USD,,False,False,False,False,,,,,,,allsaints/allsaints-saints-sinners-logo-slides-in-black/prd/210788770#colourWayId-210788772,images.asos-media.com/products/allsaints-saints-sinners-logo-slides-in-black/210788770-1-black,ASOS
ASOS_209874542,209874542,ASOS DESIGN tassel loafers in navy suede,ASOS DESIGN,NAVY,74.99,,,,USD,,False,False,False,False,,,,,,,asos-design/asos-design-tassel-loafers-in-navy-suede/prd/209874542#colourWayId-209874544,images.asos-media.com/products/asos-design-tassel-loafers-in-navy-suede/209874542-1-navy,ASOS
ASOS_209874620,209874620,ASOS DESIGN woven tassel loafers in black suede,ASOS DESIGN,Black,79.99,,,,USD,,False,False,False,False,,,,,,,asos-design/asos-design-woven-tassel-loafers-in-black-suede/prd/209874620#colourWayId-209874626,images.asos-media.com/products/asos-design-woven-tassel-loafers-in-black-suede/209874620-1-black,ASOS
ASOS_209614682,209614682,Nike Shox TL sneakers in black and green,Nike,Black,180.0,,,,USD,,False,False,False,False,,,,,,,nike/nike-shox-tl-sneakers-in-black-and-green/prd/209614682#colourWayId-209614723,images.asos-media.com/products/nike-shox-tl-sneakers-in-black-and-green/209614682-1-black,ASOS
ASOS_209614827,209614827,Nike ReactX Rejuven8 clogs in green,Nike,MID GREEN,75.0,,,,USD,,False,False,False,False,,,,,,,nike/nike-reactx-rejuven8-clogs-in-green/prd/209614827#colourWayId-209614844,images.asos-media.com/products/nike-reactx-rejuven8-clogs-in-green/209614827-1-midgreen,ASOS
ASOS_209689657,209689657,Jack & Jones soft faux suede sandals in brown,Jack & Jones,Java,44.95,,,,USD,,False,False,False,False,,,,,,,jack-jones/jack-jones-soft-faux-suede-sandals-in-brown/prd/209689657#colourWayId-209689660,images.asos-media.com/products/jack-jones-soft-faux-suede-sandals-in-brown/209689657-1-java,ASOS
ASOS_209775506,209775506,Nike Running Vomero 18 sneakers in orange and blue,Nike Running,ORANGE,155.0,,,,USD,,False,False,False,False,,,,,,,nike-running/nike-running-vomero-18-sneakers-in-orange-and-blue/prd/209775506#colourWayId-209775514,images.asos-media.com/products/nike-running-vomero-18-sneakers-in-orange-and-blue/209775506-1-orange,ASOS
ASOS_209874486,209874486,ASOS DESIGN loafers in navy suede with tassel,ASOS DESIGN,NAVY,94.99,,,,USD,,False,False,False,False,,,,,,,asos-design/asos-design-loafers-in-navy-suede-with-tassel/prd/209874486#colourWayId-209874487,images.asos-media.com/products/asos-design-loafers-in-navy-suede-with-tassel/209874486-1-navy,ASOS
ASOS_209874496,209874496,ASOS DESIGN paneled sneakers in dark brown suede,ASOS DESIGN,Dark brown,79.99,,,,USD,,False,False,False,False,,,,,,,asos-design/asos-design-paneled-sneakers-in-dark-brown-suede/prd/209874496#colourWayId-209874499,images.asos-media.com/products/asos-design-paneled-sneakers-in-dark-brown-suede/209874496-1-darkbrown,ASOS
ASOS_209874621,209874621,ASOS DESIGN penny snaffle loafer in tan leather,ASOS DESIGN,TAN,79.99,,,,USD,,False,False,False,False,,,,,,,asos-design/asos-design-penny-snaffle-loafer-in-tan-leather/prd/209874621#colourWayId-209874630,images.asos-media.com/products/asos-design-penny-snaffle-loafer-in-tan-leather/209874621-1-tan,ASOS
ASOS_209874682,209874682,ASOS DESIGN woven tassel loafers with cleated soles in beige suede,ASOS DESIGN,BEIGE,84.99,,,,USD,,False,False,False,False,,,,,,,asos-design/asos-design-woven-tassel-loafers-with-cleated-soles-in-beige-suede/prd/209874682#colourWayId-209874699,images.asos-media.com/products/asos-design-woven-tassel-loafers-with-cleated-soles-in-beige-suede/209874682-1-beige,ASOS
ASOS_209876820,209876820,ASOS DESIGN lace up shoes with brogue detailing in tan leather,ASOS DESIGN,TAN,84.99,,,,USD,,False,False,False,False,,,,,,,asos-design/asos-design-lace-up-shoes-with-brogue-detailing-in-tan-leather/prd/209876820#colourWayId-209876843,images.asos-media.com/products/asos-design-lace-up-shoes-with-brogue-detailing-in-tan-leather/209876820-1-tan,ASOS
ASOS_209970996,209970996,ASOS DESIGN two strap sandals in black leather,ASOS DESIGN,Black,59.99,,,,USD,,False,False,False,False,,,,,,,asos-design/asos-design-two-strap-sandals-in-black-leather/prd/209970996#colourWayId-209971008,images.asos-media.com/products/asos-design-two-strap-sandals-in-black-leather/209970996-1-black,ASOS
ASOS_209980040,209980040,adidas Originals Tokyo sneakers in black and white,adidas Originals,BROWN,90.0,,,,USD,,False,False,False,False,,,,,,,adidas-originals/adidas-originals-tokyo-sneakers-in-black-and-white/prd/209980040#colourWayId-209980041,images.asos-media.com/products/adidas-originals-tokyo-sneakers-in-black-and-white/209980040-1-brown,ASOS
ASOS_210052412,210052412,ASOS DESIGN closed toe fisherman sandals in brown,ASOS DESIGN,BROWN,64.99,,,,USD,,False,False,False,False,,,,,,,asos-design/asos-design-closed-toe-fisherman-sandals-in-brown/prd/210052412#colourWayId-210052419,images.asos-media.com/products/asos-design-closed-toe-fisherman-sandals-in-brown/210052412-1-brown,ASOS
ASOS_210240766,210240766,ASOS DESIGN lace up derby shoes with natural sole in black leather,ASOS DESIGN,Black,74.99,,,,USD,,False,False,False,False,,,,,,,asos-design/asos-design-lace-up-derby-shoes-with-natural-sole-in-black-leather/prd/210240766#colourWayId-210240772,images.asos-media.com/products/asos-design-lace-up-derby-shoes-with-natural-sole-in-black-leather/210240766-1-black,ASOS
ASOS_210555225,210555225,Calvin Klein Jeans leather loafers in black,Calvin Klein,Triple Black,177.0,,,,USD,,False,False,False,False,,,,,,,calvin-klein/calvin-klein-jeans-leather-loafers-in-black/prd/210555225#colourWayId-210555226,images.asos-media.com/products/calvin-klein-jeans-leather-loafers-in-black/210555225-1-tripleblack,ASOS
ASOS_210674746,210674746,Mizuno Wave Sky 9 sneakers in off white and yellow,Mizuno,CREAM,286.0,,,,USD,,False,False,False,False,,,,,,,mizuno/mizuno-wave-sky-9-sneakers-in-off-white-and-yellow/prd/210674746#colourWayId-210674747,images.asos-media.com/products/mizuno-wave-sky-9-sneakers-in-off-white-and-yellow/210674746-1-cream,ASOS
ASOS_210674761,210674761,"Mizuno Wave Rider 29 running sneakers in white, yellow and blue",Mizuno,WHITE,243.0,,,,USD,,False,False,False,False,,,,,,,mizuno/mizuno-wave-rider-29-running-sneakers-in-white-yellow-and-blue/prd/210674761#colourWayId-210674762,images.asos-media.com/products/mizuno-wave-rider-29-running-sneakers-in-white-yellow-and-blue/210674761-1-white,ASOS
ASOS_210674791,210674791,Mizuno Wave Rider 29 running sneakers in black and white,Mizuno,Black,243.0,,,,USD,,False,False,False,False,,,,,,,mizuno/mizuno-wave-rider-29-running-sneakers-in-black-and-white/prd/210674791#colourWayId-210674792,images.asos-media.com/products/mizuno-wave-rider-29-running-sneakers-in-black-and-white/210674791-1-black,ASOS
ASOS_210674806,210674806,Mizuno Wave Inspire 22 running sneakers in white,Mizuno,WHITE,243.0,,,,USD,,False,False,False,False,,,,,,,mizuno/mizuno-wave-inspire-22-running-sneakers-in-white/prd/210674806#colourWayId-210674807,images.asos-media.com/products/mizuno-wave-inspire-22-running-sneakers-in-white/210674806-1-white,ASOS
ASOS_210674821,210674821,Mizuno Neo Zen 2 running sneakers in white and blue,Mizuno,WHITE,243.0,,,,USD,,False,False,False,False,,,,,,,mizuno/mizuno-neo-zen-2-running-sneakers-in-white-and-blue/prd/210674821#colourWayId-210674822,images.asos-media.com/products/mizuno-neo-zen-2-running-sneakers-in-white-and-blue/210674821-1-white,ASOS
ASOS_210674836,210674836,Mizuno Wave Inspire 22 running sneakers in blue and yellow,Mizuno,MID BLUE,243.0,,,,USD,,False,False,False,False,,,,,,,mizuno/mizuno-wave-inspire-22-running-sneakers-in-blue-and-yellow/prd/210674836#colourWayId-210674837,images.asos-media.com/products/mizuno-wave-inspire-22-running-sneakers-in-blue-and-yellow/210674836-1-midblue,ASOS
ASOS_209689152,209689152,Jack & Jones soft faux suede sandals in black,Jack & Jones,Anthracite,44.95,,,,USD,,False,False,False,False,,,,,,,jack-jones/jack-jones-soft-faux-suede-sandals-in-black/prd/209689152#colourWayId-209689158,images.asos-media.com/products/jack-jones-soft-faux-suede-sandals-in-black/209689152-1-anthracite,ASOS
ASOS_209815687,209815687,Nike Ava Rover Premium sneakers in gray and black,Nike,Gray,155.0,,,,USD,,False,False,False,False,,,,,,,nike/nike-ava-rover-premium-sneakers-in-gray-and-black/prd/209815687#colourWayId-209815691,images.asos-media.com/products/nike-ava-rover-premium-sneakers-in-gray-and-black/209815687-1-grey,ASOS
ASOS_209815732,209815732,Nike Air Force 1 '07 sneakers in cream and brown,Nike,BROWN,115.0,,,,USD,,False,False,False,True,,,,,,,nike/nike-air-force-1-07-sneakers-in-cream-and-brown/prd/209815732#colourWayId-209815735,images.asos-media.com/products/nike-air-force-1-07-sneakers-in-cream-and-brown/209815732-1-brown,ASOS
ASOS_209815733,209815733,Nike Air Force 1 '07 LV8 sneakers in white and gray,Nike,Gray,125.0,,,,USD,,False,False,False,False,,,,,,,nike/nike-air-force-1-07-lv8-sneakers-in-white-and-gray/prd/209815733#colourWayId-209815737,images.asos-media.com/products/nike-air-force-1-07-lv8-sneakers-in-white-and-gray/209815733-1-grey,ASOS
ASOS_209816086,209816086,Nike P-6000 sneakers in white and gray,Nike,Gray,115.0,,,,USD,,False,False,False,False,,,,,,,nike/nike-p-6000-sneakers-in-white-and-gray/prd/209816086#colourWayId-209816088,images.asos-media.com/products/nike-p-6000-sneakers-in-white-and-gray/209816086-1-grey,ASOS
ASOS_209816129,209816129,Nike Air Force 1 '07 LV8 sneakers with crochet detail in brown,Nike,BROWN,125.0,,,,USD,,False,False,False,False,,,,,,,nike/nike-air-force-1-07-lv8-sneakers-with-crochet-detail-in-brown/prd/209816129#colourWayId-209816130,images.asos-media.com/products/nike-air-force-1-07-lv8-sneakers-with-crochet-detail-in-brown/209816129-1-brown,ASOS
ASOS_210097136,210097136,Calvin Klein cross strap sandals in khaki green,Calvin Klein,Deep lichen green/bl,108.0,,,,USD,,False,False,False,False,,,,,,,calvin-klein/calvin-klein-cross-strap-sandals-in-khaki-green/prd/210097136#colourWayId-210097146,images.asos-media.com/products/calvin-klein-cross-strap-sandals-in-khaki-green/210097136-1-deeplichengreenbl,ASOS
ASOS_209815844,209815844,Nike V5 RNR sneakers in beige and brown,Nike,BEIGE,76.0,95.0,,,USD,,False,True,False,True,,,,,,,nike/nike-v5-rnr-sneakers-in-beige-and-brown/prd/209815844#colourWayId-209815847,images.asos-media.com/products/nike-v5-rnr-sneakers-in-beige-and-brown/209815844-1-beige,ASOS
ASOS_209229512,209229512,Nike Air Max DN8 leather sneakers in black,Nike,Black,147.0,210.0,,,USD,,False,True,False,False,,,,,,,nike/nike-air-max-dn8-leather-sneakers-in-black/prd/209229512#colourWayId-209229514,images.asos-media.com/products/nike-air-max-dn8-leather-sneakers-in-black/209229512-1-black,ASOS
ASOS_208514812,208514812,Dr Martens ZebZag mule in black suede,Dr Martens,Black,130.0,,,,USD,,False,False,False,False,,,,,,,dr-martens/dr-martens-zebzag-mule-in-black-suede/prd/208514812#colourWayId-208514814,images.asos-media.com/products/dr-martens-zebzag-mule-in-black-suede/208514812-1-black,ASOS
ASOS_209792229,209792229,Walk London Hopper Apron shoes in black leather,WALK LONDON,Black,148.0,,,,USD,,False,False,False,False,,,,,,,walk-london/walk-london-hopper-apron-shoes-in-black-leather/prd/209792229#colourWayId-209792230,images.asos-media.com/products/walk-london-hopper-apron-shoes-in-black-leather/209792229-1-black,ASOS
ASOS_209792289,209792289,Walk London Riva rouched loafers in black leather,WALK LONDON,Black,128.0,,,,USD,,False,False,False,False,,,,,,,walk-london/walk-london-riva-rouched-loafers-in-black-leather/prd/209792289#colourWayId-209792290,images.asos-media.com/products/walk-london-riva-rouched-loafers-in-black-leather/209792289-1-black,ASOS
ASOS_209792545,209792545,Walk London Vincent Monk in brown leather,WALK LONDON,Brown,128.0,,,,USD,,False,False,False,False,,,,,,,walk-london/walk-london-vincent-monk-in-brown-leather/prd/209792545#colourWayId-209792551,images.asos-media.com/products/walk-london-vincent-monk-in-brown-leather/209792545-1-brown,ASOS
ASOS_209792192,209792192,Walk London Cera boat shoes in black leather,WALK LONDON,Black,128.0,,,,USD,,False,False,False,False,,,,,,,walk-london/walk-london-cera-boat-shoes-in-black-leather/prd/209792192#colourWayId-209792196,images.asos-media.com/products/walk-london-cera-boat-shoes-in-black-leather/209792192-1-black,ASOS
ASOS_209792225,209792225,Walk London Riva ruched loafers in brown suede,WALK LONDON,Brown,128.0,,,,USD,,False,False,False,False,,,,,,,walk-london/walk-london-riva-ruched-loafers-in-brown-suede/prd/209792225#colourWayId-209792226,images.asos-media.com/products/walk-london-riva-ruched-loafers-in-brown-suede/209792225-1-brown,ASOS
ASOS_209792300,209792300,Walk London Naples ruched loafers in stone suede,WALK LONDON,Stone suede,115.0,,,,USD,,False,False,False,False,,,,,,,walk-london/walk-london-naples-ruched-loafers-in-stone-suede/prd/209792300#colourWayId-209792305,images.asos-media.com/products/walk-london-naples-ruched-loafers-in-stone-suede/209792300-1-stonesuede,ASOS
ASOS_209792343,209792343,Walk London Vincent Monk in brown leather,WALK LONDON,Black,128.0,,,,USD,,False,False,False,False,,,,,,,walk-london/walk-london-vincent-monk-in-brown-leather/prd/209792343#colourWayId-209792348,images.asos-media.com/products/walk-london-vincent-monk-in-brown-leather/209792343-1-black,ASOS
ASOS_209792596,209792596,Walk London Putney saddle loafers in black leather,WALK LONDON,Brown,128.0,,,,USD,,False,False,False,False,,,,,,,walk-london/walk-london-putney-saddle-loafers-in-black-leather/prd/209792596#colourWayId-209792600,images.asos-media.com/products/walk-london-putney-saddle-loafers-in-black-leather/209792596-1-brown,ASOS
ASOS_209874761,209874761,ASOS DESIGN tassel loafers in stone suede,ASOS DESIGN,STONE,52.5,74.99,,,USD,,False,True,False,False,,,,,,,asos-design/asos-design-tassel-loafers-in-stone-suede/prd/209874761#colourWayId-209874764,images.asos-media.com/products/asos-design-tassel-loafers-in-stone-suede/209874761-1-stone,ASOS
ASOS_209874762,209874762,ASOS DESIGN loafers in tan suede with tassel detailing and gum soles,ASOS DESIGN,TAN,74.99,,,,USD,,False,False,False,True,,,,,,,asos-design/asos-design-loafers-in-tan-suede-with-tassel-detailing-and-gum-soles/prd/209874762#colourWayId-209874775,images.asos-media.com/products/asos-design-loafers-in-tan-suede-with-tassel-detailing-and-gum-soles/209874762-1-tan,ASOS
ASOS_209876079,209876079,ASOS DESIGN boat shoes with cleated sole in tan leather,ASOS DESIGN,TAN,84.99,,,,USD,,False,False,False,False,,,,,,,asos-design/asos-design-boat-shoes-with-cleated-sole-in-tan-leather/prd/209876079#colourWayId-209876083,images.asos-media.com/products/asos-design-boat-shoes-with-cleated-sole-in-tan-leather/209876079-1-tan,ASOS
ASOS_209876615,209876615,ASOS DESIGN boat shoes with cleated sole in brown leather,ASOS DESIGN,BROWN,84.99,,,,USD,,False,False,False,False,,,,,,,asos-design/asos-design-boat-shoes-with-cleated-sole-in-brown-leather/prd/209876615#colourWayId-209876620,images.asos-media.com/products/asos-design-boat-shoes-with-cleated-sole-in-brown-leather/209876615-1-brown,ASOS
ASOS_210118579,210118579,ASOS DESIGN loafers in leather cow print,ASOS DESIGN,COW MIX,94.99,,,,USD,,False,False,False,False,,,,,,,asos-design/asos-design-loafers-in-leather-cow-print/prd/210118579#colourWayId-210118584,images.asos-media.com/products/asos-design-loafers-in-leather-cow-print/210118579-1-cowmix,ASOS
ASOS_210119175,210119175,ASOS DESIGN mules in cow print,ASOS DESIGN,COW MIX,84.99,,,,USD,,False,False,False,False,,,,,,,asos-design/asos-design-mules-in-cow-print/prd/210119175#colourWayId-210119176,images.asos-media.com/products/asos-design-mules-in-cow-print/210119175-1-cowmix,ASOS
ASOS_209946041,209946041,adidas Originals Samba OG sneakers in white and brown,adidas Originals,WHITE,110.0,,,,USD,,False,False,False,True,,,,,,,adidas-originals/adidas-originals-samba-og-sneakers-in-white-and-brown/prd/209946041#colourWayId-209946045,images.asos-media.com/products/adidas-originals-samba-og-sneakers-in-white-and-brown/209946041-1-white,ASOS
ASOS_210078800,210078800,Tommy Jeans slides with logo in green,Tommy Jeans,Lime Essence/Black,66.0,,,,USD,,False,False,False,False,,,,,,,tommy-jeans/tommy-jeans-slides-with-logo-in-green/prd/210078800#colourWayId-210078801,images.asos-media.com/products/tommy-jeans-slides-with-logo-in-green/210078800-1-limeessenceblack,ASOS
ASOS_210078908,210078908,Tommy Jeans Greenwich edge sneakers with logo in off white,Tommy Jeans,Newsprint,131.0,,,,USD,,False,False,False,False,,,,,,,tommy-jeans/tommy-jeans-greenwich-edge-sneakers-with-logo-in-off-white/prd/210078908#colourWayId-210078909,images.asos-media.com/products/tommy-jeans-greenwich-edge-sneakers-with-logo-in-off-white/210078908-1-newsprint,ASOS
ASOS_210517815,210517815,NOAK made In Portugal retro lace-up sneakers with gumsole in brown suede,Noak,CHOCOLATE BROWN,120.0,,,,USD,,False,False,False,False,,,,,,,noak/noak-made-in-portugal-retro-lace-up-sneakers-with-gumsole-in-brown-suede/prd/210517815#colourWayId-210517818,images.asos-media.com/products/noak-made-in-portugal-retro-lace-up-sneakers-with-gumsole-in-brown-suede/210517815-1-chocolatebrown,ASOS
ASOS_210517836,210517836,NOAK Made In Portugal retro lace-up sneakers in white leather and suede mix,Noak,WHITE,120.0,,,,USD,,False,False,False,False,,,,,,,noak/noak-made-in-portugal-retro-lace-up-sneakers-in-white-leather-and-suede-mix/prd/210517836#colourWayId-210517837,images.asos-media.com/products/noak-made-in-portugal-retro-lace-up-sneakers-in-white-leather-and-suede-mix/210517836-1-white,ASOS
ASOS_210517939,210517939,NOAK Made In Portugal penny loafers with coin detail in brown polido leather,Noak,BROWN,130.0,,,,USD,,False,False,False,False,,,,,,,noak/noak-made-in-portugal-penny-loafers-with-coin-detail-in-brown-polido-leather/prd/210517939#colourWayId-210517940,images.asos-media.com/products/noak-made-in-portugal-penny-loafers-with-coin-detail-in-brown-polido-leather/210517939-1-brown,ASOS
ASOS_209815922,209815922,Nike Waffle Racer sneakers in black and white,Nike,WHITE,95.0,,,,USD,,False,False,False,True,,,,,,,nike/nike-waffle-racer-sneakers-in-black-and-white/prd/209815922#colourWayId-209815925,images.asos-media.com/products/nike-waffle-racer-sneakers-in-black-and-white/209815922-1-white,ASOS
ASOS_209946039,209946039,adidas Originals Superstar II sneakers in blue denim,adidas Originals,LIGHT BLUE,110.0,,,,USD,,False,False,False,False,,,,,,,adidas-originals/adidas-originals-superstar-ii-sneakers-in-blue-denim/prd/209946039#colourWayId-209946042,images.asos-media.com/products/adidas-originals-superstar-ii-sneakers-in-blue-denim/209946039-1-lightblue,ASOS
ASOS_209946119,209946119,adidas Originals Handball Spezial sneakers in burgundy and blue,adidas Originals,Burgundy,85.0,120.0,,,USD,,False,True,False,False,,,,,,,adidas-originals/adidas-originals-handball-spezial-sneakers-in-burgundy-and-blue/prd/209946119#colourWayId-209946125,images.asos-media.com/products/adidas-originals-handball-spezial-sneakers-in-burgundy-and-blue/209946119-1-burgundy,ASOS
ASOS_209946121,209946121,adidas Originals Samba OG sneakers in brown and off white,adidas Originals,BROWN,77.0,110.0,,,USD,,False,True,False,True,,,,,,,adidas-originals/adidas-originals-samba-og-sneakers-in-brown-and-off-white/prd/209946121#colourWayId-209946126,images.asos-media.com/products/adidas-originals-samba-og-sneakers-in-brown-and-off-white/209946121-1-brown,ASOS
ASOS_209979529,209979529,adidas Originals Handball Spezial sneakers in black and white,adidas Originals,Black,120.0,,,,USD,,False,False,False,False,,,,,,,adidas-originals/adidas-originals-handball-spezial-sneakers-in-black-and-white/prd/209979529#colourWayId-209979533,images.asos-media.com/products/adidas-originals-handball-spezial-sneakers-in-black-and-white/209979529-1-black,ASOS
ASOS_209979869,209979869,adidas Originals Samba OG sneakers with crochet detail in dark brown,adidas Originals,BROWN,110.0,,,,USD,,False,False,False,False,,,,,,,adidas-originals/adidas-originals-samba-og-sneakers-with-crochet-detail-in-dark-brown/prd/209979869#colourWayId-209979881,images.asos-media.com/products/adidas-originals-samba-og-sneakers-with-crochet-detail-in-dark-brown/209979869-1-brown,ASOS
ASOS_209980010,209980010,adidas Originals Gazelle Lo Pro sneakers in brown and blue,adidas Originals,BROWN,120.0,,,,USD,,False,False,False,False,,,,,,,adidas-originals/adidas-originals-gazelle-lo-pro-sneakers-in-brown-and-blue/prd/209980010#colourWayId-209980011,images.asos-media.com/products/adidas-originals-gazelle-lo-pro-sneakers-in-brown-and-blue/209980010-1-brown,ASOS
ASOS_210097070,210097070,Calvin Klein real leather double bar sandals in black,Calvin Klein,Black,121.0,,,,USD,,False,False,False,False,,,,,,,calvin-klein/calvin-klein-real-leather-double-bar-sandals-in-black/prd/210097070#colourWayId-210097072,images.asos-media.com/products/calvin-klein-real-leather-double-bar-sandals-in-black/210097070-1-black,ASOS
ASOS_210097211,210097211,Calvin Klein real leather fisherman sandals in black,Calvin Klein,Black,148.0,,,,USD,,False,False,False,False,,,,,,,calvin-klein/calvin-klein-real-leather-fisherman-sandals-in-black/prd/210097211#colourWayId-210097223,images.asos-media.com/products/calvin-klein-real-leather-fisherman-sandals-in-black/210097211-1-black,ASOS
ASOS_210131427,210131427,ASOS DESIGN penny loafers with gold-tone snaffles in black,ASOS DESIGN,Black,64.99,,,,USD,,False,False,False,False,,,,,,,asos-design/asos-design-penny-loafers-with-gold-tone-snaffles-in-black/prd/210131427#colourWayId-210131429,images.asos-media.com/products/asos-design-penny-loafers-with-gold-tone-snaffles-in-black/210131427-1-black,ASOS
ASOS_210131630,210131630,ASOS DESIGN lace up derby shoes in brown,ASOS DESIGN,BROWN,64.99,,,,USD,,False,False,False,False,,,,,,,asos-design/asos-design-lace-up-derby-shoes-in-brown/prd/210131630#colourWayId-210131631,images.asos-media.com/products/asos-design-lace-up-derby-shoes-in-brown/210131630-1-brown,ASOS
ASOS_210223964,210223964,ASOS DESIGN derby shoes in stone,ASOS DESIGN,STONE,59.99,,,,USD,,False,False,False,False,,,,,,,asos-design/asos-design-derby-shoes-in-stone/prd/210223964#colourWayId-210223970,images.asos-media.com/products/asos-design-derby-shoes-in-stone/210223964-1-stone,ASOS
ASOS_209874622,209874622,ASOS DESIGN loafers in light gray suede with tassel,ASOS DESIGN,LIGHT GRAY,94.99,,,,USD,,False,False,False,False,,,,,,,asos-design/asos-design-loafers-in-light-gray-suede-with-tassel/prd/209874622#colourWayId-209874627,images.asos-media.com/products/asos-design-loafers-in-light-gray-suede-with-tassel/209874622-1-lightgrey,ASOS
ASOS_209879480,209879480,ASOS DESIGN cross over strap sandals with buckle detailing in black leather,ASOS DESIGN,Black,64.99,,,,USD,,False,False,False,False,,,,,,,asos-design/asos-design-cross-over-strap-sandals-with-buckle-detailing-in-black-leather/prd/209879480#colourWayId-209879482,images.asos-media.com/products/asos-design-cross-over-strap-sandals-with-buckle-detailing-in-black-leather/209879480-1-black,ASOS
ASOS_209880045,209880045,ASOS DESIGN cross over strap sandals with buckle detailing in tan leather,ASOS DESIGN,TAN,64.99,,,,USD,,False,False,False,False,,,,,,,asos-design/asos-design-cross-over-strap-sandals-with-buckle-detailing-in-tan-leather/prd/209880045#colourWayId-209880060,images.asos-media.com/products/asos-design-cross-over-strap-sandals-with-buckle-detailing-in-tan-leather/209880045-1-tan,ASOS
ASOS_209970703,209970703,ASOS DESIGN two tone penny loafers in black and off white leather,ASOS DESIGN,BLACK & WHITE,89.99,,,,USD,,False,False,False,True,,,,,,,asos-design/asos-design-two-tone-penny-loafers-in-black-and-off-white-leather/prd/209970703#colourWayId-209970732,images.asos-media.com/products/asos-design-two-tone-penny-loafers-in-black-and-off-white-leather/209970703-1-blackwhite,ASOS
ASOS_210048911,210048911,ASOS DESIGN lace up desert boots in brown suede with apron toe,ASOS DESIGN,BROWN,69.99,,,,USD,,False,False,False,False,,,,,,,asos-design/asos-design-lace-up-desert-boots-in-brown-suede-with-apron-toe/prd/210048911#colourWayId-210048912,images.asos-media.com/products/asos-design-lace-up-desert-boots-in-brown-suede-with-apron-toe/210048911-1-brown,ASOS
ASOS_210606164,210606164,Keen Jasper brushed suede sneakers in yellow,Keen,Yellow and Blue,208.0,,,,USD,,False,False,False,False,,,,,,,keen/keen-jasper-brushed-suede-sneakers-in-yellow/prd/210606164#colourWayId-210606165,images.asos-media.com/products/keen-jasper-brushed-suede-sneakers-in-yellow/210606164-1-yellowandblue,ASOS
ASOS_210606174,210606174,Keen Uneek WK sneakers in black,Keen,Black/black,208.0,,,,USD,,False,False,False,False,,,,,,,keen/keen-uneek-wk-sneakers-in-black/prd/210606174#colourWayId-210606175,images.asos-media.com/products/keen-uneek-wk-sneakers-in-black/210606174-1-blackblack,ASOS
ASOS_210606184,210606184,Keen Jasper brushed suede sneakers in beige,Keen,SILVER,208.0,,,,USD,,False,False,False,False,,,,,,,keen/keen-jasper-brushed-suede-sneakers-in-beige/prd/210606184#colourWayId-210606185,images.asos-media.com/products/keen-jasper-brushed-suede-sneakers-in-beige/210606184-1-silver,ASOS
ASOS_210606204,210606204,Keen Jasper Zionic brushed suede sneakers in beige,Keen,BEIGE,260.0,,,,USD,,False,False,False,False,,,,,,,keen/keen-jasper-zionic-brushed-suede-sneakers-in-beige/prd/210606204#colourWayId-210606205,images.asos-media.com/products/keen-jasper-zionic-brushed-suede-sneakers-in-beige/210606204-1-beige,ASOS
ASOS_210606214,210606214,Keen Jasper Rocks brushed suede sneakers in stone,Keen,Birch/black,208.0,,,,USD,,False,False,False,False,,,,,,,keen/keen-jasper-rocks-brushed-suede-sneakers-in-stone/prd/210606214#colourWayId-210606215,images.asos-media.com/products/keen-jasper-rocks-brushed-suede-sneakers-in-stone/210606214-1-birchblack,ASOS
ASOS_210606260,210606260,Keen Uneek sandals in taupe,Keen,Taupe,191.0,,,,USD,,False,False,False,False,,,,,,,keen/keen-uneek-sandals-in-taupe/prd/210606260#colourWayId-210606261,images.asos-media.com/products/keen-uneek-sandals-in-taupe/210606260-1-taupe,ASOS
ASOS_210606297,210606297,Keen Uneek sandals in black,Keen,Black/black,191.0,,,,USD,,False,False,False,False,,,,,,,keen/keen-uneek-sandals-in-black/prd/210606297#colourWayId-210606298,images.asos-media.com/products/keen-uneek-sandals-in-black/210606297-1-blackblack,ASOS
ASOS_209914326,209914326,ASOS DESIGN penny loafers with natural sole and embossed weave in stone,ASOS DESIGN,STONE,54.99,,,,USD,,False,False,False,False,,,,,,,asos-design/asos-design-penny-loafers-with-natural-sole-and-embossed-weave-in-stone/prd/209914326#colourWayId-209914334,images.asos-media.com/products/asos-design-penny-loafers-with-natural-sole-and-embossed-weave-in-stone/209914326-1-stone,ASOS
ASOS_210047454,210047454,ASOS DESIGN two strap sandals with cork soles in light pink bonded suede,ASOS DESIGN,LIGHT PINK,54.99,,,,USD,,False,False,False,False,,,,,,,asos-design/asos-design-two-strap-sandals-with-cork-soles-in-light-pink-bonded-suede/prd/210047454#colourWayId-210047466,images.asos-media.com/products/asos-design-two-strap-sandals-with-cork-soles-in-light-pink-bonded-suede/210047454-1-lightpink,ASOS
ASOS_210047456,210047456,ASOS DESIGN loafers in taupe,ASOS DESIGN,Taupe,59.99,,,,USD,,False,False,False,False,,,,,,,asos-design/asos-design-loafers-in-taupe/prd/210047456#colourWayId-210047462,images.asos-media.com/products/asos-design-loafers-in-taupe/210047456-1-taupe,ASOS
ASOS_210047504,210047504,ASOS DESIGN mule sandals with cork soles in sage bonded suede,ASOS DESIGN,SAGE,59.99,,,,USD,,False,False,False,False,,,,,,,asos-design/asos-design-mule-sandals-with-cork-soles-in-sage-bonded-suede/prd/210047504#colourWayId-210047514,images.asos-media.com/products/asos-design-mule-sandals-with-cork-soles-in-sage-bonded-suede/210047504-1-sage,ASOS
ASOS_210050769,210050769,ASOS DESIGN boat shoe espadrilles in khaki canvas,ASOS DESIGN,Khaki,42.99,,,,USD,,False,False,False,False,,,,,,,asos-design/asos-design-boat-shoe-espadrilles-in-khaki-canvas/prd/210050769#colourWayId-210050773,images.asos-media.com/products/asos-design-boat-shoe-espadrilles-in-khaki-canvas/210050769-1-khaki,ASOS
ASOS_210050812,210050812,ASOS DESIGN penny loafers with gold snaffle in taupe,ASOS DESIGN,Taupe,64.99,,,,USD,,False,False,False,False,,,,,,,asos-design/asos-design-penny-loafers-with-gold-snaffle-in-taupe/prd/210050812#colourWayId-210050816,images.asos-media.com/products/asos-design-penny-loafers-with-gold-snaffle-in-taupe/210050812-1-taupe,ASOS
ASOS_210167257,210167257,ASOS DESIGN boot with metal hardware and removable buckle in black,ASOS DESIGN,Black,99.99,,,,USD,,False,False,False,False,,,,,,,asos-design/asos-design-boot-with-metal-hardware-and-removable-buckle-in-black/prd/210167257#colourWayId-210167273,images.asos-media.com/products/asos-design-boot-with-metal-hardware-and-removable-buckle-in-black/210167257-1-black,ASOS
ASOS_210047506,210047506,ASOS DESIGN mule sandals with cork sole in clay bonded suede,ASOS DESIGN,Teracotta,59.99,,,,USD,,False,False,False,False,,,,,,,asos-design/asos-design-mule-sandals-with-cork-sole-in-clay-bonded-suede/prd/210047506#colourWayId-210047515,images.asos-media.com/products/asos-design-mule-sandals-with-cork-sole-in-clay-bonded-suede/210047506-1-teracotta,ASOS
ASOS_210047507,210047507,ASOS DESIGN mule sandals with cork sole in brown tumbled bonded leather,ASOS DESIGN,BROWN,59.99,,,,USD,,False,False,False,False,,,,,,,asos-design/asos-design-mule-sandals-with-cork-sole-in-brown-tumbled-bonded-leather/prd/210047507#colourWayId-210047516,images.asos-media.com/products/asos-design-mule-sandals-with-cork-sole-in-brown-tumbled-bonded-leather/210047507-1-brown,ASOS
ASOS_210067260,210067260,ASOS DESIGN cross over strap sandals in black,ASOS DESIGN,Black,54.99,,,,USD,,False,False,False,False,,,,,,,asos-design/asos-design-cross-over-strap-sandals-in-black/prd/210067260#colourWayId-210067262,images.asos-media.com/products/asos-design-cross-over-strap-sandals-in-black/210067260-1-black,ASOS
ASOS_210657443,210657443,Mango 100% suede drivers with tonal lacing in tan,Mango,TAN,119.99,,,,USD,,False,False,False,False,,,,,,,mango/mango-100-suede-drivers-with-tonal-lacing-in-tan/prd/210657443#colourWayId-210657449,images.asos-media.com/products/mango-100-suede-drivers-with-tonal-lacing-in-tan/210657443-1-tan,ASOS
ASOS_210657544,210657544,Mango 100% leather cross strap design sandals with buckle detailing in black,Mango,Black,119.99,,,,USD,,False,False,False,False,,,,,,,mango/mango-100-leather-cross-strap-design-sandals-with-buckle-detailing-in-black/prd/210657544#colourWayId-210657545,images.asos-media.com/products/mango-100-leather-cross-strap-design-sandals-with-buckle-detailing-in-black/210657544-1-black,ASOS
ASOS_210657679,210657679,Mango 100% suede drivers with grommet detailing in khaki green,Mango,Khaki,119.99,,,,USD,,False,False,False,False,,,,,,,mango/mango-100-suede-drivers-with-grommet-detailing-in-khaki-green/prd/210657679#colourWayId-210657680,images.asos-media.com/products/mango-100-suede-drivers-with-grommet-detailing-in-khaki-green/210657679-1-khaki,ASOS
ASOS_209360535,209360535,adidas Originals Adistar Control 5 sneakers in gray and blue,adidas Originals,LIGHT GRAY,120.0,,,,USD,,False,False,False,False,,,,,,,adidas-originals/adidas-originals-adistar-control-5-sneakers-in-gray-and-blue/prd/209360535#colourWayId-209360547,images.asos-media.com/products/adidas-originals-adistar-control-5-sneakers-in-gray-and-blue/209360535-1-lightgrey,ASOS
ASOS_209448166,209448166,ASOS DESIGN penny loafers in tan suede,ASOS DESIGN,TAN,84.99,,,,USD,,False,False,False,False,,,,,,,asos-design/asos-design-penny-loafers-in-tan-suede/prd/209448166#colourWayId-209448170,images.asos-media.com/products/asos-design-penny-loafers-in-tan-suede/209448166-1-tan,ASOS
ASOS_209874804,209874804,ASOS DESIGN tassel loafers in khaki-green suede,ASOS DESIGN,Khaki,74.99,,,,USD,,False,False,False,False,,,,,,,asos-design/asos-design-tassel-loafers-in-khaki-green-suede/prd/209874804#colourWayId-209874825,images.asos-media.com/products/asos-design-tassel-loafers-in-khaki-green-suede/209874804-1-khaki,ASOS
ASOS_210052598,210052598,ASOS DESIGN closed fisherman sandals in black leather,ASOS DESIGN,Black,64.99,,,,USD,,False,False,False,False,,,,,,,asos-design/asos-design-closed-fisherman-sandals-in-black-leather/prd/210052598#colourWayId-210052600,images.asos-media.com/products/asos-design-closed-fisherman-sandals-in-black-leather/210052598-1-black,ASOS
ASOS_210097305,210097305,Calvin Klein real leather cross strap sandals in burgundy,Calvin Klein,Bordeaux/Black,121.0,,,,USD,,False,False,False,False,,,,,,,calvin-klein/calvin-klein-real-leather-cross-strap-sandals-in-burgundy/prd/210097305#colourWayId-210097310,images.asos-media.com/products/calvin-klein-real-leather-cross-strap-sandals-in-burgundy/210097305-1-bordeauxblack,ASOS
ASOS_210729998,210729998,River Island faux suede penny loafers in brown,River Island,BROWN - DARK,112.0,,,,USD,,False,False,False,False,,,,,,,river-island/river-island-faux-suede-penny-loafers-in-brown/prd/210729998#colourWayId-210730000,images.asos-media.com/products/river-island-faux-suede-penny-loafers-in-brown/210729998-1-browndark,ASOS
ASOS_209488011,209488011,ASOS DESIGN loafers in tan suede,ASOS DESIGN,TAN,89.99,,,,USD,,False,False,False,True,,,,,,,asos-design/asos-design-loafers-in-tan-suede/prd/209488011#colourWayId-209488015,images.asos-media.com/products/asos-design-loafers-in-tan-suede/209488011-1-tan,ASOS
ASOS_209874385,209874385,ASOS DESIGN penny loafers in stone suede,ASOS DESIGN,STONE,84.99,,,,USD,,False,False,False,False,,,,,,,asos-design/asos-design-penny-loafers-in-stone-suede/prd/209874385#colourWayId-209874394,images.asos-media.com/products/asos-design-penny-loafers-in-stone-suede/209874385-1-stone,ASOS
ASOS_209914308,209914308,ASOS DESIGN knit lace up sneakers with white soles,ASOS DESIGN,NAVY,64.99,,,,USD,,False,False,False,False,,,,,,,asos-design/asos-design-knit-lace-up-sneakers-with-white-soles/prd/209914308#colourWayId-209914310,images.asos-media.com/products/asos-design-knit-lace-up-sneakers-with-white-soles/209914308-1-navy,ASOS
ASOS_209914325,209914325,ASOS DESIGN espadrilles with step down in beige canvas,ASOS DESIGN,BEIGE,34.99,,,,USD,,False,False,False,False,,,,,,,asos-design/asos-design-espadrilles-with-step-down-in-beige-canvas/prd/209914325#colourWayId-209914331,images.asos-media.com/products/asos-design-espadrilles-with-step-down-in-beige-canvas/209914325-1-beige,ASOS
ASOS_209914426,209914426,ASOS DESIGN espadrilles in brown,ASOS DESIGN,BROWN,29.99,,,,USD,,False,False,False,False,,,,,,,asos-design/asos-design-espadrilles-in-brown/prd/209914426#colourWayId-209914428,images.asos-media.com/products/asos-design-espadrilles-in-brown/209914426-1-brown,ASOS
ASOS_209914471,209914471,ASOS DESIGN classic strap sandals in khaki green,ASOS DESIGN,Khaki,47.99,,,,USD,,False,False,False,False,,,,,,,asos-design/asos-design-classic-strap-sandals-in-khaki-green/prd/209914471#colourWayId-209914473,images.asos-media.com/products/asos-design-classic-strap-sandals-in-khaki-green/209914471-1-khaki,ASOS
ASOS_209916262,209916262,ASOS DESIGN mule loafers with tassels in embossed brown,ASOS DESIGN,BROWN,64.99,,,,USD,,False,False,False,False,,,,,,,asos-design/asos-design-mule-loafers-with-tassels-in-embossed-brown/prd/209916262#colourWayId-209916268,images.asos-media.com/products/asos-design-mule-loafers-with-tassels-in-embossed-brown/209916262-1-brown,ASOS
ASOS_209916287,209916287,ASOS DESIGN espadrilles with raffia toe caps in light brown canvas,ASOS DESIGN,LIGHT BROWN,34.99,,,,USD,,False,False,False,False,,,,,,,asos-design/asos-design-espadrilles-with-raffia-toe-caps-in-light-brown-canvas/prd/209916287#colourWayId-209916300,images.asos-media.com/products/asos-design-espadrilles-with-raffia-toe-caps-in-light-brown-canvas/209916287-1-lightbrown,ASOS
ASOS_209970870,209970870,ASOS DESIGN paneled sneakers in white and beige,ASOS DESIGN,White & Beige,64.99,,,,USD,,False,False,False,False,,,,,,,asos-design/asos-design-paneled-sneakers-in-white-and-beige/prd/209970870#colourWayId-209970875,images.asos-media.com/products/asos-design-paneled-sneakers-in-white-and-beige/209970870-1-whitebeige,ASOS
ASOS_209971045,209971045,ASOS DESIGN fisherman sandals with buckle detailing in black,ASOS DESIGN,Black,49.99,,,,USD,,False,False,False,False,,,,,,,asos-design/asos-design-fisherman-sandals-with-buckle-detailing-in-black/prd/209971045#colourWayId-209971071,images.asos-media.com/products/asos-design-fisherman-sandals-with-buckle-detailing-in-black/209971045-1-black,ASOS
ASOS_209971134,209971134,ASOS DESIGN espadrilles in woven off-white natural,ASOS DESIGN,Off-white,37.99,,,,USD,,False,False,False,False,,,,,,,asos-design/asos-design-espadrilles-in-woven-off-white-natural/prd/209971134#colourWayId-209971135,images.asos-media.com/products/asos-design-espadrilles-in-woven-off-white-natural/209971134-1-offwhite,ASOS
ASOS_210050700,210050700,ASOS DESIGN penny loafers in woven natural,ASOS DESIGN,NATURAL,64.99,,,,USD,,False,False,False,False,,,,,,,asos-design/asos-design-penny-loafers-in-woven-natural/prd/210050700#colourWayId-210050722,images.asos-media.com/products/asos-design-penny-loafers-in-woven-natural/210050700-1-natural,ASOS
ASOS_210050766,210050766,ASOS DESIGN two tone penny loafers with raffia detailing in black and cream,ASOS DESIGN,Black & Cream,64.99,,,,USD,,False,False,False,False,,,,,,,asos-design/asos-design-two-tone-penny-loafers-with-raffia-detailing-in-black-and-cream/prd/210050766#colourWayId-210050775,images.asos-media.com/products/asos-design-two-tone-penny-loafers-with-raffia-detailing-in-black-and-cream/210050766-1-blackcream,ASOS
ASOS_210052285,210052285,ASOS DESIGN runner sneakers in white and silver,ASOS DESIGN,White And Silver,74.99,,,,USD,,False,False,False,False,,,,,,,asos-design/asos-design-runner-sneakers-in-white-and-silver/prd/210052285#colourWayId-210052293,images.asos-media.com/products/asos-design-runner-sneakers-in-white-and-silver/210052285-1-whiteandsilver,ASOS
ASOS_210067336,210067336,ASOS DESIGN two strap sandals with western buckles in black,ASOS DESIGN,Black,54.99,,,,USD,,False,False,False,False,,,,,,,asos-design/asos-design-two-strap-sandals-with-western-buckles-in-black/prd/210067336#colourWayId-210067337,images.asos-media.com/products/asos-design-two-strap-sandals-with-western-buckles-in-black/210067336-1-black,ASOS
H&M_1367091003,1367091003,Lace-Trimmed Cotton T-Shirt,H&M,Black,19.99,,19.99,19.99,USD,ladies_tops_shortsleeve,True,,,,Available,False,True,"XS, XL, L, M, S",5,10,https://www2.hm.com/en_us/productpage.1367091003.html,https://image.hm.com/assets/hm/ab/0e/ab0ea368e4a6cb628e82ebb1d86090c3e77e84e8.jpg,H&M
H&M_1369207001,1369207001,Crochet-Look Cardigan,H&M,Ivory,69.99,,69.99,69.99,USD,ladies_cardigansjumpers_cardigans,True,,,,Available,False,True,"M/L, XS/S",2,4,https://www2.hm.com/en_us/productpage.1369207001.html,https://image.hm.com/assets/hm/6b/d8/6bd8899ab0a63a457c11799309ef78f7f3197de3.jpg,H&M
H&M_1367091002,1367091002,Lace-Trimmed Cotton T-Shirt,H&M,White/cream,19.99,,19.99,19.99,USD,ladies_tops_shortsleeve,True,,,,Available,False,True,"M, L, S, XL",4,8,https://www2.hm.com/en_us/productpage.1367091002.html,https://image.hm.com/assets/hm/aa/61/aa61e66ca449eb1c93845e52899fc8ef717bac4a.jpg,H&M
H&M_1367091001,1367091001,Lace-Trimmed Cotton T-Shirt,H&M,Burgundy,19.99,,19.99,19.99,USD,ladies_tops_shortsleeve,True,,,,Available,False,True,"S, M, XS, L, XL",5,10,https://www2.hm.com/en_us/productpage.1367091001.html,https://image.hm.com/assets/hm/a5/6d/a56df55e0db83448010265f20af0ef83059df8b8.jpg,H&M
H&M_1330502003,1330502003,Lace-Trimmed Skirt,H&M,Black,44.99,,44.99,44.99,USD,ladies_skirts_longskirts,True,,,,Available,False,True,"M, L, XS, S",4,8,https://www2.hm.com/en_us/productpage.1330502003.html,https://image.hm.com/assets/hm/cd/1d/cd1dba549f352c454c5ca0fb57ba0eb53ab512c7.jpg,H&M
H&M_1362513001,1362513001,Long-sleeved Knit Top,H&M,Light beige/striped,24.99,,24.99,24.99,USD,ladies_tops_knitted,True,,,,Available,False,True,"XS, S, M, L",4,8,https://www2.hm.com/en_us/productpage.1362513001.html,https://image.hm.com/assets/hm/f4/46/f4466920726d80b6f4e88c80270e677fd6f06094.jpg,H&M
H&M_1365113001,1365113001,Poplin Shirt Dress,H&M,Cream/floral,44.99,,44.99,44.99,USD,ladies_dresses_mididresses,True,,,,Available,False,True,"XS, S, M, L",4,8,https://www2.hm.com/en_us/productpage.1365113001.html,https://image.hm.com/assets/hm/88/81/888180e8f9749f959a3c708310b3413f6e86a931.jpg,H&M
H&M_1343036004,1343036004,Ribbed Button-Front Top,H&M,White,14.99,,14.99,14.99,USD,ladies_tops_shortsleeve,False,,,,Available,False,True,"XXL, S, M, L, XL, XS",6,12,https://www2.hm.com/en_us/productpage.1343036004.html,https://image.hm.com/assets/hm/86/30/8630e5e31c95b499e4301ae8c9f529109b656a1d.jpg,H&M
H&M_1351964001,1351964001,Lace-Trimmed Jacquard-Jersey Pants,H&M,Cream/white,29.99,,29.99,29.99,USD,ladies_trousers_highwaisted,False,,,,Available,False,True,"XS, S, M, L",4,8,https://www2.hm.com/en_us/productpage.1351964001.html,https://image.hm.com/assets/hm/6c/52/6c523f77a81aa7c249ecc4aca60ddcc3a10e85db.jpg,H&M
H&M_1328441014,1328441014,Ribbed Boat-Neck Top,H&M,Black,12.99,,12.99,12.99,USD,ladies_tops_longsleeve,True,,,,Available,False,True,"S, M, L, XL, XS",5,10,https://www2.hm.com/en_us/productpage.1328441014.html,https://image.hm.com/assets/hm/85/0d/850d7eef9bd9e7e537e3e48296942131e74558b1.jpg,H&M
H&M_579541001,579541001,Fine-Knit Cardigan,H&M,Black,17.99,,17.99,17.99,USD,ladies_basics_cardigansjumpers,False,,,,Available,False,True,"XS, L, XL, S, M",5,10,https://www2.hm.com/en_us/productpage.0579541001.html,https://image.hm.com/assets/hm/28/74/2874d9c939be32d2a29a169ef39be46379f091d1.jpg,H&M
H&M_1351927003,1351927003,Long-Sleeved Boat-Neck Top,H&M,Dark brown/striped,19.99,,19.99,19.99,USD,ladies_tops_longsleeve,False,,,,Available,False,True,"XS, S, XL, M, L",5,10,https://www2.hm.com/en_us/productpage.1351927003.html,https://image.hm.com/assets/hm/99/2d/992d2ad2e0e30a68b20b93cb820dd02491d3ad5f.jpg,H&M
H&M_1345596002,1345596002,Long-Sleeved Cotton Top,H&M,Pink/striped,19.99,,19.99,19.99,USD,ladies_tops_longsleeve,True,,,,Available,False,True,"S, XS, XXL, XL, L, M",6,12,https://www2.hm.com/en_us/productpage.1345596002.html,https://image.hm.com/assets/hm/c6/76/c676ec73b9790b101c25e3ba7422787aab47fc7f.jpg,H&M
H&M_1341808001,1341808001,Fitted T-Shirt,H&M,White,14.99,,14.99,14.99,USD,ladies_basics_tops_shortsleeve,False,,,,Available,False,True,"XS, S, M, L, XL, XXL",6,12,https://www2.hm.com/en_us/productpage.1341808001.html,https://image.hm.com/assets/hm/3c/36/3c36815154141214d53b5be976e5a06effe74b6b.jpg,H&M
H&M_1336390001,1336390001,Tie-Belt Cargo Pants,H&M,Dark brown,29.99,,29.99,29.99,USD,ladies_trousers_barrel,True,,,,Available,False,True,"16, 20, 18, 2, 0, 6, 4, 10, 8, 14, 12",11,22,https://www2.hm.com/en_us/productpage.1336390001.html,https://image.hm.com/assets/hm/db/d7/dbd743dfac5d65c3e4364c1ee73f5655715653bd.jpg,H&M
H&M_1343036002,1343036002,Ribbed Button-Front Top,H&M,Black,14.99,,14.99,14.99,USD,ladies_tops_shortsleeve,False,,,,Available,False,True,"XXL, XL, L, M, S, XS",6,12,https://www2.hm.com/en_us/productpage.1343036002.html,https://image.hm.com/assets/hm/87/f0/87f01d67e728ae1d219f34b42c6167a94e333ae5.jpg,H&M
H&M_1351683002,1351683002,Stand-Up Collar Jersey Top,H&M,Black,9.99,,9.99,9.99,USD,ladies_basics_tops_shortsleeve,True,,,,Available,False,True,"XXL, XL, L, M, S, XS",6,12,https://www2.hm.com/en_us/productpage.1351683002.html,https://image.hm.com/assets/hm/dc/ba/dcbaa7094fbd844057f461f98d74024ad90c765d.jpg,H&M
H&M_1351340002,1351340002,Cotton Polo Shirt,H&M,Dark brown/striped,19.99,,19.99,19.99,USD,ladies_tops_collared,True,,,,Available,False,True,"M, L, XS, S, XL, XXL",6,12,https://www2.hm.com/en_us/productpage.1351340002.html,https://image.hm.com/assets/hm/23/24/23242050a13d675a0e7302ba4bdaa719f45b5668.jpg,H&M
H&M_1246922049,1246922049,Midi Skirt,H&M,Light beige,29.99,,29.99,29.99,USD,Ladies_skirts_highwaisted,True,,,,Available,False,True,"XXL, XL, L, M, S, XS",6,12,https://www2.hm.com/en_us/productpage.1246922049.html,https://image.hm.com/assets/hm/64/f7/64f73ed53729230f1c7ba894273d9eaeaf30f806.jpg,H&M
H&M_963662002,963662002,Cotton T-shirt,H&M,Black,9.99,,9.99,9.99,USD,ladies_basics_tops_shortsleeve,False,,,,Available,False,True,"M, S, XL, L, XXL, XS",6,12,https://www2.hm.com/en_us/productpage.0963662002.html,https://image.hm.com/assets/hm/b3/d0/b3d045a44b5cb2dedc2a1fb3bc6960e932b83f09.jpg,H&M
H&M_1345596003,1345596003,Long-Sleeved Cotton Top,H&M,Gray melange/striped,19.99,,19.99,19.99,USD,ladies_tops_longsleeve,True,,,,Available,False,True,"L, XL, XXL, XS, S, M",6,12,https://www2.hm.com/en_us/productpage.1345596003.html,https://image.hm.com/assets/hm/11/bb/11bb4666ea931d2c93d7eff97c003939de14a37f.jpg,H&M
H&M_1350173002,1350173002,Fine-knit cape top,H&M,Light beige,29.99,,29.99,29.99,USD,ladies_tops_knitted,True,,,,Available,False,True,"XS, L, XL, S, M",5,10,https://www2.hm.com/en_us/productpage.1350173002.html,https://image.hm.com/assets/hm/c1/f7/c1f7bbee81a3864ad340817818fce9fe1471766e.jpg,H&M
H&M_1345596001,1345596001,Long-Sleeved Cotton Top,H&M,Dark brown/striped,19.99,,19.99,19.99,USD,ladies_tops_longsleeve,True,,,,Available,False,True,"XXL, XS, XL, L, M, S",6,12,https://www2.hm.com/en_us/productpage.1345596001.html,https://image.hm.com/assets/hm/b2/0d/b20d7704701edeea525827814fb362295751e35e.jpg,H&M
H&M_1322595006,1322595006,Ruffle-Trimmed Cotton Blouse,H&M,Light taupe/checked,19.99,,19.99,19.99,USD,ladies_shirtsblouses_blouses,True,,,,Available,False,True,"L, M, XXL, XL, S, XS",6,12,https://www2.hm.com/en_us/productpage.1322595006.html,https://image.hm.com/assets/hm/8d/29/8d297139ac948ce474346adb009f2bb920068aaa.jpg,H&M
H&M_1360820003,1360820003,Balloon-Sleeved Cotton Shirt,H&M,Dark blue,24.99,,24.99,24.99,USD,ladies_shirtsblouses_shirts,True,,,,Available,False,True,"XL, M, L, XS, S",5,10,https://www2.hm.com/en_us/productpage.1360820003.html,https://image.hm.com/assets/hm/72/40/72401d1f9c713e6008ddf4706fcaa201086cc509.jpg,H&M
H&M_1340762001,1340762001,Stand-Up Collar Viscose-Blend Shirt,H&M,Light khaki green,24.99,,24.99,24.99,USD,ladies_shirtsblouses_shirts,True,,,,Available,False,True,"XS, S, M, L",4,8,https://www2.hm.com/en_us/productpage.1340762001.html,https://image.hm.com/assets/hm/cc/b7/ccb79ca9c6c3e534aeb7a7a6d3b12be0ba701f8f.jpg,H&M
H&M_1329534002,1329534002,Balloon-Leg Poplin Pants,H&M,Dark khaki green,24.99,,24.99,24.99,USD,ladies_trousers_drawstring,True,,,,Available,False,True,"XL, XS, S, M, L",5,10,https://www2.hm.com/en_us/productpage.1329534002.html,https://image.hm.com/assets/hm/c4/1c/c41c668f9ac7438f808d91618904c83040448f94.jpg,H&M
H&M_1362514001,1362514001,Knit Drawstring Pants,H&M,Cream/striped,24.99,,24.99,24.99,USD,ladies_trousers_drawstring,True,,,,Available,False,True,"M, L, XS, S",4,8,https://www2.hm.com/en_us/productpage.1362514001.html,https://image.hm.com/assets/hm/ee/54/ee549d3ee26605f5ac35be5829dffd21c5bd9bcf.jpg,H&M
H&M_1366053001,1366053001,One-Shoulder Cape Top,H&M,Ivory,39.99,,39.99,39.99,USD,ladies_tops,True,,,,Available,False,True,"XS, S, M, L",4,8,https://www2.hm.com/en_us/productpage.1366053001.html,https://image.hm.com/assets/hm/ff/10/ff10dd025481b22edf4f62be7b5b55ced7f20f55.jpg,H&M
H&M_1351683001,1351683001,Stand-Up Collar Jersey Top,H&M,Cream,9.99,,9.99,9.99,USD,ladies_basics_tops_shortsleeve,True,,,,Available,False,True,"L, XL, S, M, XXL, XS",6,12,https://www2.hm.com/en_us/productpage.1351683001.html,https://image.hm.com/assets/hm/52/b8/52b89b2de7d509adf9b24f56576ad17189e4d733.jpg,H&M
H&M_1347186001,1347186001,Fitted Modal T-Shirt,H&M,Black,9.99,,9.99,9.99,USD,ladies_basics_tops_shortsleeve,False,,,,Available,False,True,"S, XS, XL, L, M",5,10,https://www2.hm.com/en_us/productpage.1347186001.html,https://image.hm.com/assets/hm/9b/bf/9bbfd11c674cf131d509ebd60de75e7943db9d4e.jpg,H&M
H&M_1295947001,1295947001,Slacks,H&M,Black,29.99,,29.99,29.99,USD,ladies_trousers_chinosslacks,False,,,,Available,False,True,"2, 24, 0, 22, 20, 18, 10, 8, 6, 4, 16, 14, 12",13,26,https://www2.hm.com/en_us/productpage.1295947001.html,https://image.hm.com/assets/hm/a9/7f/a97f7ea540a566b66a3e3817bc072c3a957e49ec.jpg,H&M
H&M_1345795001,1345795001,Ballet-inspired satin mules,H&M,Light beige,29.99,,29.99,29.99,USD,ladies_shoes_mules,True,,,,Available,False,True,"8, 9, 6, 7, 4, 5, 11, 10",8,16,https://www2.hm.com/en_us/productpage.1345795001.html,https://image.hm.com/assets/hm/dc/25/dc257acd51803c6053036604f0b3ff6dd0ef996b.jpg,H&M
H&M_579541221,579541221,Fine-Knit Cardigan,H&M,Dark taupe,17.99,,17.99,17.99,USD,ladies_basics_cardigansjumpers,False,,,,Available,False,True,"S, M, L, XL, XS",5,10,https://www2.hm.com/en_us/productpage.0579541221.html,https://image.hm.com/assets/hm/0f/2c/0f2c2bebdd35da6b907c8f45f3488ff15fe5da88.jpg,H&M
H&M_1351648001,1351648001,Tie-Detail Button-Front Dress,H&M,Black/floral,39.99,,39.99,39.99,USD,ladies_dresses_flared,True,,,,Available,False,True,"XXL, XL, S, XS, L, M",6,12,https://www2.hm.com/en_us/productpage.1351648001.html,https://image.hm.com/assets/hm/53/99/5399a2e9b387a80d7f4c146813f368bbe8265929.jpg,H&M
H&M_1341688020,1341688020,Oversized Printed T-Shirt,H&M,Dark gray/Pink Floyd,19.99,,19.99,19.99,USD,ladies_tops_printed_tshirts,True,,,,Available,False,True,"L, M, XXL, XL, S, XS",6,12,https://www2.hm.com/en_us/productpage.1341688020.html,https://image.hm.com/assets/hm/2b/4f/2b4f148d843ebfccce918fd26c0ed64194b8739f.jpg,H&M
H&M_1246290001,1246290001,Oversized T-shirt,H&M,Black,12.99,,12.99,12.99,USD,ladies_basics_tops_shortsleeve,False,,,,Available,False,True,"XS, S, M, L, XL, XXL",6,12,https://www2.hm.com/en_us/productpage.1246290001.html,https://image.hm.com/assets/hm/2d/dc/2ddc16bae508300fba69c85361442b2067314c31.jpg,H&M
H&M_579541227,579541227,Fine-Knit Cardigan,H&M,Cream,17.99,,17.99,17.99,USD,ladies_basics_cardigansjumpers,False,,,,Available,False,True,"M, S, XS, XL, L",5,10,https://www2.hm.com/en_us/productpage.0579541227.html,https://image.hm.com/assets/hm/0b/24/0b24dafd830841198c33903b4a87b3bbcc84f1df.jpg,H&M
H&M_1342780001,1342780001,Tie-Detail Boat-Neck Top,H&M,Dark taupe,24.99,,24.99,24.99,USD,ladies_tops_shortsleeve,True,,,,Available,False,True,"XS, M, S, L",4,8,https://www2.hm.com/en_us/productpage.1342780001.html,https://image.hm.com/assets/hm/79/aa/79aaa1c2148c5ead2ff1a65f8e49cad6420e5d7a.jpg,H&M
H&M_1199249015,1199249015,Wide-leg Joggers,H&M,Light gray melange,19.99,,19.99,19.99,USD,ladies_basics_trousersleggings,False,,,,Available,False,True,"XL, XXL, XS, S, M, L, 4XL",7,14,https://www2.hm.com/en_us/productpage.1199249015.html,https://image.hm.com/assets/hm/4b/cb/4bcb44d265f4a285edfff310178e2b91ceb79e31.jpg,H&M
H&M_1353568001,1353568001,Cotton Peplum Shirt,H&M,Light blue/pinstriped,24.99,,24.99,24.99,USD,ladies_shirtsblouses_shirts,True,,,,Available,False,True,"L, S, M, XS",4,8,https://www2.hm.com/en_us/productpage.1353568001.html,https://image.hm.com/assets/hm/db/84/db842f419374273eb1f5aa1f6531360bc2f879ec.jpg,H&M
H&M_1343831001,1343831001,Ribbed V-Neck Tank Top,H&M,Black,9.99,,9.99,9.99,USD,ladies_tops,False,,,,Available,False,True,"XL, L, M, S, XS, XXS",6,12,https://www2.hm.com/en_us/productpage.1343831001.html,https://image.hm.com/assets/hm/37/ea/37ead900c07a162f6cb792f727b7d137fdeb2569.jpg,H&M
H&M_1343831002,1343831002,Ribbed V-Neck Tank Top,H&M,Cream,9.99,,9.99,9.99,USD,ladies_tops,True,,,,Available,False,True,"XS, S, M, L, XL, XXL",6,12,https://www2.hm.com/en_us/productpage.1343831002.html,https://image.hm.com/assets/hm/5b/36/5b366d2d3f5c0a16eedc28f5ae172c47e5de445b.jpg,H&M
H&M_1340697002,1340697002,Ribbed Cotton Tank Top,H&M,White,12.99,,12.99,12.99,USD,ladies_basics_tops_vests,False,,,,Available,False,True,"XXL, XL, L, M, S, XS",6,12,https://www2.hm.com/en_us/productpage.1340697002.html,https://image.hm.com/assets/hm/20/65/206508311a257e166c3eb7cd0c77deb0d7fe4e60.jpg,H&M
H&M_1340767001,1340767001,Viscose-Blend Top with Keyhole Detail,H&M,Black,24.99,,24.99,24.99,USD,ladies_tops_shortsleeve,True,,,,Available,False,True,"M, S, XS",3,6,https://www2.hm.com/en_us/productpage.1340767001.html,https://image.hm.com/assets/hm/10/ea/10eac5374fe58adec59450c753190e6ea34f6c3d.jpg,H&M
H&M_963662180,963662180,Cotton T-shirt,H&M,Light pink,9.99,,9.99,9.99,USD,ladies_basics_tops_shortsleeve,False,,,,Available,False,True,"XXL, XL, S, XS, L, M",6,12,https://www2.hm.com/en_us/productpage.0963662180.html,https://image.hm.com/assets/hm/94/a1/94a1f110f5e3c226b8ba2c6f96a007b6a4399859.jpg,H&M
H&M_1341689025,1341689025,Oversized Printed T-Shirt,H&M,Gray melange/striped,19.99,,19.99,19.99,USD,ladies_tops_printed_tshirts,False,,,,Available,False,True,"S, XS, L, M, XXL, XL",6,12,https://www2.hm.com/en_us/productpage.1341689025.html,https://image.hm.com/assets/hm/10/1d/101d7a1b6d2bd86969c8bf44b229fe26029f8a18.jpg,H&M
H&M_1246290002,1246290002,Oversized T-shirt,H&M,White,12.99,,12.99,12.99,USD,ladies_basics_tops_shortsleeve,False,,,,Available,False,True,"XS, S, M, L, XL, XXL",6,12,https://www2.hm.com/en_us/productpage.1246290002.html,https://image.hm.com/assets/hm/8f/37/8f37e32b1f80f93082875dbb2d19fc22e1bc0299.jpg,H&M
H&M_1246290030,1246290030,Oversized T-shirt,H&M,Burgundy/white striped,12.99,,12.99,12.99,USD,ladies_basics_tops_shortsleeve,False,,,,Available,False,True,"XS, S, XL, XXL, M, L",6,12,https://www2.hm.com/en_us/productpage.1246290030.html,https://image.hm.com/assets/hm/2a/a8/2aa8a9b074f5d9e959d5ac65e27a09e56609a1bc.jpg,H&M
H&M_963662167,963662167,Cotton T-shirt,H&M,Navy blue,9.99,,9.99,9.99,USD,ladies_basics_tops_shortsleeve,False,,,,Available,False,True,"XS, XXL, S, M, L, XL",6,12,https://www2.hm.com/en_us/productpage.0963662167.html,https://image.hm.com/assets/hm/60/c9/60c9e183c810bb231022a88e01996aa7e304434b.jpg,H&M
H&M_1330170061,1330170061,Printed T-Shirt,H&M,Red/Le Marais,12.99,,12.99,12.99,USD,ladies_tops_printed_tshirts,True,,,,Available,False,True,"S, M, XS, L",4,8,https://www2.hm.com/en_us/productpage.1330170061.html,https://image.hm.com/assets/hm/cd/dd/cddd17eda3cfc1cd1f5eef6930fa7022771b9789.jpg,H&M
H&M_1152096001,1152096001,Sweatshorts,H&M,Black,12.99,,12.99,12.99,USD,ladies_basics,False,,,,Available,False,True,"XXL, M, L, XS, S",5,10,https://www2.hm.com/en_us/productpage.1152096001.html,https://image.hm.com/assets/hm/d8/45/d845494a6a93a332077d208525b059184a39cbd3.jpg,H&M
H&M_1356122001,1356122001,Crêpe Jersey Jacket,H&M,Black,44.99,,44.99,44.99,USD,ladies_jacketscoats_jackets,True,,,,Available,False,True,"XL, M, L, XS, S",5,10,https://www2.hm.com/en_us/productpage.1356122001.html,https://image.hm.com/assets/hm/b0/5b/b05bf3f31cf8ec3366bbc6cb4c65e3649b1f83c0.jpg,H&M
H&M_1356598001,1356598001,Bubble-Hem Shoulder-Pad Top,H&M,Black,44.99,,44.99,44.99,USD,ladies_tops_longsleeve,True,,,,Available,False,True,"M, L, XL",3,6,https://www2.hm.com/en_us/productpage.1356598001.html,https://image.hm.com/assets/hm/54/12/54127f21225c773a39e82703eec885740db8dd92.jpg,H&M
H&M_1328441010,1328441010,Ribbed Boat-Neck Top,H&M,Burgundy/striped,12.99,,12.99,12.99,USD,ladies_tops_longsleeve,True,,,,Available,False,True,"L, XL, S, M, XS",5,10,https://www2.hm.com/en_us/productpage.1328441010.html,https://image.hm.com/assets/hm/6c/09/6c0986278d7bb671d2caf5e478bfaebd575b7249.jpg,H&M
H&M_1364026002,1364026002,Oversized Viscose-Blend Shirt,H&M,Dark blue/pinstriped,29.99,,29.99,29.99,USD,ladies_shirtsblouses_shirts,True,,,,Available,False,True,"M, S, L, XS",4,8,https://www2.hm.com/en_us/productpage.1364026002.html,https://image.hm.com/assets/hm/d0/43/d0435007a3616823df53932454905a00c869b3fb.jpg,H&M
H&M_1351683003,1351683003,Stand-Up Collar Jersey Top,H&M,Dark purple,9.99,,9.99,9.99,USD,ladies_basics_tops_shortsleeve,True,,,,Available,False,True,"XXL, XL, L, M, S, XS",6,12,https://www2.hm.com/en_us/productpage.1351683003.html,https://image.hm.com/assets/hm/8e/aa/8eaae83cf74996f0e20c6d302ae5a8dae570f6a1.jpg,H&M
H&M_1290209024,1290209024,Boxy T-Shirt,H&M,White,12.99,,12.99,12.99,USD,ladies_basics_tops_shortsleeve,False,,,,Available,False,True,"XL, XXL, M, L, XS, S",6,12,https://www2.hm.com/en_us/productpage.1290209024.html,https://image.hm.com/assets/hm/7a/0a/7a0aa225d8e0d20964587f94b44b90f1b8491c40.jpg,H&M
H&M_1254718022,1254718022,Long-sleeved Jersey Top,H&M,Light yellow,14.99,,14.99,14.99,USD,ladies_basics_tops_longsleeve,False,,,,Available,False,True,"XXL, M, S, XL, L, XS",6,12,https://www2.hm.com/en_us/productpage.1254718022.html,https://image.hm.com/assets/hm/de/a2/dea20edf53a24ab5647bc3d453ffe35cc1ecce54.jpg,H&M
H&M_1356458001,1356458001,Pleated Tie-Detail Top,H&M,Dark khaki green,22.99,,22.99,22.99,USD,ladies_tops,True,,,,Available,False,True,"XS, S, M, L",4,8,https://www2.hm.com/en_us/productpage.1356458001.html,https://image.hm.com/assets/hm/f5/65/f565722a824990f4fd3e020bd51693d962ed73eb.jpg,H&M
H&M_1351679001,1351679001,Ponte Capri Pants,H&M,Black,22.99,,22.99,22.99,USD,ladies_trousers_highwaisted,True,,,,Available,False,True,"S, XS, XL, L, M",5,10,https://www2.hm.com/en_us/productpage.1351679001.html,https://image.hm.com/assets/hm/d6/c5/d6c5a3866009ce646f441867808834e10aadfa02.jpg,H&M
H&M_1351825002,1351825002,Draped One-Shoulder Top,H&M,Black,29.99,,29.99,29.99,USD,ladies_tops,True,,,,Available,False,True,"S, XS, L, M, XL",5,10,https://www2.hm.com/en_us/productpage.1351825002.html,https://image.hm.com/assets/hm/77/9f/779fa276857e556dd3528a7699bd2494eeefac62.jpg,H&M
H&M_1142908008,1142908008,Fitted Microfiber T-shirt,H&M,White,12.99,,12.99,12.99,USD,ladies_basics_tops_shortsleeve,False,,,,Available,False,True,"M, L, XS, S, XL, XXL",6,12,https://www2.hm.com/en_us/productpage.1142908008.html,https://image.hm.com/assets/hm/ab/1e/ab1ec32292995dfadba1a9e8058d5624fe2e579d.jpg,H&M
H&M_1347186008,1347186008,Fitted Modal T-Shirt,H&M,Burgundy,9.99,,9.99,9.99,USD,ladies_basics_tops_shortsleeve,False,,,,Available,False,True,"L, XL, S, M, XS",5,10,https://www2.hm.com/en_us/productpage.1347186008.html,https://image.hm.com/assets/hm/98/12/9812eb1c6c3221e8362a83e266055ef53ec5b348.jpg,H&M
H&M_1348341002,1348341002,Polarized Shield Sunglasses,H&M,Black,49.99,,49.99,49.99,USD,ladies_premium_selection_accessories,True,,,,Available,False,True,NOSIZE,1,2,https://www2.hm.com/en_us/productpage.1348341002.html,https://image.hm.com/assets/hm/77/65/7765450ec402ab623e2c4e718c65503a16ac9ec3.jpg,H&M
H&M_1341808003,1341808003,Fitted T-Shirt,H&M,Dark taupe,14.99,,14.99,14.99,USD,ladies_basics_tops_shortsleeve,False,,,,Available,False,True,"M, S, XL, L, XS, XXL",6,12,https://www2.hm.com/en_us/productpage.1341808003.html,https://image.hm.com/assets/hm/70/a9/70a931572597b99ce35ffa13d371bb5f0394a717.jpg,H&M
H&M_1341964003,1341964003,MAMA Ribbed Jersey T-Shirt,H&M,Light dusty beige,14.99,,14.99,14.99,USD,ladies_maternity_tops,False,,,,Available,False,True,"XS, S, M, L, XL, XXL",6,12,https://www2.hm.com/en_us/productpage.1341964003.html,https://image.hm.com/assets/hm/45/dd/45dd8663c83f58b3ee3e3af850a7e29164272b0c.jpg,H&M
H&M_1348342001,1348342001,Extra-Long Beaded Necklace,H&M,Black,49.99,,49.99,49.99,USD,ladies_accessories_jewellery_necklaces,True,,,,Available,False,True,NOSIZE,1,2,https://www2.hm.com/en_us/productpage.1348342001.html,https://image.hm.com/assets/hm/b6/47/b647c426c4032d66e3bd43976592d89a3e9e5565.jpg,H&M
H&M_1359213001,1359213001,Draped Dual-Fabric Crop Top,H&M,Black,44.99,,44.99,44.99,USD,ladies_tops_croppedtops,True,,,,Available,False,True,"M, L, S",3,6,https://www2.hm.com/en_us/productpage.1359213001.html,https://image.hm.com/assets/hm/5c/16/5c1682af66d48805b204fbabd591b1273932caa2.jpg,H&M
H&M_1348991003,1348991003,Draped Asymmetric Top,H&M,Dark brown,14.99,,14.99,14.99,USD,ladies_tops,False,,,,Available,False,True,"M, S, XS, XL, L",5,10,https://www2.hm.com/en_us/productpage.1348991003.html,https://image.hm.com/assets/hm/5b/c5/5bc5db62cc53041a67b428f21cf2e47376a5aa06.jpg,H&M
H&M_1351927001,1351927001,Long-Sleeved Boat-Neck Top,H&M,Cream/striped,19.99,,19.99,19.99,USD,ladies_tops_longsleeve,True,,,,Available,False,True,"XL, M, L, XS, S",5,10,https://www2.hm.com/en_us/productpage.1351927001.html,https://image.hm.com/assets/hm/a2/0d/a20d789901ffa240b2b0ed6bcec826465595e2be.jpg,H&M
H&M_1246290031,1246290031,Oversized T-shirt,H&M,Gray melange,12.99,,12.99,12.99,USD,ladies_basics_tops_shortsleeve,False,,,,Available,False,True,"S, M, XS, XXL, L, XL",6,12,https://www2.hm.com/en_us/productpage.1246290031.html,https://image.hm.com/assets/hm/f7/78/f778e5d86e88a98c0846ca9edf5bc378a46919a6.jpg,H&M
H&M_1348328001,1348328001,Bib-Front Poplin Shirt,H&M,Light pink,79.99,,79.99,79.99,USD,ladies_shirtsblouses_shirts,True,,,,Available,False,True,"XS, XL, L, M, S, XXL",6,12,https://www2.hm.com/en_us/productpage.1348328001.html,https://image.hm.com/assets/hm/55/ff/55ffd4fc30abe98591a1d7e12cc305de6c47e9c6.jpg,H&M
H&M_1347085001,1347085001,Asymmetric Butterfly-Sleeved Top,H&M,Black,24.99,,24.99,24.99,USD,ladies_tops_shortsleeve,True,,,,Available,False,True,"XS, S, M, L",4,8,https://www2.hm.com/en_us/productpage.1347085001.html,https://image.hm.com/assets/hm/df/c5/dfc5792993bf43457aadcd86f08cafbf39f3ec5f.jpg,H&M
H&M_1340762003,1340762003,Stand-Up Collar Viscose-Blend Shirt,H&M,Dark gray,24.99,,24.99,24.99,USD,ladies_shirtsblouses_shirts,True,,,,Available,False,True,"M, S, L, XS",4,8,https://www2.hm.com/en_us/productpage.1340762003.html,https://image.hm.com/assets/hm/90/3d/903d098668eaa9d4f8ec873478daf498bae25a28.jpg,H&M
H&M_1343919003,1343919003,Long-sleeved jersey top,H&M,Navy blue,9.99,,9.99,9.99,USD,ladies_tops_longsleeve,True,,,,Available,False,True,"M, L, XL, XXL, XS, S",6,12,https://www2.hm.com/en_us/productpage.1343919003.html,https://image.hm.com/assets/hm/85/9d/859d2417e77ebe96234b82fee0b209d9a9f57339.jpg,H&M
H&M_1365117003,1365117003,Sleeveless Crêpe Dress,H&M,Red,39.99,,39.99,39.99,USD,ladies_dresses_shortdresses,True,,,,Available,False,True,"XS, S, M, L",4,8,https://www2.hm.com/en_us/productpage.1365117003.html,https://image.hm.com/assets/hm/e4/22/e42241774a3dbb52ff2ad354fa30770da89b1028.jpg,H&M
H&M_1229036114,1229036114,Patterned Scarf,H&M,Dusty blue/patterned,9.99,,9.99,9.99,USD,ladies_accessories_scarves,True,,,,Available,False,True,31x31,1,2,https://www2.hm.com/en_us/productpage.1229036114.html,https://image.hm.com/assets/hm/36/99/3699646194ceb515916d5d358f422420d38c45c1.jpg,H&M
H&M_1341076003,1341076003,Draped-Panel Modal Top,H&M,White,19.99,,19.99,19.99,USD,ladies_tops_shortsleeve,True,,,,Available,False,True,"M, L, XS, S",4,8,https://www2.hm.com/en_us/productpage.1341076003.html,https://image.hm.com/assets/hm/b9/3a/b93abf2671e22fac87a05ca10bbc9e89ce10cf81.jpg,H&M
H&M_1353568002,1353568002,Cotton Peplum Shirt,H&M,White,24.99,,24.99,24.99,USD,ladies_shirtsblouses_shirts,True,,,,Available,False,True,"M, L, XS, S",4,8,https://www2.hm.com/en_us/productpage.1353568002.html,https://image.hm.com/assets/hm/b1/40/b14068144c010345b68de3eb66c82f8dfec5c5d9.jpg,H&M
H&M_1350173001,1350173001,Fine-knit cape top,H&M,Burgundy,29.99,,29.99,29.99,USD,ladies_tops_knitted,True,,,,Available,False,True,"XL, M, L, XS, S",5,10,https://www2.hm.com/en_us/productpage.1350173001.html,https://image.hm.com/assets/hm/f9/12/f9124b5459c544281474d271eed92513d7aa7605.jpg,H&M
H&M_1329670010,1329670010,Cotton T-Shirt,H&M,Pale yellow,7.99,,7.99,7.99,USD,ladies_basics_tops_shortsleeve,False,,,,Available,False,True,"XL, XXL, M, L, S",5,10,https://www2.hm.com/en_us/productpage.1329670010.html,https://image.hm.com/assets/hm/9c/1e/9c1e5270766a6280091d2c754aab146840398b7d.jpg,H&M
H&M_1349269002,1349269002,Asymmetric Jacquard-Jersey Bandeau Top,H&M,White,24.99,,24.99,24.99,USD,ladies_tops_tube,True,,,,Available,False,True,"M, S, XS, L",4,8,https://www2.hm.com/en_us/productpage.1349269002.html,https://image.hm.com/assets/hm/32/38/323856c05b41b0a9126b6d6a0b8de668648ce7ed.jpg,H&M
H&M_1351938003,1351938003,Batwing-Sleeved Viscose Top,H&M,Black,19.99,,19.99,19.99,USD,ladies_basics_tops_longsleeve,False,,,,Available,False,True,"XS, S, XL, XXL, M, L",6,12,https://www2.hm.com/en_us/productpage.1351938003.html,https://image.hm.com/assets/hm/b6/39/b63935d0a2282f6fa6ddbae9ebdbc67af273b7d0.jpg,H&M
H&M_1350359002,1350359002,Embroidered Blouse,H&M,Light beige,89.99,,89.99,89.99,USD,ladies_shirtsblouses_blouses,True,,,,Available,False,True,"L, S, M",3,6,https://www2.hm.com/en_us/productpage.1350359002.html,https://image.hm.com/assets/hm/a6/d2/a6d2566c3be8a2927f17e2c65a33ae26a63baedb.jpg,H&M
H&M_1246922058,1246922058,Midi Skirt,H&M,Burgundy,29.99,,29.99,29.99,USD,Ladies_skirts_highwaisted,True,,,,Available,False,True,"XXL, XL, S, XS, L, M",6,12,https://www2.hm.com/en_us/productpage.1246922058.html,https://image.hm.com/assets/hm/a2/da/a2da413501bd18b1268a78437a4daca1e45561ab.jpg,H&M
H&M_1340763001,1340763001,Viscose-Blend Pull-On Pants,H&M,Light khaki green,27.99,,27.99,27.99,USD,ladies_trousers,True,,,,Available,False,True,"M, L, XS, S",4,8,https://www2.hm.com/en_us/productpage.1340763001.html,https://image.hm.com/assets/hm/68/ca/68ca5443be5ec4a5536874af74224e13ea835fab.jpg,H&M
H&M_1309848011,1309848011,Barrel-Leg High-Waist Jeans,H&M,Dark denim blue,39.99,,39.99,39.99,USD,ladies_jeans_barrel,False,,,,Available,False,True,"18, 20, 0, 2, 4, 6, 8, 10, 12, 14, 16",11,22,https://www2.hm.com/en_us/productpage.1309848011.html,https://image.hm.com/assets/hm/ea/20/ea20f55ba1d9e60168afc48edb183daa54064c8d.jpg,H&M
H&M_1260556028,1260556028,Ribbed T-Shirt,H&M,Dark taupe,9.99,,9.99,9.99,USD,ladies_basics_tops_shortsleeve,False,,,,Available,False,True,"XL, XXL, M, L, XS, S",6,12,https://www2.hm.com/en_us/productpage.1260556028.html,https://image.hm.com/assets/hm/84/82/8482e8ac93e33d8d80d2213077f656d594db60e8.jpg,H&M
H&M_1347186003,1347186003,Fitted Modal T-Shirt,H&M,Cream,9.99,,9.99,9.99,USD,ladies_basics_tops_shortsleeve,False,,,,Available,False,True,"XS, S, M, L, XL",5,10,https://www2.hm.com/en_us/productpage.1347186003.html,https://image.hm.com/assets/hm/a2/b7/a2b738c4e6d3cd25c4cca70acf026d8450076bf7.jpg,H&M
H&M_1338299002,1338299002,Asymmetric Dual-Fabric Dress,H&M,Plum purple,29.99,,29.99,29.99,USD,ladies_dresses_flared,True,,,,Available,False,True,"XXS, XS, S",3,6,https://www2.hm.com/en_us/productpage.1338299002.html,https://image.hm.com/assets/hm/80/62/8062ba1c51b545bf41d16236109e1c3443abb4b7.jpg,H&M
H&M_1351927002,1351927002,Long-Sleeved Boat-Neck Top,H&M,Navy blue/red striped,19.99,,19.99,19.99,USD,ladies_tops_longsleeve,True,,,,Available,False,True,"XS, L, XL, S, M",5,10,https://www2.hm.com/en_us/productpage.1351927002.html,https://image.hm.com/assets/hm/03/70/0370fc78776259c526aa08d575b1bfbb86f74a16.jpg,H&M
H&M_1352703001,1352703001,Tie-Detail Pants with Eyelet Embroidery,H&M,Black,79.99,,79.99,79.99,USD,ladies_trousers,True,,,,Available,False,True,"L, M, S",3,6,https://www2.hm.com/en_us/productpage.1352703001.html,https://image.hm.com/assets/hm/5e/57/5e576e05160ed81cf52d54ca4e56c998ff557f72.jpg,H&M
H&M_1350325001,1350325001,Smocked Ruffle-Trimmed Top,H&M,Black/gingham,24.99,,24.99,24.99,USD,ladies_tops,False,,,,Available,False,True,"XS, M, S, XL, L",5,10,https://www2.hm.com/en_us/productpage.1350325001.html,https://image.hm.com/assets/hm/cd/3c/cd3ce0be3359496c0a8c4939f652ae95eee929e0.jpg,H&M
H&M_1340763003,1340763003,Viscose-Blend Pull-On Pants,H&M,Dark gray,27.99,,27.99,27.99,USD,ladies_trousers,True,,,,Available,False,True,"L, M, S, XS",4,8,https://www2.hm.com/en_us/productpage.1340763003.html,https://image.hm.com/assets/hm/78/cc/78cc0c7b8b036038b29d8f285e3d882d3095268b.jpg,H&M
H&M_1295947003,1295947003,Slacks,H&M,Dark brown,29.99,,29.99,29.99,USD,ladies_trousers_chinosslacks,False,,,,Available,False,True,"8, 10, 12, 14, 0, 22, 2, 4, 6, 18, 20, 16",12,24,https://www2.hm.com/en_us/productpage.1295947003.html,https://image.hm.com/assets/hm/0b/4d/0b4d6497b30f7ba8d7e1331328dcf8875067d13a.jpg,H&M
H&M_1260556002,1260556002,Ribbed T-Shirt,H&M,White,9.99,,9.99,9.99,USD,ladies_basics_tops_shortsleeve,False,,,,Available,False,True,"S, XS, XXL, XL, L, M",6,12,https://www2.hm.com/en_us/productpage.1260556002.html,https://image.hm.com/assets/hm/9f/a9/9fa93a101ea73edcf9f1ea024feee079381f0e47.jpg,H&M
H&M_1360827001,1360827001,Ruffled Cotton Blouse,H&M,Cream,59.99,,59.99,59.99,USD,ladies_shirtsblouses_blouses,True,,,,Available,False,True,"XS, S, M, L",4,8,https://www2.hm.com/en_us/productpage.1360827001.html,https://image.hm.com/assets/hm/03/74/0374e324a79ba3b55285cfa1c0e8eae6aa3130d9.jpg,H&M
H&M_1340210004,1340210004,Scarf-Detail Shirt,H&M,Dark beige/pinstriped,39.99,,39.99,39.99,USD,ladies_shirtsblouses_shirts,True,,,,Available,False,True,"S, XS, L, M",4,8,https://www2.hm.com/en_us/productpage.1340210004.html,https://image.hm.com/assets/hm/bf/2d/bf2da39215e6c6d946228cc47fefe10b66534b12.jpg,H&M
H&M_1343919001,1343919001,Long-sleeved jersey top,H&M,Black,9.99,,9.99,9.99,USD,ladies_tops_longsleeve,False,,,,Available,False,True,"L, M, S, XS, XXL, XL",6,12,https://www2.hm.com/en_us/productpage.1343919001.html,https://image.hm.com/assets/hm/53/8e/538e88168b15476cb57de61f659d05bb950ed2b9.jpg,H&M
H&M_1339470004,1339470004,Knit Off-the-Shoulder Top,H&M,Dark beige,19.99,,19.99,19.99,USD,ladies_tops_knitted,False,,,,Available,False,True,"S, XS, L, M",4,8,https://www2.hm.com/en_us/productpage.1339470004.html,https://image.hm.com/assets/hm/45/07/4507a63539b8a1bce375ccdd446eaafc74b903b0.jpg,H&M
H&M_1341688022,1341688022,Oversized Printed T-Shirt,H&M,Cream/The Rolling Stones,19.99,,19.99,19.99,USD,ladies_tops_printed_tshirts,True,,,,Available,False,True,"XL, XXL, M, L, XS, S",6,12,https://www2.hm.com/en_us/productpage.1341688022.html,https://image.hm.com/assets/hm/80/65/8065e8d74e0b8d1f8055e456555fd0cf6ac6a314.jpg,H&M
H&M_1341808002,1341808002,Fitted T-Shirt,H&M,Black,14.99,,14.99,14.99,USD,ladies_basics_tops_shortsleeve,False,,,,Available,False,True,"S, XS, L, M, XXL, XL",6,12,https://www2.hm.com/en_us/productpage.1341808002.html,https://image.hm.com/assets/hm/11/44/1144fef425d00748eed48eab2946e152525d3aa6.jpg,H&M
H&M_1322471002,1322471002,Fitted Shirt,H&M,White,19.99,,19.99,19.99,USD,ladies_shirtsblouses_shirts,False,,,,Available,False,True,"S, M, L, XL, XS",5,10,https://www2.hm.com/en_us/productpage.1322471002.html,https://image.hm.com/assets/hm/33/2d/332d55883d8e373d2c2c76b75b0faf9bb5874d67.jpg,H&M
H&M_1152096071,1152096071,Sweatshorts,H&M,Burgundy,12.99,,12.99,12.99,USD,ladies_basics,False,,,,Available,False,True,"S, M, XS",3,6,https://www2.hm.com/en_us/productpage.1152096071.html,https://image.hm.com/assets/hm/23/e4/23e440e0faf5125a56e72886bae9e45ec729cbef.jpg,H&M
H&M_1341964002,1341964002,MAMA Ribbed Jersey T-Shirt,H&M,Cream,14.99,,14.99,14.99,USD,ladies_maternity_tops,False,,,,Available,False,True,"XXL, XL, L, M, S, XS",6,12,https://www2.hm.com/en_us/productpage.1341964002.html,https://image.hm.com/assets/hm/12/23/1223c5e9aa669b65c2b2cc45e9bfaa94cb208a2d.jpg,H&M
H&M_1316907004,1316907004,Button-Front Top with Collar,H&M,Light beige,22.99,,22.99,22.99,USD,ladies_tops_collared,False,,,,Available,False,True,"L, M, S, XS",4,8,https://www2.hm.com/en_us/productpage.1316907004.html,https://image.hm.com/assets/hm/ee/da/eedae99e21daa1360efe85eb57c9951488b3b158.jpg,H&M
H&M_1336592002,1336592002,Flared Satin Pants,H&M,Cream,24.99,,24.99,24.99,USD,ladies_trousers,False,,,,Available,False,True,"XXL, XL, L, M, S, XS, XXS",7,14,https://www2.hm.com/en_us/productpage.1336592002.html,https://image.hm.com/assets/hm/95/64/9564d428fbdd75c760e5452855adcd6f553fdca7.jpg,H&M
H&M_1295947002,1295947002,Slacks,H&M,Navy blue,29.99,,29.99,29.99,USD,ladies_trousers_chinosslacks,False,,,,Available,False,True,"4, 2, 24, 0, 22, 20, 12, 10, 8, 6, 18, 14",12,24,https://www2.hm.com/en_us/productpage.1295947002.html,https://image.hm.com/assets/hm/ca/6f/ca6f49716aa6cadd263d5f2ffc8be4251820f7d0.jpg,H&M
H&M_1347439001,1347439001,Crinkled Boat-Neck Dress,H&M,Cream,39.99,,39.99,39.99,USD,ladies_dresses_flared,True,,,,Available,False,True,"L, XS, M, S",4,8,https://www2.hm.com/en_us/productpage.1347439001.html,https://image.hm.com/assets/hm/93/17/93170496ef0576565f25f21a629ef477dba6b797.jpg,H&M
H&M_1357093002,1357093002,Twist-Detail High-Low Top,H&M,Dark brown,22.99,,22.99,22.99,USD,ladies_tops_shortsleeve,True,,,,Available,False,True,"S, M, XS, L",4,8,https://www2.hm.com/en_us/productpage.1357093002.html,https://image.hm.com/assets/hm/b0/57/b057bf1d74cfc0a0f329b299563b236fb0f17fd8.jpg,H&M
H&M_1333631012,1333631012,Viscose Tunic Dress,H&M,Dark brown/zebra print,19.99,,19.99,19.99,USD,ladies_dresses_shortdresses,True,,,,Available,False,True,"XS, S, M, L, XL",5,10,https://www2.hm.com/en_us/productpage.1333631012.html,https://image.hm.com/assets/hm/15/88/15884a11567d1406844b1aab7acde82e610eb5e0.jpg,H&M
H&M_1357162003,1357162003,Printed Cotton T-Shirt,H&M,Cream/Sol y Sal,19.99,,19.99,19.99,USD,ladies_tops_printed_tshirts,False,,,,Available,False,True,"M, S, L, XS",4,8,https://www2.hm.com/en_us/productpage.1357162003.html,https://image.hm.com/assets/hm/6f/f7/6ff7523c9df29034e5cc13c48de994b89e8adcc2.jpg,H&M
H&M_1341964001,1341964001,MAMA Ribbed Jersey T-Shirt,H&M,Black,14.99,,14.99,14.99,USD,ladies_maternity_tops,False,,,,Available,False,True,"XXL, XL, L, M, S, XS",6,12,https://www2.hm.com/en_us/productpage.1341964001.html,https://image.hm.com/assets/hm/ec/f1/ecf1fab5dd1c80c17be84b97e4bee4fcaf6ef63b.jpg,H&M
H&M_1260556031,1260556031,Ribbed T-Shirt,H&M,Light beige,9.99,,9.99,9.99,USD,ladies_basics_tops_shortsleeve,False,,,,Available,False,True,"S, XS, L, M, XXL, XL",6,12,https://www2.hm.com/en_us/productpage.1260556031.html,https://image.hm.com/assets/hm/12/66/1266c25c5db2ae414628ed0ee08684e31694dbbe.jpg,H&M
H&M_1347085005,1347085005,Asymmetric Butterfly-Sleeved Top,H&M,Cream,24.99,,24.99,24.99,USD,ladies_tops_shortsleeve,False,,,,Available,False,True,"M, L, XS, S",4,8,https://www2.hm.com/en_us/productpage.1347085005.html,https://image.hm.com/assets/hm/53/57/5357bfc60bffb12ab12754a3a712392a8457d738.jpg,H&M
H&M_1348111001,1348111001,MAMA Wide Low Waist Jeans,H&M,Denim blue,54.99,,54.99,54.99,USD,ladies_maternity_jeans,True,,,,Available,False,True,"XS, XXL, M, S, XL, L",6,12,https://www2.hm.com/en_us/productpage.1348111001.html,https://image.hm.com/assets/hm/72/15/721580f3badc5bc0fe261928bf9f88f976d7a8e5.jpg,H&M
H&M_579541211,579541211,Fine-Knit Cardigan,H&M,Gray melange,17.99,,17.99,17.99,USD,ladies_basics_cardigansjumpers,False,,,,Available,False,True,"XL, XXL, M, L, XS, S, XXS",7,14,https://www2.hm.com/en_us/productpage.0579541211.html,https://image.hm.com/assets/hm/ef/f9/eff981e4aa59da87641998eb2ad0c931402c8eae.jpg,H&M
H&M_1257593007,1257593007,Ribbed Tank Top,H&M,White,9.99,,9.99,9.99,USD,ladies_basics_tops_vests,False,,,,Available,False,True,"L, M, XXL, XL",4,8,https://www2.hm.com/en_us/productpage.1257593007.html,https://image.hm.com/assets/hm/b2/cb/b2cb4753a67c82ad2efcdb49b1e2af6be88814a9.jpg,H&M
H&M_1314718014,1314718014,Linen Shirt,H&M,Dark orange,39.99,,39.99,39.99,USD,ladies_premium_selection_tops,False,,,,Available,False,True,"XL, L, M, S, XS, XXL",6,12,https://www2.hm.com/en_us/productpage.1314718014.html,https://image.hm.com/assets/hm/34/59/34596314c59c8741104d1444ed9f2eb696a0f714.jpg,H&M
H&M_1348924001,1348924001,Button-Front Midi Dress,H&M,Black,34.99,,34.99,34.99,USD,ladies_dresses_flared,True,,,,Available,False,True,"L, XL, XXL, XS, S, M",6,12,https://www2.hm.com/en_us/productpage.1348924001.html,https://image.hm.com/assets/hm/23/e7/23e71edd020b38513cd1047f30ca119429736cb2.jpg,H&M
H&M_1359236001,1359236001,Embroidered Beach Shorts,H&M,White/flowers,44.99,,44.99,44.99,USD,ladies_swimwear_beachwear,True,,,,Available,False,True,"XS, M, S, XL, L",5,10,https://www2.hm.com/en_us/productpage.1359236001.html,https://image.hm.com/assets/hm/82/09/8209ea3a9677053b1d1dccd2067d3501eb4cac54.jpg,H&M
H&M_1351340003,1351340003,Cotton Polo Shirt,H&M,Light gray melange/striped,19.99,,19.99,19.99,USD,ladies_tops_collared,True,,,,Available,False,True,"XL, L, M, S, XS, XXL",6,12,https://www2.hm.com/en_us/productpage.1351340003.html,https://image.hm.com/assets/hm/69/3c/693c47f051467999aa9cd3e201b8e763ac09603a.jpg,H&M
H&M_1330170060,1330170060,Printed T-Shirt,H&M,Light beige/Paris Atelier,12.99,,12.99,12.99,USD,ladies_tops_printed_tshirts,True,,,,Available,False,True,"XS, S, M, L",4,8,https://www2.hm.com/en_us/productpage.1330170060.html,https://image.hm.com/assets/hm/73/b1/73b161ca83cf8f09e63facb7f6c92703d9ae4b97.jpg,H&M
H&M_1260556032,1260556032,Ribbed T-Shirt,H&M,Gray melange,9.99,,9.99,9.99,USD,ladies_basics_tops_shortsleeve,False,,,,Available,False,True,"XS, M, S, XL, L, XXL",6,12,https://www2.hm.com/en_us/productpage.1260556032.html,https://image.hm.com/assets/hm/28/dd/28ddd3087082d39693d17e3edb7b75dcae3de596.jpg,H&M
H&M_1290209017,1290209017,Boxy T-Shirt,H&M,Navy blue,12.99,,12.99,12.99,USD,ladies_basics_tops_shortsleeve,False,,,,Available,False,True,"L, M, XXL, XL, S, XS",6,12,https://www2.hm.com/en_us/productpage.1290209017.html,https://image.hm.com/assets/hm/e6/e5/e6e53ed7836b8deda54c955ddadd00d4325490c0.jpg,H&M
H&M_1347186002,1347186002,Fitted Modal T-Shirt,H&M,Dark dusty purple,9.99,,9.99,9.99,USD,ladies_basics_tops_shortsleeve,False,,,,Available,False,True,"M, S, XS, XL, L",5,10,https://www2.hm.com/en_us/productpage.1347186002.html,https://image.hm.com/assets/hm/7b/53/7b537145b5d18180cffa09c4ecce3c91d4f1f124.jpg,H&M
H&M_1340697001,1340697001,Ribbed Cotton Tank Top,H&M,Black,12.99,,12.99,12.99,USD,ladies_basics_tops_vests,False,,,,Available,False,True,"XL, XXL, M, L, XS, S",6,12,https://www2.hm.com/en_us/productpage.1340697001.html,https://image.hm.com/assets/hm/88/a0/88a01f546a11ad8e5646d5365a79913323822504.jpg,H&M
H&M_1347316001,1347316001,Lace-Trimmed Camisole Top,H&M,Light beige,29.99,,29.99,29.99,USD,ladies_tops_vests,True,,,,Available,False,True,"S, M, L, XS",4,8,https://www2.hm.com/en_us/productpage.1347316001.html,https://image.hm.com/assets/hm/93/81/9381529cdf1b84ee89b9efe12122b70cc803205f.jpg,H&M
H&M_1346094001,1346094001,Wide-Leg Pants with Belt,H&M,Cream,34.99,,34.99,34.99,USD,ladies_trousers_dressed,False,,,,Available,False,True,"16, 12, 14, 2, 18, 8, 10, 4, 6",9,18,https://www2.hm.com/en_us/productpage.1346094001.html,https://image.hm.com/assets/hm/9b/b4/9bb4b6f6336219d8ae90a19cc9de484015c64267.jpg,H&M
H&M_1142908087,1142908087,Fitted Microfiber T-shirt,H&M,Light dusty blue,12.99,,12.99,12.99,USD,ladies_basics_tops_shortsleeve,False,,,,Available,False,True,"S, M, XS, XXL, L, XL",6,12,https://www2.hm.com/en_us/productpage.1142908087.html,https://image.hm.com/assets/hm/21/a5/21a5b46f83e808e8e3053c987fdbe0e07761550c.jpg,H&M
H&M_1339884001,1339884001,Textured-Knit Cardigan,H&M,Navy blue,19.99,,19.99,19.99,USD,ladies_cardigansjumpers_cardigans,True,,,,Available,False,True,"XL, XXL, XS, S, M, L",6,12,https://www2.hm.com/en_us/productpage.1339884001.html,https://image.hm.com/assets/hm/0d/aa/0daa6f8060449ea4704154f6a0909e5ff1a58e5b.jpg,H&M
H&M_1199249063,1199249063,Wide-leg Joggers,H&M,Dark pigeon blue,19.99,,19.99,19.99,USD,ladies_basics_trousersleggings,True,,,,Available,False,True,"XS, L, XL, S, M, XXL",6,12,https://www2.hm.com/en_us/productpage.1199249063.html,https://image.hm.com/assets/hm/8e/52/8e52519869c3c8784091627d9d6f076e84d89288.jpg,H&M
H&M_1348668002,1348668002,Poplin Dress with Flared Skirt,H&M,Black,29.99,,29.99,29.99,USD,ladies_dresses_flared,True,,,,Available,False,True,"XS, M, S, XL, L",5,10,https://www2.hm.com/en_us/productpage.1348668002.html,https://image.hm.com/assets/hm/66/97/6697f954582562a8fb82b5cdf4fd1b3d82be13b6.jpg,H&M
H&M_1350173003,1350173003,Fine-knit cape top,H&M,Dark gray,29.99,,29.99,29.99,USD,ladies_tops_knitted,True,,,,Available,False,True,"S, XS, XL, L, M",5,10,https://www2.hm.com/en_us/productpage.1350173003.html,https://image.hm.com/assets/hm/51/7f/517f8105f59741816909a06f972d3ae81ac55fbc.jpg,H&M
H&M_1339884003,1339884003,Textured-Knit Cardigan,H&M,Burgundy,19.99,,19.99,19.99,USD,ladies_cardigansjumpers_cardigans,True,,,,Available,False,True,"S, XS, L, M, XXL, XL",6,12,https://www2.hm.com/en_us/productpage.1339884003.html,https://image.hm.com/assets/hm/cb/07/cb074c0a5ab5f7d3eca2a307de26023e98493347.jpg,H&M
H&M_1350382001,1350382001,Embroidered Mini Skirt,H&M,Black,79.99,,79.99,79.99,USD,ladies_skirts,True,,,,Available,False,True,"10, 14, 2, 6, 18",5,10,https://www2.hm.com/en_us/productpage.1350382001.html,https://image.hm.com/assets/hm/48/c7/48c74422b7cecf2a230ff41d302c6de0e94c4e4e.jpg,H&M
H&M_1359294001,1359294001,Beaded Necklace,H&M,Pink/cream/gold-colored,19.99,,19.99,19.99,USD,ladies_accessories_jewellery_necklaces,True,,,,Available,False,True,NOSIZE,1,2,https://www2.hm.com/en_us/productpage.1359294001.html,https://image.hm.com/assets/hm/6f/a3/6fa305c57e6f566f79821e246b00f2b908239d53.jpg,H&M
H&M_1348668001,1348668001,Poplin Dress with Flared Skirt,H&M,Burgundy,29.99,,29.99,29.99,USD,ladies_dresses_flared,True,,,,Available,False,True,"S, XS, L, M, XL",5,10,https://www2.hm.com/en_us/productpage.1348668001.html,https://image.hm.com/assets/hm/20/58/205803b437b316e4bb92332733f967edb7e23600.jpg,H&M
H&M_1361330001,1361330001,Dress with Flared Skirt,H&M,Light beige/floral,44.99,,44.99,44.99,USD,ladies_dresses_flared,True,,,,Available,False,True,"M, S, XL, L, XXL, XS",6,12,https://www2.hm.com/en_us/productpage.1361330001.html,https://image.hm.com/assets/hm/a1/08/a10853ac9db5f11a040081159bd096557e91e3b7.jpg,H&M
H&M_1350029001,1350029001,Patterned Dressy Shorts,H&M,Beige/snakeskin pattern,29.99,,29.99,29.99,USD,Ladies_shorts_highwaisted,True,,,,Available,False,True,"8, 6, 12, 10, 4, 2",6,12,https://www2.hm.com/en_us/productpage.1350029001.html,https://image.hm.com/assets/hm/27/af/27afab204571bb9ede13193a3e65f9332151237e.jpg,H&M
H&M_1359351006,1359351006,Fine-Knit Cape,H&M,Black,24.99,,24.99,24.99,USD,ladies_cardigansjumpers_ponchos,True,,,,Available,False,True,ONESIZE,1,2,https://www2.hm.com/en_us/productpage.1359351006.html,https://image.hm.com/assets/hm/1b/d1/1bd11bceaa2c859e4d65a04a361578a0dffb8b69.jpg,H&M
H&M_1330170058,1330170058,Printed T-Shirt,H&M,Pink/Malibu,12.99,,12.99,12.99,USD,ladies_tops_printed_tshirts,True,,,,Available,False,True,"L, M, S, XS",4,8,https://www2.hm.com/en_us/productpage.1330170058.html,https://image.hm.com/assets/hm/f9/e6/f9e658e47a6d8f36bc04870e3e219590a76cde34.jpg,H&M
H&M_1342803001,1342803001,Denim Wrap Shirt,H&M,Denim blue,27.99,,27.99,27.99,USD,ladies_shirtsblouses_denimshirts,True,,,,Available,False,True,"XS, M, S",3,6,https://www2.hm.com/en_us/productpage.1342803001.html,https://image.hm.com/assets/hm/04/d4/04d4dcbc6ac6e9a069a0df2733613aff13aa4d42.jpg,H&M
H&M_1353445001,1353445001,Denim Bermuda Shorts,H&M,Light denim blue,39.99,,39.99,39.99,USD,Ladies_shorts_highwaisted,True,,,,Available,False,True,"8, 10, 12, 14, 2, 4, 6, 18, 16",9,18,https://www2.hm.com/en_us/productpage.1353445001.html,https://image.hm.com/assets/hm/3f/29/3f297306f11f8ee3ea5dac8754a76902af366c26.jpg,H&M
H&M_1316907006,1316907006,Button-Front Top with Collar,H&M,Light dusty blue,22.99,,22.99,22.99,USD,ladies_tops_collared,False,,,,Available,False,True,"M, L, XS, S",4,8,https://www2.hm.com/en_us/productpage.1316907006.html,https://image.hm.com/assets/hm/54/74/5474e3eed550d5eb9aa35e86615465a89b2a2f3e.jpg,H&M
H&M_925212001,925212001,Oxford Shirt,H&M,White,24.99,,24.99,24.99,USD,ladies_shirtsblouses_shirts,False,,,,Available,False,True,"XS, M, S, XL, L, XXL",6,12,https://www2.hm.com/en_us/productpage.0925212001.html,https://image.hm.com/assets/hm/d6/11/d6115426af0b4851816759d7a4c5e428a6d160c3.jpg,H&M
H&M_1347125003,1347125003,Draped Viscose Top,H&M,Dark blue,14.99,,14.99,14.99,USD,ladies_basics_tops_shortsleeve,False,,,,Available,False,True,"L, M, S, XS",4,8,https://www2.hm.com/en_us/productpage.1347125003.html,https://image.hm.com/assets/hm/55/81/55816728792a098a7ea40baee1dc883a27124edb.jpg,H&M
H&M_1330170047,1330170047,Printed T-Shirt,H&M,Dusty pink/Solare,12.99,,12.99,12.99,USD,ladies_tops_printed_tshirts,False,,,,Available,False,True,"XS, M, S, L",4,8,https://www2.hm.com/en_us/productpage.1330170047.html,https://image.hm.com/assets/hm/44/01/4401884f6a6502b8e42e1f223d6272b23b2dca84.jpg,H&M
H&M_1367088001,1367088001,Lace-Trimmed Rib-Knit Top,H&M,Black/cream,19.99,,19.99,19.99,USD,ladies_tops_knitted,True,,,,Available,False,True,"L, XL, XS, S, M",5,10,https://www2.hm.com/en_us/productpage.1367088001.html,https://image.hm.com/assets/hm/b0/9a/b09abaea009c50f8aba23ba178336e9c68c18fda.jpg,H&M
H&M_1239334026,1239334026,Cap-sleeved Dress,H&M,Cream/polka dot,24.99,,24.99,24.99,USD,ladies_dresses_bodycon,False,,,,Available,False,True,"XS, S, M, L, XL",5,10,https://www2.hm.com/en_us/productpage.1239334026.html,https://image.hm.com/assets/hm/bb/fc/bbfc800d6627763a4d06eef8e4d119a39360e39d.jpg,H&M
H&M_1344756002,1344756002,Dolman-Sleeved Linen-Blend Shirt,H&M,White,39.99,,39.99,39.99,USD,ladies_premium_selection_tops,False,,,,Available,False,True,"XXL, L, XL, S, M, XS",6,12,https://www2.hm.com/en_us/productpage.1344756002.html,https://image.hm.com/assets/hm/7f/80/7f8083e6f2c80cb57f6aa5be48ca84da313dfc31.jpg,H&M
H&M_1347125002,1347125002,Draped Viscose Top,H&M,Dark brown,14.99,,14.99,14.99,USD,ladies_basics_tops_shortsleeve,False,,,,Available,False,True,"XL, M, L, XS, S",5,10,https://www2.hm.com/en_us/productpage.1347125002.html,https://image.hm.com/assets/hm/e1/5b/e15b35d8e76f0434eeceb4bbc2f61e1141fe630d.jpg,H&M
H&M_1362957001,1362957001,Tie-Detail Cutout Dress,H&M,Navy blue/floral,59.99,,59.99,59.99,USD,ladies_dresses_backless,True,,,,Available,False,True,"M, S, XS, L",4,8,https://www2.hm.com/en_us/productpage.1362957001.html,https://image.hm.com/assets/hm/e4/bb/e4bb65e909f3f3f0ee442af89ae3d35e8f3abbfc.jpg,H&M
H&M_1341688023,1341688023,Oversized Printed T-Shirt,H&M,Black/Condé Nast Glamour,19.99,,19.99,19.99,USD,ladies_tops_printed_tshirts,False,,,,Available,False,True,"XXL, XS, L, XL, S, M",6,12,https://www2.hm.com/en_us/productpage.1341688023.html,https://image.hm.com/assets/hm/e6/24/e6246b961f90110a019cf381a86fb38c7d8f05a0.jpg,H&M
H&M_1358089005,1358089005,Oversized Pullover Shirt,H&M,Olive green/striped,34.99,,34.99,34.99,USD,ladies_shirtsblouses_shirts,True,,,,Available,False,True,"S, XS, L, M",4,8,https://www2.hm.com/en_us/productpage.1358089005.html,https://image.hm.com/assets/hm/eb/2b/eb2be6e35555b1fb17f6c621ade3dbd5dea0133e.jpg,H&M
H&M_1329670008,1329670008,Cotton T-Shirt,H&M,Pink,7.99,,7.99,7.99,USD,ladies_basics_tops_shortsleeve,False,,,,Available,False,True,"XL, L, M, S, XS, XXL",6,12,https://www2.hm.com/en_us/productpage.1329670008.html,https://image.hm.com/assets/hm/d5/fc/d5fca1f3110e9c0b1afbba301b57482595f6d6f9.jpg,H&M
H&M_1338599001,1338599001,Kitten-Heeled Suede Mules,H&M,Beige,59.99,,59.99,59.99,USD,ladies_premium_selection_shoes,True,,,,Available,False,True,"5, 4, 7, 6, 11, 10, 9, 8",8,16,https://www2.hm.com/en_us/productpage.1338599001.html,https://image.hm.com/assets/hm/f2/62/f26228db68a768d56ecfcd849ee7b575545047f0.jpg,H&M
H&M_1351647001,1351647001,Wrap Midi Dress,H&M,Beige,49.99,,49.99,49.99,USD,ladies_dresses_draped,True,,,,Available,False,True,"XS, XL, L, M, S",5,10,https://www2.hm.com/en_us/productpage.1351647001.html,https://image.hm.com/assets/hm/d1/36/d136583c6cc5c34539ad1db19f5f2326749ec359.jpg,H&M
H&M_1359235001,1359235001,Embroidered Beach Shirt,H&M,White/flowers,49.99,,49.99,49.99,USD,ladies_shirtsblouses_shirts,True,,,,Available,False,True,"S, XS, XL, L, M",5,10,https://www2.hm.com/en_us/productpage.1359235001.html,https://image.hm.com/assets/hm/9f/dc/9fdc2722b22f6e919d38f18b30e140a738740272.jpg,H&M
H&M_1340747002,1340747002,Lyocell-Blend Handkerchief Blouse,H&M,Dusty pink/patterned,27.99,,27.99,27.99,USD,ladies_shirtsblouses_blouses,True,,,,Available,False,True,"S, XS",2,4,https://www2.hm.com/en_us/productpage.1340747002.html,https://image.hm.com/assets/hm/63/1b/631bf54f164f0ed92714b37219c40acd3a62f1ac.jpg,H&M
H&M_1045459081,1045459081,Harper High Rise Wide Leg Jeans,H&M,Light denim blue,34.99,,34.99,34.99,USD,ladies_jeans_wide,False,,,,Available,False,True,"18, 20, 22, 2, 4, 6, 8, 10, 12, 14, 16",11,22,https://www2.hm.com/en_us/productpage.1045459081.html,https://image.hm.com/assets/hm/a0/8d/a08db9454a2ce609202275c4ca931ce27460b120.jpg,H&M
H&M_1353714007,1353714007,Jersey Drawstring Pants,H&M,Dark gray,27.99,,27.99,27.99,USD,ladies_trousers_drawstring,False,,,,Available,False,True,"M, L, XS, S, XL, XXL",6,12,https://www2.hm.com/en_us/productpage.1353714007.html,https://image.hm.com/assets/hm/88/29/882973df15f63a767203a9551066a1b94a3d594e.jpg,H&M
H&M_1348428001,1348428001,Long Handkerchief Skirt,H&M,Beige,39.99,,39.99,39.99,USD,ladies_skirts_flared,True,,,,Available,False,True,"L, M, S, XS",4,8,https://www2.hm.com/en_us/productpage.1348428001.html,https://image.hm.com/assets/hm/9f/13/9f13768294597e15a847a00e337eaa075d535779.jpg,H&M
H&M_1348995001,1348995001,Crinkled Pull-On Pants,H&M,Black,19.99,,19.99,19.99,USD,ladies_trousers_highwaisted,False,,,,Available,False,True,"XS, XL, L, M, S",5,10,https://www2.hm.com/en_us/productpage.1348995001.html,https://image.hm.com/assets/hm/c4/80/c48067e0475a3bfd30bc451480ca646d863a74b6.jpg,H&M
H&M_1290209018,1290209018,Boxy T-Shirt,H&M,Pale yellow,12.99,,12.99,12.99,USD,ladies_basics_tops_shortsleeve,False,,,,Available,False,True,"L, XL, S, M, XS",5,10,https://www2.hm.com/en_us/productpage.1290209018.html,https://image.hm.com/assets/hm/14/e0/14e0e567e014209ceb4ffdc0e10af4922d44ba60.jpg,H&M
H&M_1340112004,1340112004,Ruched Cotton Blouse,H&M,Light beige/floral,24.99,,24.99,24.99,USD,ladies_shirtsblouses_blouses,False,,,,Available,False,True,"XL, L, XXL, XS, XXS, M, S",7,14,https://www2.hm.com/en_us/productpage.1340112004.html,https://image.hm.com/assets/hm/ea/97/ea97b1a13a8bb8fde8d2f63e812200ad34e84027.jpg,H&M
H&M_1343919002,1343919002,Long-sleeved jersey top,H&M,Dark plum purple,9.99,,9.99,9.99,USD,ladies_tops_longsleeve,True,,,,Available,False,True,"S, M, L, XL, XS, XXL",6,12,https://www2.hm.com/en_us/productpage.1343919002.html,https://image.hm.com/assets/hm/a7/e9/a7e9f9237c2ef31255624a51c8a5793dc6cbd6c9.jpg,H&M
H&M_1294765016,1294765016,Sports Wrap Top in Modal,H&M,Black,29.99,,29.99,29.99,USD,sportswear_women_activity_yoga_tops,False,,,,Available,False,True,"XXL, XL, L, M, S, XS",6,12,https://www2.hm.com/en_us/productpage.1294765016.html,https://image.hm.com/assets/hm/81/b5/81b544acc6b02a93f22cb0b7c48c1828aac209c9.jpg,H&M
H&M_1351340001,1351340001,Cotton Polo Shirt,H&M,Cream/striped,19.99,,19.99,19.99,USD,ladies_tops_collared,True,,,,Available,False,True,"S, M, XS, XXL, L, XL",6,12,https://www2.hm.com/en_us/productpage.1351340001.html,https://image.hm.com/assets/hm/0a/d5/0ad5d54d24a3362efc856b5ad036992d4e388498.jpg,H&M
H&M_1290209015,1290209015,Boxy T-Shirt,H&M,Black,12.99,,12.99,12.99,USD,ladies_basics_tops_shortsleeve,False,,,,Available,False,True,"XL, XXL, XS, S, M, L",6,12,https://www2.hm.com/en_us/productpage.1290209015.html,https://image.hm.com/assets/hm/74/28/7428b68eb75d372fe1bce16d005106a11c9d4e28.jpg,H&M
H&M_1356122003,1356122003,Crêpe Jersey Jacket,H&M,Cream,44.99,,44.99,44.99,USD,ladies_jacketscoats_jackets,True,,,,Available,False,True,"XL, L, M, S, XS",5,10,https://www2.hm.com/en_us/productpage.1356122003.html,https://image.hm.com/assets/hm/58/08/5808c682d74ad13ee6067ea4badc33c69ef2524e.jpg,H&M
H&M_1359526002,1359526002,Puff-Sleeved Asymmetric Top,H&M,Black,14.99,,14.99,14.99,USD,ladies_tops_puffsleeve,True,,,,Available,False,True,"M, L, XS, S",4,8,https://www2.hm.com/en_us/productpage.1359526002.html,https://image.hm.com/assets/hm/d8/92/d8928bd9db676a5efc11cb5656fd87f210f28817.jpg,H&M
H&M_1348330001,1348330001,Wool Capri Pants,H&M,Black,79.99,,79.99,79.99,USD,ladies_premium_selection_bottoms,True,,,,Available,False,True,"10, 12, 6, 8, 14, 16, 18, 4, 20",9,18,https://www2.hm.com/en_us/productpage.1348330001.html,https://image.hm.com/assets/hm/55/1d/551d4709e476a8a509288b092aa6b239a69e53a5.jpg,H&M
H&M_1344276001,1344276001,Padded Bikini Top,H&M,Pink/floral,24.99,,24.99,24.99,USD,ladies_swimwear_bikinisets_tops,True,,,,Available,False,True,"XS, L, XL, S, M",5,10,https://www2.hm.com/en_us/productpage.1344276001.html,https://image.hm.com/assets/hm/1a/3e/1a3e6c827eeb3d0e22aca8ea48c2bdc60bbb6bfd.jpg,H&M
H&M_1045459086,1045459086,Harper High Rise Wide Leg Jeans,H&M,Dark brown,34.99,,34.99,34.99,USD,ladies_jeans_wide,False,,,,Available,False,True,"10, 8, 6, 4, 16, 14, 12, 2, 0, 22, 20, 18",12,24,https://www2.hm.com/en_us/productpage.1045459086.html,https://image.hm.com/assets/hm/d9/cb/d9cbd5615ab3ae695b2ffee69245ef11a800d424.jpg,H&M
H&M_1350139003,1350139003,Flared-Skirt Twill Dress,H&M,Denim blue,59.99,,59.99,59.99,USD,ladies_dresses_backless,True,,,,Available,False,True,"L, M, S, XS",4,8,https://www2.hm.com/en_us/productpage.1350139003.html,https://image.hm.com/assets/hm/e5/6b/e56bc7626d78eb837d45dc0828fa6151cf25688c.jpg,H&M
H&M_579541228,579541228,Fine-Knit Cardigan,H&M,Dark gray melange,17.99,,17.99,17.99,USD,ladies_basics_cardigansjumpers,True,,,,Available,False,True,"L, M, S, XS, XL",5,10,https://www2.hm.com/en_us/productpage.0579541228.html,https://image.hm.com/assets/hm/37/d0/37d01396f483292ac0931459774218bc93f2fca9.jpg,H&M
H&M_1354570001,1354570001,Cotton-Blend Polo Shirt,H&M,Light blue/burgundy striped,24.99,,24.99,24.99,USD,ladies_tops_collared,True,,,,Available,False,True,"L, XL, S, M, XS",5,10,https://www2.hm.com/en_us/productpage.1354570001.html,https://image.hm.com/assets/hm/a4/9c/a49ce10223169cee7ba6c9f5ff8b10df6f4bddba.jpg,H&M
H&M_1340598002,1340598002,Wide-Leg Regular Waist Jeans,H&M,Light denim blue,39.99,,39.99,39.99,USD,ladies_jeans_wide,True,,,,Available,False,True,"2, 6, 4, 10, 8, 14, 12, 16, 18",9,18,https://www2.hm.com/en_us/productpage.1340598002.html,https://image.hm.com/assets/hm/5a/65/5a6583147c31e07e24e4f98a4f2df523895b7ed3.jpg,H&M
H&M_1142908001,1142908001,Fitted Microfiber T-shirt,H&M,Black,12.99,,12.99,12.99,USD,ladies_basics_tops_shortsleeve,False,,,,Available,False,True,"XL, L, M, S",4,8,https://www2.hm.com/en_us/productpage.1142908001.html,https://image.hm.com/assets/hm/2b/72/2b722de1d8e9b38af30da131d8fb91ed5b5fe8fa.jpg,H&M
H&M_1348953001,1348953001,Printed Tie-Detail Dress,H&M,Black/floral,49.99,,49.99,49.99,USD,ladies_dresses_flared,True,,,,Available,False,True,"S, M, XS, L, XL",5,10,https://www2.hm.com/en_us/productpage.1348953001.html,https://image.hm.com/assets/hm/9f/af/9faf6e0f682fed39fe05fd0f1a280eea142225ce.jpg,H&M
H&M_1360820001,1360820001,Balloon-Sleeved Cotton Shirt,H&M,Cream,24.99,,24.99,24.99,USD,ladies_shirtsblouses_shirts,True,,,,Available,False,True,"L, M, XL, S, XS",5,10,https://www2.hm.com/en_us/productpage.1360820001.html,https://image.hm.com/assets/hm/92/31/923176493859ed485f0f04dfca5a3f316c684e52.jpg,H&M
H&M_1348924003,1348924003,Button-Front Midi Dress,H&M,Black/floral,34.99,,34.99,34.99,USD,ladies_dresses_flared,True,,,,Available,False,True,"XS, XXL, M, S, XL, L",6,12,https://www2.hm.com/en_us/productpage.1348924003.html,https://image.hm.com/assets/hm/c8/19/c819fec324e00dccb36874af4871d10483841af9.jpg,H&M
H&M_1366224001,1366224001,Flounced Eyelet-Embroidered Blouse,H&M,White,49.99,,49.99,49.99,USD,ladies_shirtsblouses_blouses,True,,,,Available,False,True,"M, L, XS, S",4,8,https://www2.hm.com/en_us/productpage.1366224001.html,https://image.hm.com/assets/hm/3f/fb/3ffb61695228ed5f611a5bd792d634fea363b5e2.jpg,H&M
H&M_1344226002,1344226002,Cotton Mesh Beach Dress,H&M,Light pink,44.99,,44.99,44.99,USD,ladies_dresses_beachdresses,True,,,,Available,False,True,"S, M, L, XL, XS",5,10,https://www2.hm.com/en_us/productpage.1344226002.html,https://image.hm.com/assets/hm/45/2a/452a7766b9babaf9f61fe363c5e5a1e207d4b42f.jpg,H&M
H&M_1344226001,1344226001,Cotton Mesh Beach Dress,H&M,White,44.99,,44.99,44.99,USD,ladies_dresses_beachdresses,True,,,,Available,False,True,"XL, XS, S, M, L",5,10,https://www2.hm.com/en_us/productpage.1344226001.html,https://image.hm.com/assets/hm/be/a2/bea27339487072750daffe19038dcc88118a3fa4.jpg,H&M
H&M_1347186005,1347186005,Fitted Modal T-Shirt,H&M,Dusty pink,9.99,,9.99,9.99,USD,ladies_basics_tops_shortsleeve,False,,,,Available,False,True,"L, M, XL, S, XS",5,10,https://www2.hm.com/en_us/productpage.1347186005.html,https://image.hm.com/assets/hm/da/83/da83e0fb53b99600538fcca90c98df0f34bd77af.jpg,H&M
H&M_1352971003,1352971003,MAMA Straight Low Waist Jeans,H&M,Denim blue,54.99,,54.99,54.99,USD,ladies_maternity_jeans,True,,,,Available,False,True,"XS, S, M, L, XL, XXL",6,12,https://www2.hm.com/en_us/productpage.1352971003.html,https://image.hm.com/assets/hm/be/3f/be3fe6979a424efe2b8d82239c6c2a2f36e94828.jpg,H&M
H&M_1340697007,1340697007,Ribbed Cotton Tank Top,H&M,Dark gray,12.99,,12.99,12.99,USD,ladies_basics_tops_vests,False,,,,Available,False,True,"XXL, XL, S, XS, L, M",6,12,https://www2.hm.com/en_us/productpage.1340697007.html,https://image.hm.com/assets/hm/19/80/1980b6ad6c31b674d607914e0307828faf7382d9.jpg,H&M
H&M_1351646001,1351646001,Belted Tunic Dress,H&M,Black/floral,59.99,,59.99,59.99,USD,ladies_dresses_maxidresses,True,,,,Available,False,True,"XS, S, M, L, XL",5,10,https://www2.hm.com/en_us/productpage.1351646001.html,https://image.hm.com/assets/hm/e3/d1/e3d11ffe8dda968bb63e0a7b3f8f9ed19583e976.jpg,H&M
H&M_1341688019,1341688019,Oversized Printed T-Shirt,H&M,White/Condé Nast Glamour,19.99,,19.99,19.99,USD,ladies_tops_printed_tshirts,False,,,,Available,False,True,"L, M, S, XS, XXL, XL",6,12,https://www2.hm.com/en_us/productpage.1341688019.html,https://image.hm.com/assets/hm/db/58/db589210a7980be9abdcf5a7b00e4dd19bacb84a.jpg,H&M
H&M_1348331001,1348331001,Wool Pencil Skirt,H&M,Light gray melange,69.99,,69.99,69.99,USD,ladies_premium_selection_bottoms,True,,,,Available,False,True,"18, 20, 0, 2, 4, 6, 8, 10, 12, 14, 16",11,22,https://www2.hm.com/en_us/productpage.1348331001.html,https://image.hm.com/assets/hm/8f/82/8f82342474dc5f578d6de329a8c16eb9d80aa3b0.jpg,H&M
H&M_1142908079,1142908079,Fitted Microfiber T-shirt,H&M,Pale yellow,12.99,,12.99,12.99,USD,ladies_basics_tops_shortsleeve,False,,,,Available,False,True,"S, XS, L, M, XXL, XL",6,12,https://www2.hm.com/en_us/productpage.1142908079.html,https://image.hm.com/assets/hm/2c/4b/2c4bda4f2704f4e9f8a635147b1e27e74afa0cc6.jpg,H&M
H&M_1340768001,1340768001,Capri Pants,H&M,Black,24.99,,24.99,24.99,USD,ladies_trousers,True,,,,Available,False,True,"2, 8, 10, 4, 6",5,10,https://www2.hm.com/en_us/productpage.1340768001.html,https://image.hm.com/assets/hm/ee/b6/eeb61413e6312ff290d3b3b7158fd741348418fa.jpg,H&M
H&M_1350595002,1350595002,Gathered Crêpe Skirt,H&M,Pink,49.99,,49.99,49.99,USD,ladies_skirts_longskirts,True,,,,Available,False,True,"L, M, S, XS",4,8,https://www2.hm.com/en_us/productpage.1350595002.html,https://image.hm.com/assets/hm/34/8d/348d2e94b0ff8603d9d793cc6cea02ffeb4c6320.jpg,H&M
H&M_1337692007,1337692007,Raw-Edge Denim Shorts,H&M,Dark brown,24.99,,24.99,24.99,USD,ladies_shorts_jeans,False,,,,Available,False,True,"2, 18, 16, 14, 12, 10, 8, 6, 4",9,18,https://www2.hm.com/en_us/productpage.1337692007.html,https://image.hm.com/assets/hm/1a/28/1a28747d01dbde302e3e83aa9d9d285618836350.jpg,H&M
H&M_1349710003,1349710003,High-Waist Barrel-Leg Ankle Jeans,H&M,Light beige,39.99,,39.99,39.99,USD,ladies_jeans_barrel,True,,,,Available,False,True,"8, 10, 2, 4, 6",5,10,https://www2.hm.com/en_us/productpage.1349710003.html,https://image.hm.com/assets/hm/d2/03/d203b2c555b8b41bc0092af169e5dc9eff10b731.jpg,H&M
H&M_1341808005,1341808005,Fitted T-Shirt,H&M,Navy blue/striped,14.99,,14.99,14.99,USD,ladies_basics_tops_shortsleeve,False,,,,Available,False,True,"XXL, L, XL, S, M, XS",6,12,https://www2.hm.com/en_us/productpage.1341808005.html,https://image.hm.com/assets/hm/f6/a8/f6a863e6055f79775f10ddae28ce83fde46d4cf3.jpg,H&M
H&M_1327577013,1327577013,Denim Bermuda Shorts,H&M,Light beige/leopard print,29.99,,29.99,29.99,USD,Ladies_shorts_highwaisted,False,,,,Available,False,True,"14, 12, 10, 8, 6, 4, 2, 0, 22, 20",10,20,https://www2.hm.com/en_us/productpage.1327577013.html,https://image.hm.com/assets/hm/36/54/36540c1a6f6af7b5d9ef5c11f6866b95e164f82e.jpg,H&M
H&M_1333860003,1333860003,Knit Boat-Neck Top,H&M,Light beige,19.99,,19.99,19.99,USD,ladies_tops_knitted,False,,,,Available,False,True,"XS, L, M",3,6,https://www2.hm.com/en_us/productpage.1333860003.html,https://image.hm.com/assets/hm/80/11/8011d41125e186705aa6ce6e5a5e89b2f47ed6a8.jpg,H&M
H&M_1297196005,1297196005,Oversized Poplin Shirt,H&M,Blue,19.99,,19.99,19.99,USD,ladies_shirtsblouses_shirts,False,,,,Available,False,True,"S, M, L, XL, XS",5,10,https://www2.hm.com/en_us/productpage.1297196005.html,https://image.hm.com/assets/hm/a0/fb/a0fb15476b6c3a49b8abc89372cb7b7d484d27b1.jpg,H&M
H&M_1346059003,1346059003,Oversized Twill Jacket,H&M,Dark khaki green,49.99,,49.99,49.99,USD,ladies_jacketscoats_jackets,True,,,,Available,False,True,"L, M, XXL, XL, S, XS",6,12,https://www2.hm.com/en_us/productpage.1346059003.html,https://image.hm.com/assets/hm/8b/b7/8bb7c1d0a275daa269e355c26848060086937c73.jpg,H&M
H&M_1340697006,1340697006,Ribbed Cotton Tank Top,H&M,Dark brown/striped,12.99,,12.99,12.99,USD,ladies_basics_tops_vests,False,,,,Available,False,True,"XL, L, XXL, XS, M, S",6,12,https://www2.hm.com/en_us/productpage.1340697006.html,https://image.hm.com/assets/hm/03/c1/03c18936849af03a612c21834091828fb586e547.jpg,H&M
H&M_1229036133,1229036133,Patterned Scarf,H&M,Dark brown/leopard print,9.99,,9.99,9.99,USD,ladies_accessories_scarves,True,,,,Available,False,True,31x31,1,2,https://www2.hm.com/en_us/productpage.1229036133.html,https://image.hm.com/assets/hm/73/a2/73a236ecefbc54871039c9adeb2208ae4cf856a8.jpg,H&M
H&M_1350623001,1350623001,Button-Front Balloon-Sleeved Blouse,H&M,Light dusty beige/floral,44.99,,44.99,44.99,USD,ladies_shirtsblouses_blouses,True,,,,Available,False,True,"S, XL, M, L",4,8,https://www2.hm.com/en_us/productpage.1350623001.html,https://image.hm.com/assets/hm/f2/b0/f2b04831ee73a22cafcab6289572e527855f856a.jpg,H&M
H&M_1348336001,1348336001,Batwing-Sleeved Pima Cotton Top,H&M,Black,39.99,,39.99,39.99,USD,ladies_premium_selection_tops,True,,,,Available,False,True,"L, M, S, XS, XXL, XL",6,12,https://www2.hm.com/en_us/productpage.1348336001.html,https://image.hm.com/assets/hm/ac/3c/ac3c290903558ebac1f97e989cc5b26bbfc5263d.jpg,H&M
H&M_1322041001,1322041001,3-Pack Cotton Tank Tops,H&M,White/dark brown/black,24.99,,24.99,24.99,USD,ladies_basics_tops_vests,False,,,,Available,False,True,"XS, L, XL, S, M, XXL",6,12,https://www2.hm.com/en_us/productpage.1322041001.html,https://image.hm.com/assets/hm/ba/45/ba45c47f069cb122198a021b252425b1ca79577c.jpg,H&M
H&M_1346732001,1346732001,Eyelet-Embroidered Top with Tie Shoulder Straps,H&M,Light blue,29.99,,29.99,29.99,USD,ladies_tops_vests,False,,,,Available,False,True,"L, M, S, XS",4,8,https://www2.hm.com/en_us/productpage.1346732001.html,https://image.hm.com/assets/hm/14/06/14065c04f9f423564d3fc4ef0844260c3c35b66d.jpg,H&M
H&M_1355267004,1355267004,Tie-Belt Shirt Dress,H&M,Pink,29.99,,29.99,29.99,USD,ladies_dresses_flared,True,,,,Available,False,True,"XL, XXL, M, L, XS, S",6,12,https://www2.hm.com/en_us/productpage.1355267004.html,https://image.hm.com/assets/hm/ee/02/ee02b7a5fb95fd681da84b78a6bdb055ccc6bfdc.jpg,H&M
H&M_1350359001,1350359001,Embroidered Blouse,H&M,Black,89.99,,89.99,89.99,USD,ladies_shirtsblouses_blouses,True,,,,Available,False,True,"M, L",2,4,https://www2.hm.com/en_us/productpage.1350359001.html,https://image.hm.com/assets/hm/5e/ac/5eac7d236fd8804244097d53087be3c251375643.jpg,H&M
H&M_1349469001,1349469001,Jacquard-Weave Dress with Fringe,H&M,Dark plum purple,69.99,,69.99,69.99,USD,ladies_dresses_cocktail,True,,,,Available,False,True,"XL, L, M, S, XS",5,10,https://www2.hm.com/en_us/productpage.1349469001.html,https://image.hm.com/assets/hm/97/19/9719593b74a8f3bc7dd8901b35c2a40498fe34ea.jpg,H&M
H&M_1348991002,1348991002,Draped Asymmetric Top,H&M,Cream,14.99,,14.99,14.99,USD,ladies_tops,False,,,,Available,False,True,"XS, S, XL, M, L",5,10,https://www2.hm.com/en_us/productpage.1348991002.html,https://image.hm.com/assets/hm/fc/40/fc40b0e21684e8d50415887f89ce01e7a5b91e95.jpg,H&M
H&M_1344035003,1344035003,Tie-Belt Shirt Dress,H&M,Black,34.99,,34.99,34.99,USD,ladies_dresses_aline,False,,,,Available,False,True,"XXL, XL, L, M, S, XS",6,12,https://www2.hm.com/en_us/productpage.1344035003.html,https://image.hm.com/assets/hm/d7/b8/d7b88d9d9ab35cf7fd3dcfb0a866d67245232648.jpg,H&M
H&M_1268221019,1268221019,Cheeky Bikini Bottoms,H&M,Pink/floral,12.99,,12.99,12.99,USD,ladies_swimwear_bikinisets_bottoms,True,,,,Available,False,True,"S, M, L, XL, XS",5,10,https://www2.hm.com/en_us/productpage.1268221019.html,https://image.hm.com/assets/hm/de/af/deaf50b70e673389cb0ca0fb305b2a30a3d4fe48.jpg,H&M
H&M_1257593049,1257593049,Ribbed Tank Top,H&M,Dark blue,9.99,,9.99,9.99,USD,ladies_basics_tops_vests,False,,,,Available,False,True,"M, L, XS, S, XL, XXL",6,12,https://www2.hm.com/en_us/productpage.1257593049.html,https://image.hm.com/assets/hm/fb/5f/fb5fb24025ba41243036662b13f86dce604ba4f1.jpg,H&M
H&M_1346094002,1346094002,Wide-Leg Pants with Belt,H&M,Dark brown,34.99,,34.99,34.99,USD,ladies_trousers_dressed,False,,,,Available,False,True,"14, 16, 18, 2, 4, 10, 12, 6, 8",9,18,https://www2.hm.com/en_us/productpage.1346094002.html,https://image.hm.com/assets/hm/2c/e2/2ce2b71f772338fc3e9e70b8bd20e1fc01f9e8e0.jpg,H&M
H&M_1351671005,1351671005,Oversized Printed T-Shirt,H&M,White/Sol de Verano,19.99,,19.99,19.99,USD,ladies_tops_printed_tshirts,True,,,,Available,False,True,"XL, L, M, S, XS",5,10,https://www2.hm.com/en_us/productpage.1351671005.html,https://image.hm.com/assets/hm/1c/59/1c59c699c1be9636ccd71783597b07729748688f.jpg,H&M
H&M_1350154003,1350154003,Asymmetric Halterneck Top,H&M,Burgundy,14.99,,14.99,14.99,USD,ladies_tops_halterneck,True,,,,Available,False,True,"L, S, M, XXS, XS",5,10,https://www2.hm.com/en_us/productpage.1350154003.html,https://image.hm.com/assets/hm/a8/4e/a84e724a16935bddfeeb45c5b149b65c72e39aa9.jpg,H&M
H&M_1260556033,1260556033,Ribbed T-Shirt,H&M,Navy blue,9.99,,9.99,9.99,USD,ladies_basics_tops_shortsleeve,False,,,,Available,False,True,"M, L, XS, S, XL, XXL",6,12,https://www2.hm.com/en_us/productpage.1260556033.html,https://image.hm.com/assets/hm/b6/4d/b64d9e00bab10e34a53568d49833d76596b9f306.jpg,H&M
H&M_1357093001,1357093001,Twist-Detail High-Low Top,H&M,White,22.99,,22.99,22.99,USD,ladies_tops_shortsleeve,True,,,,Available,False,True,"XS, S, M",3,6,https://www2.hm.com/en_us/productpage.1357093001.html,https://image.hm.com/assets/hm/a0/a7/a0a78b0a82eb36e2d42564cfb030a444789d2b28.jpg,H&M
H&M_1330168009,1330168009,Puff-Sleeved Blouse,H&M,Blue/striped,24.99,,24.99,24.99,USD,ladies_shirtsblouses_blouses,False,,,,Available,False,True,"M, L, XS, S, XL",5,10,https://www2.hm.com/en_us/productpage.1330168009.html,https://image.hm.com/assets/hm/1b/dd/1bddaee550fb5f85567bd9103b68912113c3285e.jpg,H&M
H&M_1341041001,1341041001,Draped Halterneck Dress,H&M,Black,19.99,,19.99,19.99,USD,ladies_dresses_backless,False,,,,Available,False,True,"XS, S, XL, XXL, M, L",6,12,https://www2.hm.com/en_us/productpage.1341041001.html,https://image.hm.com/assets/hm/18/6e/186e4ed05e35d8a9a80bc25a2c864e8f919f9c94.jpg,H&M
H&M_1360779002,1360779002,Lace-Trimmed Dress,H&M,Powder pink,49.99,,49.99,49.99,USD,ladies_dresses_shortdresses,True,,,,Available,False,True,"L, M, S, XS",4,8,https://www2.hm.com/en_us/productpage.1360779002.html,https://image.hm.com/assets/hm/57/c8/57c850a210f4527cd70eccaa3b8a8ec02435952e.jpg,H&M
H&M_1330170033,1330170033,Printed T-Shirt,H&M,Black/Costa Rica,12.99,,12.99,12.99,USD,ladies_tops_printed_tshirts,False,,,,Available,False,True,"S, XS, L, M",4,8,https://www2.hm.com/en_us/productpage.1330170033.html,https://image.hm.com/assets/hm/55/4d/554dc58649b2f3866ee6d9b307e58afbd8d1d19c.jpg,H&M
H&M_1363888001,1363888001,Cotton Dress with Flared Skirt,H&M,Cream/polka dot,44.99,,44.99,44.99,USD,ladies_dresses_flared,True,,,,Available,False,True,"S, M, XS, L",4,8,https://www2.hm.com/en_us/productpage.1363888001.html,https://image.hm.com/assets/hm/a8/d8/a8d87f3a24bddc67802a144cbc804ea65cd990a2.jpg,H&M
H&M_1360182002,1360182002,Tie-Belt Dress,H&M,Black/gingham,44.99,,44.99,44.99,USD,ladies_dresses_mididresses,False,,,,Available,False,True,"XS, S, M, L",4,8,https://www2.hm.com/en_us/productpage.1360182002.html,https://image.hm.com/assets/hm/4e/63/4e63c3b81fbe318829aa475e13bced6e2ecdbfbf.jpg,H&M
H&M_1357162002,1357162002,Printed Cotton T-Shirt,H&M,Cream/Amalfi,19.99,,19.99,19.99,USD,ladies_tops_printed_tshirts,False,,,,Available,False,True,"S, XS, L, M",4,8,https://www2.hm.com/en_us/productpage.1357162002.html,https://image.hm.com/assets/hm/e4/df/e4df5793593acfa0e5cd2489cab8c755c23c9efc.jpg,H&M
H&M_1199249072,1199249072,Wide-leg Joggers,H&M,Light dusty blue,19.99,,19.99,19.99,USD,ladies_basics_trousersleggings,True,,,,Available,False,True,"XXL, XL, L, M, S, XS",6,12,https://www2.hm.com/en_us/productpage.1199249072.html,https://image.hm.com/assets/hm/90/bf/90bf2046293b477bf4eeeb53dcdff54e52227dc2.jpg,H&M
H&M_1365583001,1365583001,Puff-Sleeved Peplum Blouse,H&M,Light beige/floral,19.99,,19.99,19.99,USD,ladies_shirtsblouses_blouses,True,,,,Available,False,True,"XS, S, M, L, XL",5,10,https://www2.hm.com/en_us/productpage.1365583001.html,https://image.hm.com/assets/hm/0b/f5/0bf588074e0db8831519994f30cf87183a4d4a26.jpg,H&M
H&M_1346460001,1346460001,Oversized Linen Shirt,H&M,Light beige/striped,44.99,,44.99,44.99,USD,ladies_premium_selection_tops,False,,,,Available,False,True,"XXL, XL, L, M, S",5,10,https://www2.hm.com/en_us/productpage.1346460001.html,https://image.hm.com/assets/hm/5c/b0/5cb08fff7dd2728ab21a0a8a6762bc1ecdf936b8.jpg,H&M
H&M_1350600001,1350600001,Cropped Tie-Detail Jacket,H&M,Black,89.99,,89.99,89.99,USD,ladies_blazerswaistcoats_cropped,True,,,,Available,False,True,"XL, L, M, S",4,8,https://www2.hm.com/en_us/productpage.1350600001.html,https://image.hm.com/assets/hm/08/4f/084fdd23b2c549bd7feed49023a42598e2c10e3d.jpg,H&M
H&M_1351651002,1351651002,Satin Midi Dress,H&M,Dark beige,49.99,,49.99,49.99,USD,ladies_dresses_mididresses,True,,,,Available,False,True,"L, M, S, XS",4,8,https://www2.hm.com/en_us/productpage.1351651002.html,https://image.hm.com/assets/hm/52/82/5282d58bc32cf17bb42ad2e79c9d55074f0e8058.jpg,H&M
H&M_1142908076,1142908076,Fitted Microfiber T-shirt,H&M,Light beige,12.99,,12.99,12.99,USD,ladies_basics_tops_shortsleeve,False,,,,Available,False,True,"L, XL, XXL, XS, S, M",6,12,https://www2.hm.com/en_us/productpage.1142908076.html,https://image.hm.com/assets/hm/fe/2e/fe2e8aeff5d2e3b6c749ec79a3b2994455e654df.jpg,H&M
H&M_1343981002,1343981002,Cotton Beach Shirt with Eyelet Embroidery,H&M,Yellow,39.99,,39.99,39.99,USD,ladies_shirtsblouses_shirts,True,,,,Available,False,True,"XL, M, L, XS, S",5,10,https://www2.hm.com/en_us/productpage.1343981002.html,https://image.hm.com/assets/hm/a3/df/a3df7785dc1bf76a92333371454b4667ad852170.jpg,H&M
H&M_1328441004,1328441004,Ribbed Boat-Neck Top,H&M,Red,12.99,,12.99,12.99,USD,ladies_tops_longsleeve,True,,,,Available,False,True,"XL, M, L, XS, S",5,10,https://www2.hm.com/en_us/productpage.1328441004.html,https://image.hm.com/assets/hm/f1/e9/f1e9142a737ce7bfee3843101c8e0b9261c89503.jpg,H&M
H&M_1348953002,1348953002,Printed Tie-Detail Dress,H&M,Light beige/floral,49.99,,49.99,49.99,USD,ladies_dresses_flared,True,,,,Available,False,True,"M, L, XS, S, XL",5,10,https://www2.hm.com/en_us/productpage.1348953002.html,https://image.hm.com/assets/hm/d3/d3/d3d31fd854b610fdf37b443c61682f81f711472e.jpg,H&M
H&M_1337692001,1337692001,Raw-Edge Denim Shorts,H&M,Light denim blue,24.99,,24.99,24.99,USD,ladies_shorts_jeans,False,,,,Available,False,True,"16, 10, 8, 14, 12, 2, 0, 6, 4, 18",10,20,https://www2.hm.com/en_us/productpage.1337692001.html,https://image.hm.com/assets/hm/39/d2/39d2d51e9c191bb4dbaea5accebdbbf8a1815b30.jpg,H&M
H&M_1340756002,1340756002,Crinkled Satin Pants,H&M,Dark gray,19.99,,19.99,19.99,USD,ladies_trousers_barrel,True,,,,Available,False,True,"L, XL, XXL, XXS, XS, S, M",7,14,https://www2.hm.com/en_us/productpage.1340756002.html,https://image.hm.com/assets/hm/7b/ca/7bca9997cc1285fa703aff92fbbb1fd678ada983.jpg,H&M
H&M_1297196003,1297196003,Oversized Poplin Shirt,H&M,Dark red/striped,19.99,,19.99,19.99,USD,ladies_shirtsblouses_shirts,False,,,,Available,False,True,"M, S, XS, XL, L",5,10,https://www2.hm.com/en_us/productpage.1297196003.html,https://image.hm.com/assets/hm/29/7b/297b3423a31326028581176a02aba716461778fb.jpg,H&M
H&M_1350139002,1350139002,Flared-Skirt Twill Dress,H&M,Cream,59.99,,59.99,59.99,USD,ladies_dresses_backless,True,,,,Available,False,True,"M, S, XS, L",4,8,https://www2.hm.com/en_us/productpage.1350139002.html,https://image.hm.com/assets/hm/48/78/4878ca4a89d52790e1fec2eb922b9c8532205d4d.jpg,H&M
H&M_1342471002,1342471002,Bandeau Maxi Dress,H&M,Black,24.99,,24.99,24.99,USD,ladies_dresses_aline,False,,,,Available,False,True,"XS, M, S, XL, L, XXL",6,12,https://www2.hm.com/en_us/productpage.1342471002.html,https://image.hm.com/assets/hm/01/98/01981c1cb79d1eb89d8f0e6e6b9d07990d0c23e2.jpg,H&M
H&M_1348614001,1348614001,Oversized Linen-Blend Shirt,H&M,Light yellow/floral,49.99,,49.99,49.99,USD,ladies_premium_selection_tops,True,,,,Available,False,True,"XS, L, XL, S, M",5,10,https://www2.hm.com/en_us/productpage.1348614001.html,https://image.hm.com/assets/hm/8e/9b/8e9bcf062f602d04fd21492712b1d32c377de4e0.jpg,H&M
H&M_1350596002,1350596002,Bubble-Hem Crêpe Top,H&M,Pink,29.99,,29.99,29.99,USD,ladies_tops_shortsleeve,True,,,,Available,False,True,"S, XS, L, M",4,8,https://www2.hm.com/en_us/productpage.1350596002.html,https://image.hm.com/assets/hm/cd/6d/cd6d22f1d752c427062bb9f9109b96ecc86e6b09.jpg,H&M
H&M_1348799001,1348799001,Sleeveless Wrap Top,H&M,Cream,9.99,,9.99,9.99,USD,ladies_tops,False,,,,Available,False,True,"M, S, XS",3,6,https://www2.hm.com/en_us/productpage.1348799001.html,https://image.hm.com/assets/hm/8f/52/8f5284dd6f45244f49c9e5b2b06526e1becea97d.jpg,H&M
H&M_1199249058,1199249058,Wide-leg Joggers,H&M,Dark gray,19.99,,19.99,19.99,USD,ladies_basics_trousersleggings,False,,,,Available,False,True,"XXL, L, XL, S, M, XS",6,12,https://www2.hm.com/en_us/productpage.1199249058.html,https://image.hm.com/assets/hm/ab/07/ab074486bd6897dbd1a60b40ac3a945bce2b61fe.jpg,H&M
H&M_1350347001,1350347001,Draped Halterneck Top,H&M,Light blue,19.99,,19.99,19.99,USD,ladies_tops_halterneck,True,,,,Available,False,True,"XS, S, M, L, XL, XXL",6,12,https://www2.hm.com/en_us/productpage.1350347001.html,https://image.hm.com/assets/hm/bc/a4/bca47264fe9ca75ab8c1a2242c81bdc38f7e0619.jpg,H&M
H&M_1354570002,1354570002,Cotton-Blend Polo Shirt,H&M,Dark blue,24.99,,24.99,24.99,USD,ladies_tops_collared,True,,,,Available,False,True,"XL, L, M, S, XS",5,10,https://www2.hm.com/en_us/productpage.1354570002.html,https://image.hm.com/assets/hm/44/24/4424b3bc7234d1ae156e979375c76c3d9f11a568.jpg,H&M
H&M_1045459087,1045459087,Harper High Rise Wide Leg Jeans,H&M,Dark denim blue,34.99,,34.99,34.99,USD,ladies_jeans_wide,True,,,,Available,False,True,"12, 10, 8, 6, 16, 14, 18, 4, 2, 0, 22, 20",12,24,https://www2.hm.com/en_us/productpage.1045459087.html,https://image.hm.com/assets/hm/9d/6f/9d6fc224fbe2b875b972f44ee57ae1c92701da94.jpg,H&M
H&M_941666096,941666096,Mom Slim-Fit High-Waist Ankle Jeans,H&M,Dark dusty brown,34.99,,34.99,34.99,USD,ladies_jeans_cropped,True,,,,Available,False,True,"14, 16, 10, 12, 6, 8, 2, 4, 20, 0, 22, 18",12,24,https://www2.hm.com/en_us/productpage.0941666096.html,https://image.hm.com/assets/hm/5d/a6/5da667f5656ccf3db9e4fdd24bfbc824f2ab713a.jpg,H&M
H&M_1361179002,1361179002,Cap-Sleeved Lace Top,H&M,White,22.99,,22.99,22.99,USD,ladies_tops_shortsleeve,True,,,,Available,False,True,"L, S, M, XS",4,8,https://www2.hm.com/en_us/productpage.1361179002.html,https://image.hm.com/assets/hm/11/1e/111e4f8414ffcba3d8bac3b7a5d423b9cf646a2c.jpg,H&M
H&M_1341964004,1341964004,MAMA Ribbed Jersey T-Shirt,H&M,Dark brown,14.99,,14.99,14.99,USD,ladies_maternity_tops,False,,,,Available,False,True,"XS, S, M, L, XL, XXL",6,12,https://www2.hm.com/en_us/productpage.1341964004.html,https://image.hm.com/assets/hm/eb/d8/ebd82283e889e4ca508982c43a2075d5d0d75ae4.jpg,H&M
H&M_1322080002,1322080002,Linen-Blend Resort Shirt,H&M,Light beige,29.99,,29.99,29.99,USD,ladies_premium_selection_tops,False,,,,Available,False,True,"XS, XXS, M, S, XL, L, XXL",7,14,https://www2.hm.com/en_us/productpage.1322080002.html,https://image.hm.com/assets/hm/56/db/56db3e25169176ad61b737fc4c8ea8ca1d2cbbcc.jpg,H&M
H&M_1350601001,1350601001,Strap-Detail Wrap Skirt,H&M,Black,59.99,,59.99,59.99,USD,ladies_skirts_midiskirts,True,,,,Available,False,True,"18, 4, 2, 12, 10, 8, 6, 16, 14",9,18,https://www2.hm.com/en_us/productpage.1350601001.html,https://image.hm.com/assets/hm/27/f5/27f5617f4ea9a2692fd7707c144d1dfa0187eb14.jpg,H&M
H&M_1350357002,1350357002,Lace Thong Bodysuit,H&M,White,24.99,,24.99,24.99,USD,ladies_tops_bodys,True,,,,Available,False,True,"XS, L, S, M",4,8,https://www2.hm.com/en_us/productpage.1350357002.html,https://image.hm.com/assets/hm/84/dd/84dd29bfa607e28352fa8cd5acffe46fc9389e11.jpg,H&M
H&M_1348879002,1348879002,Draped Crinkled Top,H&M,Rust red,9.99,,9.99,9.99,USD,ladies_tops_turtleneck,False,,,,Available,False,True,"XS, M, S, XL, L",5,10,https://www2.hm.com/en_us/productpage.1348879002.html,https://image.hm.com/assets/hm/9b/6a/9b6a40a8363a899f39f4faf119a7e74e377d8163.jpg,H&M
H&M_1347093001,1347093001,Stand-Up Collar Ponte Top,H&M,Black,9.99,,9.99,9.99,USD,ladies_tops_shortsleeve,False,,,,Available,False,True,"XL, L, XS, M, S",5,10,https://www2.hm.com/en_us/productpage.1347093001.html,https://image.hm.com/assets/hm/b8/01/b8015149a3d44e297d1213280bc04d0d3593c36e.jpg,H&M
H&M_1348995002,1348995002,Crinkled Pull-On Pants,H&M,Dark brown,19.99,,19.99,19.99,USD,ladies_trousers_highwaisted,False,,,,Available,False,True,"S, XS, XL, L, M",5,10,https://www2.hm.com/en_us/productpage.1348995002.html,https://image.hm.com/assets/hm/2e/b3/2eb33cc2b09efda82b4d5cfd8f1d71803f465a82.jpg,H&M
H&M_1363829001,1363829001,Bubble-Hem Crop Top,H&M,Cream,24.99,,24.99,24.99,USD,ladies_tops_croppedtops,True,,,,Available,False,True,"L, M",2,4,https://www2.hm.com/en_us/productpage.1363829001.html,https://image.hm.com/assets/hm/da/b3/dab381e84b9516e5a932ebb15f88b9ce2ad5cd58.jpg,H&M
H&M_1309848008,1309848008,Barrel-Leg High-Waist Jeans,H&M,Light beige,39.99,,39.99,39.99,USD,ladies_jeans_barrel,False,,,,Available,False,True,"16, 14, 8, 6, 12, 10, 0, 20, 4, 2, 18",11,22,https://www2.hm.com/en_us/productpage.1309848008.html,https://image.hm.com/assets/hm/72/c7/72c76771393f7799494f7bbdae7fc8bd217a8122.jpg,H&M
H&M_1225768001,1225768001,Long Cotton Shirt,H&M,White,24.99,,24.99,24.99,USD,ladies_shirtsblouses_shirts,False,,,,Available,False,True,"M, L",2,4,https://www2.hm.com/en_us/productpage.1225768001.html,https://image.hm.com/assets/hm/94/39/9439a1660a199819932c8f8902375400cf4e2251.jpg,H&M
H&M_1045459082,1045459082,Harper High Rise Wide Leg Jeans,H&M,White,34.99,,34.99,34.99,USD,ladies_jeans_wide,False,,,,Available,False,True,"20, 18, 22, 6, 10, 8, 14, 12, 16",9,18,https://www2.hm.com/en_us/productpage.1045459082.html,https://image.hm.com/assets/hm/7b/e7/7be78d125644278444eb481e40d8ba5bbc8eb09d.jpg,H&M
H&M_1337544002,1337544002,Denim Drawstring Pants,H&M,Light denim blue,29.99,,29.99,29.99,USD,ladies_jeans_wide,False,,,,Available,False,True,"L, M, S, XS",4,8,https://www2.hm.com/en_us/productpage.1337544002.html,https://image.hm.com/assets/hm/ed/13/ed135a1140791a6ad22e5d76ea34c737d224dd34.jpg,H&M
H&M_1296040024,1296040024,Fitted Cotton T-Shirt,H&M,White/Golden Hour,9.99,,9.99,9.99,USD,ladies_tops_shortsleeve,False,,,,Available,False,True,"XXL, L, XL, S, M, XS",6,12,https://www2.hm.com/en_us/productpage.1296040024.html,https://image.hm.com/assets/hm/40/88/40880feba8093cca805f19e27572aca39c4a8052.jpg,H&M
H&M_1216645001,1216645001,Wide-cut Pull-on Pants,H&M,Black,19.99,,19.99,19.99,USD,ladies_trousers_drawstring,False,,,,Available,False,True,"XL, L, XXL, XS, XXS, M, S",7,14,https://www2.hm.com/en_us/productpage.1216645001.html,https://image.hm.com/assets/hm/64/2a/642a34afd6e27ae5e42086dabc91c76ac9f44cfb.jpg,H&M
H&M_1342781001,1342781001,Dressy Barrel-Leg Pants,H&M,Dark taupe,29.99,,29.99,29.99,USD,ladies_trousers_barrel,True,,,,Available,False,True,"8, 6, 4, 2, 10",5,10,https://www2.hm.com/en_us/productpage.1342781001.html,https://image.hm.com/assets/hm/c7/76/c77607d5493364988149ebc4c2fb0cfe2124162c.jpg,H&M
H&M_1348993001,1348993001,Cap-Sleeved Crinkled Dress,H&M,Rust brown,24.99,,24.99,24.99,USD,ladies_dresses_mididresses,False,,,,Available,False,True,"L, XL, S, M, XS",5,10,https://www2.hm.com/en_us/productpage.1348993001.html,https://image.hm.com/assets/hm/55/46/554634fb344ffcbcb2c026fdb4134d0af44c949e.jpg,H&M
H&M_1350285001,1350285001,Belted Linen-Blend Shorts,H&M,Cream,59.99,,59.99,59.99,USD,Ladies_shorts_highwaisted,True,,,,Available,False,True,"6, 8, 10, 2, 4",5,10,https://www2.hm.com/en_us/productpage.1350285001.html,https://image.hm.com/assets/hm/8a/5a/8a5aec0c621ffa762e8d07ee5cad6674d4496b5b.jpg,H&M
H&M_1260556035,1260556035,Ribbed T-Shirt,H&M,Light dusty pink,9.99,,9.99,9.99,USD,ladies_basics_tops_shortsleeve,False,,,,Available,False,True,"S, XS, XXL, XL, L, M",6,12,https://www2.hm.com/en_us/productpage.1260556035.html,https://image.hm.com/assets/hm/d1/5e/d15e4394dac5ac895f321f73b55f9b038b6805b3.jpg,H&M
H&M_1365117004,1365117004,Sleeveless Crêpe Dress,H&M,Light beige/polka dot,39.99,,39.99,39.99,USD,ladies_dresses_shortdresses,True,,,,Available,False,True,"XS, M, S, L",4,8,https://www2.hm.com/en_us/productpage.1365117004.html,https://image.hm.com/assets/hm/43/60/4360110f7de7aaac7fd07c79e9ecca49ed981a17.jpg,H&M
H&M_1338432004,1338432004,Fine-Knit One-Shoulder Top,H&M,Dark brown,24.99,,24.99,24.99,USD,ladies_tops_knitted,False,,,,Available,False,True,"M, XL, L",3,6,https://www2.hm.com/en_us/productpage.1338432004.html,https://image.hm.com/assets/hm/44/63/446397428e78ffba4b4cad32b74633bb8f266d8d.jpg,H&M
H&M_1347697003,1347697003,Strappy Top,H&M,Cream,14.99,,14.99,14.99,USD,ladies_tops_vests,True,,,,Available,False,True,"XS, M, S, L",4,8,https://www2.hm.com/en_us/productpage.1347697003.html,https://image.hm.com/assets/hm/80/d5/80d5840c794c1416a1c8aad6839a2d51d2837a2e.jpg,H&M
H&M_1348870002,1348870002,Cowl-Neck Satin Blouse,H&M,Ivory,29.99,,29.99,29.99,USD,ladies_shirtsblouses_blouses,True,,,,Available,False,True,"S, XS, L, M, XL",5,10,https://www2.hm.com/en_us/productpage.1348870002.html,https://image.hm.com/assets/hm/23/b7/23b79e6eff018477b34a41dd5236440262ad430a.jpg,H&M
H&M_1359542001,1359542001,2-Piece Cotton Sweatshirt and Sweatpants Set,H&M,Black,34.99,,34.99,34.99,USD,ladies_basics_tops_longsleeve,True,,,,Available,False,True,"XXL, XL, L, M, S, XS",6,12,https://www2.hm.com/en_us/productpage.1359542001.html,https://image.hm.com/assets/hm/01/bd/01bd210ea162d8cba197ecba9ea4a47f31c2498a.jpg,H&M
H&M_1349203001,1349203001,Cotton Blouse with Scarf Collar,H&M,Black/pinstriped,39.99,,39.99,39.99,USD,ladies_shirtsblouses_blouses,True,,,,Available,False,True,"M, L, XS, S",4,8,https://www2.hm.com/en_us/productpage.1349203001.html,https://image.hm.com/assets/hm/ef/cc/efcce964a47ef9ad1fe8ea50a1758b065db5d54c.jpg,H&M
H&M_1206002028,1206002028,Seamless Padded Soft-cup Bra,H&M,Black,12.99,,12.99,12.99,USD,ladies_lingerie_bras_padded,False,,,,Available,False,True,"XL, M, L, XS, S",5,10,https://www2.hm.com/en_us/productpage.1206002028.html,https://image.hm.com/assets/hm/b6/68/b668b5475a4bea4cc8d12f703111c796684be9cc.jpg,H&M
H&M_1321655001,1321655001,Hooded Jacket,H&M,Black,27.99,,27.99,27.99,USD,ladies_basics_tops_longsleeve,False,,,,Available,False,True,"XL, L, XXL, XS, M, S",6,12,https://www2.hm.com/en_us/productpage.1321655001.html,https://image.hm.com/assets/hm/fb/18/fb18a4541362381c9710f2dd905442c968c0ccb7.jpg,H&M
H&M_1363579001,1363579001,Flounced Scarf-Collar Blouse,H&M,Pink,29.99,,29.99,29.99,USD,ladies_shirtsblouses_blouses,True,,,,Available,False,True,"M, L, XS, S",4,8,https://www2.hm.com/en_us/productpage.1363579001.html,https://image.hm.com/assets/hm/71/d7/71d744e132fbae231e814033d9fe092386b79e1a.jpg,H&M
H&M_1343015003,1343015003,Jersey Halterneck Top,H&M,Yellow,19.99,,19.99,19.99,USD,ladies_tops_halterneck,True,,,,Available,False,True,"M, S, XS, L",4,8,https://www2.hm.com/en_us/productpage.1343015003.html,https://image.hm.com/assets/hm/c4/73/c47384ff6d4c555f9065376f3dd42f4ee6b37fa5.jpg,H&M
H&M_1346837004,1346837004,Embroidered Cotton Cap,H&M,Beige/The New Yorker,22.99,,22.99,22.99,USD,ladies_accessories_hats_caps,True,,,,Available,False,True,"XS/S, M/L",2,4,https://www2.hm.com/en_us/productpage.1346837004.html,https://image.hm.com/assets/hm/89/85/89856199282af6b698b403fd7b48e2676f547ee0.jpg,H&M
H&M_1351166001,1351166001,Oversized Balloon-Sleeved Blouse,H&M,Cream/patterned,37.99,,37.99,37.99,USD,ladies_shirtsblouses_blouses,True,,,,Available,False,True,"XS, M, S, XL, L",5,10,https://www2.hm.com/en_us/productpage.1351166001.html,https://image.hm.com/assets/hm/c0/1a/c01a561b9f3ad18989b746cb7579c0fd01241abb.jpg,H&M
H&M_1365104002,1365104002,Balloon-Sleeved Blouse,H&M,Cream/floral,29.99,,29.99,29.99,USD,ladies_shirtsblouses_blouses,True,,,,Available,False,True,"S, M, L, XL, XS",5,10,https://www2.hm.com/en_us/productpage.1365104002.html,https://image.hm.com/assets/hm/e1/f8/e1f890d5af66aabb03bd3170efb1ad27ec86d86e.jpg,H&M
H&M_1357967002,1357967002,Viscose-Blend Cape,H&M,Dark brown,19.99,,19.99,19.99,USD,ladies_tops_knitted,True,,,,Available,False,True,"XXL, XL, L, M, S, XS",6,12,https://www2.hm.com/en_us/productpage.1357967002.html,https://image.hm.com/assets/hm/d6/58/d65852735efe0a67c0f748ddfa853ebe31634981.jpg,H&M
H&M_1349075001,1349075001,Asymmetric Tie-Detail Dress,H&M,Dark plum purple,24.99,,24.99,24.99,USD,ladies_dresses_draped,False,,,,Available,False,True,"XS, L, XL, S, M",5,10,https://www2.hm.com/en_us/productpage.1349075001.html,https://image.hm.com/assets/hm/3c/ab/3cab3d832f53620c502750083229dfbc06bdb9a6.jpg,H&M
H&M_1260556039,1260556039,Ribbed T-Shirt,H&M,Dark gray,9.99,,9.99,9.99,USD,ladies_basics_tops_shortsleeve,False,,,,Available,False,True,"L, M, XXL, XL, S, XS",6,12,https://www2.hm.com/en_us/productpage.1260556039.html,https://image.hm.com/assets/hm/fd/11/fd114067be3a9aae098b01888f388a3c9e2f3b91.jpg,H&M
H&M_1239334025,1239334025,Cap-sleeved Dress,H&M,Black,24.99,,24.99,24.99,USD,ladies_dresses_bodycon,False,,,,Available,False,True,"XS, S, M, L, XL",5,10,https://www2.hm.com/en_us/productpage.1239334025.html,https://image.hm.com/assets/hm/1b/c7/1bc7f5a4d411d2b45c6fc10c102e609da627b798.jpg,H&M
H&M_1351938002,1351938002,Batwing-Sleeved Viscose Top,H&M,Cream,19.99,,19.99,19.99,USD,ladies_basics_tops_longsleeve,False,,,,Available,False,True,"M, S, XL, L, XXL",5,10,https://www2.hm.com/en_us/productpage.1351938002.html,https://image.hm.com/assets/hm/c0/5e/c05e6063e142ba23419d298f4a2f2dd2b37e44f1.jpg,H&M
H&M_1358809001,1358809001,Lace-Trimmed Socks,H&M,White,14.99,,14.99,14.99,USD,ladies_sockstights_socks_ankle,True,,,,Available,False,True,"8-10, 5-7",2,4,https://www2.hm.com/en_us/productpage.1358809001.html,https://image.hm.com/assets/hm/35/e9/35e9735734ed4819abcca2d509f717ba8d58c04c.jpg,H&M
H&M_1348991001,1348991001,Draped Asymmetric Top,H&M,Light yellow,14.99,,14.99,14.99,USD,ladies_tops,False,,,,Available,False,True,"XS, XL, S",3,6,https://www2.hm.com/en_us/productpage.1348991001.html,https://image.hm.com/assets/hm/98/7a/987a66286861023fba836639f7ec584cf4d10ab9.jpg,H&M
H&M_1351773001,1351773001,Slacks,H&M,Black,19.99,,19.99,19.99,USD,ladies_trousers_chinosslacks,True,,,,Available,False,True,"L, XL, S, M, XS",5,10,https://www2.hm.com/en_us/productpage.1351773001.html,https://image.hm.com/assets/hm/ee/5d/ee5db981080f7b28e48524c0cd28b48b7729be87.jpg,H&M
H&M_1343852002,1343852002,Cheeky Bikini Bottoms,H&M,Plum pink,19.99,,19.99,19.99,USD,ladies_swimwear_bikinisets_bottoms,True,,,,Available,False,True,"S, M, L, XL, XS",5,10,https://www2.hm.com/en_us/productpage.1343852002.html,https://image.hm.com/assets/hm/c2/81/c281148cd12c0b0b61e4e93fdee47044bfbd928f.jpg,H&M
