id_producto,nombre,marca,color,precio_actual,precio_anterior,moneda,en_descuento,es_nuevo,venta_rapida,promocion,url_producto,url_imagen
207394233,Reebok Classic Leather sneakers in khaki and white detail,Reebok,Khaki,85.0,,USD,False,False,False,False,reebok/reebok-classic-leather-sneakers-in-khaki-and-white-detail/prd/207394233#colourWayId-207394234,images.asos-media.com/products/reebok-classic-leather-sneakers-in-khaki-and-white-detail/207394233-1-khaki
210958719,HUGO Red logo slides in white,Hugo Red,White,91.0,,USD,False,False,False,False,hugo-red/hugo-red-logo-slides-in-white/prd/210958719#colourWayId-210958721,images.asos-media.com/products/hugo-red-logo-slides-in-white/210958719-1-white
210958783,HUGO Red logo slides in black,Hugo Red,Black,91.0,,USD,False,False,False,False,hugo-red/hugo-red-logo-slides-in-black/prd/210958783#colourWayId-210958785,images.asos-media.com/products/hugo-red-logo-slides-in-black/210958783-1-black
210538935,SEQWL Soda slip on loafer style mules in taupe,SEQWL,Taupe,39.0,,USD,False,False,False,False,seqwl/seqwl-soda-slip-on-loafer-style-mules-in-taupe/prd/210538935#colourWayId-210538936,images.asos-media.com/products/seqwl-soda-slip-on-loafer-style-mules-in-taupe/210538935-1-taupe
210442536,adidas Running Hyperboost Euphoria sneakers in black ombre,adidas performance,Multi,170.0,,USD,False,False,False,False,adidas-performance/adidas-running-hyperboost-euphoria-sneakers-in-black-ombre/prd/210442536#colourWayId-210442543,images.asos-media.com/products/adidas-running-hyperboost-euphoria-sneakers-in-black-ombre/210442536-1-multi
210442778,adidas Running Hyperboost Euphoria sneakers in white and orange,adidas performance,Multi,170.0,,USD,False,False,False,False,adidas-performance/adidas-running-hyperboost-euphoria-sneakers-in-white-and-orange/prd/210442778#colourWayId-210442796,images.asos-media.com/products/adidas-running-hyperboost-euphoria-sneakers-in-white-and-orange/210442778-1-multi
210390287,ASOS DESIGN penny loafers with ruched apron in brown and cream leather,ASOS DESIGN,Brown & cream,89.99,,USD,False,False,True,False,asos-design/asos-design-penny-loafers-with-ruched-apron-in-brown-and-cream-leather/prd/210390287#colourWayId-210390289,images.asos-media.com/products/asos-design-penny-loafers-with-ruched-apron-in-brown-and-cream-leather/210390287-1-browncream
210499413,ASOS DESIGN lace up derby shoes in brown leather,ASOS DESIGN,BROWN,89.99,,USD,False,False,False,False,asos-design/asos-design-lace-up-derby-shoes-in-brown-leather/prd/210499413#colourWayId-210499415,images.asos-media.com/products/asos-design-lace-up-derby-shoes-in-brown-leather/210499413-1-brown
210575745,ASOS DESIGN slim loafers with tassel in brown leather weave,ASOS DESIGN,BROWN,94.99,,USD,False,False,False,False,asos-design/asos-design-slim-loafers-with-tassel-in-brown-leather-weave/prd/210575745#colourWayId-210575751,images.asos-media.com/products/asos-design-slim-loafers-with-tassel-in-brown-leather-weave/210575745-1-brown
211284389,Keen Jasper brushed suede sneakers in black,Keen,Black,226.0,,USD,False,False,False,False,keen/keen-jasper-brushed-suede-sneakers-in-black/prd/211284389#colourWayId-211284403,images.asos-media.com/products/keen-jasper-brushed-suede-sneakers-in-black/211284389-1-black
211284470,Keen Jasper nylon sneakers in olive green,Keen,GREEN,226.0,,USD,False,False,False,False,keen/keen-jasper-nylon-sneakers-in-olive-green/prd/211284470#colourWayId-211284472,images.asos-media.com/products/keen-jasper-nylon-sneakers-in-olive-green/211284470-1-green
211284487,Keen Jasper brushed suede sneakers in dark olive,Keen,Dark olive,226.0,,USD,False,False,False,False,keen/keen-jasper-brushed-suede-sneakers-in-dark-olive/prd/211284487#colourWayId-211284488,images.asos-media.com/products/keen-jasper-brushed-suede-sneakers-in-dark-olive/211284487-1-darkolive
211284590,Keen Jasper Zionic sneakers in brown and black,Keen,Black,260.0,,USD,False,False,False,False,keen/keen-jasper-zionic-sneakers-in-brown-and-black/prd/211284590#colourWayId-211284592,images.asos-media.com/products/keen-jasper-zionic-sneakers-in-brown-and-black/211284590-1-black
209614832,Nike Shox TL sneakers in gray and red,Nike,Gray,180.0,,USD,False,False,False,False,nike/nike-shox-tl-sneakers-in-gray-and-red/prd/209614832#colourWayId-209614850,images.asos-media.com/products/nike-shox-tl-sneakers-in-gray-and-red/209614832-1-grey
210442463,adidas Running Hyperboost Edge sneakers in black and white,adidas performance,WHITE,200.0,,USD,False,False,False,False,adidas-performance/adidas-running-hyperboost-edge-sneakers-in-black-and-white/prd/210442463#colourWayId-210442489,images.asos-media.com/products/adidas-running-hyperboost-edge-sneakers-in-black-and-white/210442463-1-white
210442947,adidas Running Adizero Evo SL woven sneakers in white and orange,adidas performance,WHITE,150.0,,USD,False,False,False,False,adidas-performance/adidas-running-adizero-evo-sl-woven-sneakers-in-white-and-orange/prd/210442947#colourWayId-210442950,images.asos-media.com/products/adidas-running-adizero-evo-sl-woven-sneakers-in-white-and-orange/210442947-1-white
210457283,adidas Originals Samba OG sneakers in brown croc,adidas Originals,BROWN,110.0,,USD,False,False,False,False,adidas-originals/adidas-originals-samba-og-sneakers-in-brown-croc/prd/210457283#colourWayId-210457302,images.asos-media.com/products/adidas-originals-samba-og-sneakers-in-brown-croc/210457283-1-brown
210899632,ASOS DESIGN lace up sneakers with green heel notch,ASOS DESIGN,GREEN HEEL NOTCH,64.99,,USD,False,False,False,False,asos-design/asos-design-lace-up-sneakers-with-green-heel-notch/prd/210899632#colourWayId-210899653,images.asos-media.com/products/asos-design-lace-up-sneakers-with-green-heel-notch/210899632-1-greenheelnotch
210899780,ASOS DESIGN lace up sneakers in stone,ASOS DESIGN,STONE,59.99,,USD,False,False,False,False,asos-design/asos-design-lace-up-sneakers-in-stone/prd/210899780#colourWayId-210899800,images.asos-media.com/products/asos-design-lace-up-sneakers-in-stone/210899780-1-stone
210576226,ASOS DESIGN slim loafers with gross grain saddle in black velvet,ASOS DESIGN,Black,64.99,,USD,False,False,True,False,asos-design/asos-design-slim-loafers-with-gross-grain-saddle-in-black-velvet/prd/210576226#colourWayId-210576231,images.asos-media.com/products/asos-design-slim-loafers-with-gross-grain-saddle-in-black-velvet/210576226-1-black
210624215,ASOS DESIGN mule sandals with buckle in black,ASOS DESIGN,Black,64.99,,USD,False,False,False,False,asos-design/asos-design-mule-sandals-with-buckle-in-black/prd/210624215#colourWayId-210624219,images.asos-media.com/products/asos-design-mule-sandals-with-buckle-in-black/210624215-1-black
210624337,ASOS DESIGN mule sandals with cork sole in gray felt,ASOS DESIGN,Gray,54.99,,USD,False,False,False,False,asos-design/asos-design-mule-sandals-with-cork-sole-in-gray-felt/prd/210624337#colourWayId-210624338,images.asos-media.com/products/asos-design-mule-sandals-with-cork-sole-in-gray-felt/210624337-1-grey
210899627,ASOS DESIGN lace-up sneakers with orange heel notch,ASOS DESIGN,Orange Heel Notch,64.99,,USD,False,False,False,False,asos-design/asos-design-lace-up-sneakers-with-orange-heel-notch/prd/210899627#colourWayId-210899640,images.asos-media.com/products/asos-design-lace-up-sneakers-with-orange-heel-notch/210899627-1-orangeheelnotch
210920273,ASOS DESIGN penny mules in taupe,ASOS DESIGN,Taupe,59.99,,USD,False,False,False,False,asos-design/asos-design-penny-mules-in-taupe/prd/210920273#colourWayId-210920275,images.asos-media.com/products/asos-design-penny-mules-in-taupe/210920273-1-taupe
210949528,ASOS DESIGN retro lace-up sneakers in taupe suede mix,ASOS DESIGN,Taupe,64.99,,USD,False,False,False,False,asos-design/asos-design-retro-lace-up-sneakers-in-taupe-suede-mix/prd/210949528#colourWayId-210949530,images.asos-media.com/products/asos-design-retro-lace-up-sneakers-in-taupe-suede-mix/210949528-1-taupe
210949564,ASOS DESIGN retro lace up sneakers in red nylon,ASOS DESIGN,RED,64.99,,USD,False,False,False,False,asos-design/asos-design-retro-lace-up-sneakers-in-red-nylon/prd/210949564#colourWayId-210949569,images.asos-media.com/products/asos-design-retro-lace-up-sneakers-in-red-nylon/210949564-1-red
211049304,ASOS DESIGN heeled chelsea boots with angled toe in black,ASOS DESIGN,Black,99.99,,USD,False,False,True,True,asos-design/asos-design-heeled-chelsea-boots-with-angled-toe-in-black/prd/211049304#colourWayId-211049312,images.asos-media.com/products/asos-design-heeled-chelsea-boots-with-angled-toe-in-black/211049304-1-black
210555210,Calvin Klein Jeans chunky hybrid suede apron lace-up shoes in beige,Calvin Klein,Taupe,189.0,,USD,False,False,False,False,calvin-klein/calvin-klein-jeans-chunky-hybrid-suede-apron-lace-up-shoes-in-beige/prd/210555210#colourWayId-210555211,images.asos-media.com/products/calvin-klein-jeans-chunky-hybrid-suede-apron-lace-up-shoes-in-beige/210555210-1-taupe
210576490,ASOS DESIGN zip up boots with buckle detail in brown,ASOS DESIGN,BROWN,94.99,,USD,False,False,False,False,asos-design/asos-design-zip-up-boots-with-buckle-detail-in-brown/prd/210576490#colourWayId-210576494,images.asos-media.com/products/asos-design-zip-up-boots-with-buckle-detail-in-brown/210576490-1-brown
210847154,ASOS DESIGN heeled chelsea boots in black,ASOS DESIGN,Black,84.99,,USD,False,False,True,True,asos-design/asos-design-heeled-chelsea-boots-in-black/prd/210847154#colourWayId-210847160,images.asos-media.com/products/asos-design-heeled-chelsea-boots-in-black/210847154-1-black
211220668,Mango real leather cross strap sandals in brown,Mango,BROWN,119.99,,USD,False,False,False,False,mango/mango-real-leather-cross-strap-sandals-in-brown/prd/211220668#colourWayId-211220669,images.asos-media.com/products/mango-real-leather-cross-strap-sandals-in-brown/211220668-1-brown
211379851,Mango boat shoes in tan,Mango,LEATHER,119.99,,USD,False,False,False,False,mango/mango-boat-shoes-in-tan/prd/211379851#colourWayId-211379861,images.asos-media.com/products/mango-boat-shoes-in-tan/211379851-1-leather
210576215,ASOS DESIGN lace up oxford shoes with toe cap in black patent,ASOS DESIGN,BLACK PATENT,109.0,,USD,False,False,False,False,asos-design/asos-design-lace-up-oxford-shoes-with-toe-cap-in-black-patent/prd/210576215#colourWayId-210576216,images.asos-media.com/products/asos-design-lace-up-oxford-shoes-with-toe-cap-in-black-patent/210576215-1-blackpatent
210651992,ASOS DESIGN zip up boots in black leather,ASOS DESIGN,Black,99.99,,USD,False,False,False,False,asos-design/asos-design-zip-up-boots-in-black-leather/prd/210651992#colourWayId-210651999,images.asos-media.com/products/asos-design-zip-up-boots-in-black-leather/210651992-1-black
210751358,ASOS DESIGN western Chelsea boots with cuban heel in black,ASOS DESIGN,Black,84.99,,USD,False,False,True,True,asos-design/asos-design-western-chelsea-boots-with-cuban-heel-in-black/prd/210751358#colourWayId-210751367,images.asos-media.com/products/asos-design-western-chelsea-boots-with-cuban-heel-in-black/210751358-1-black
211220633,Mango real leather lace up brogues in brown,Mango,BROWN,179.99,,USD,False,False,False,False,mango/mango-real-leather-lace-up-brogues-in-brown/prd/211220633#colourWayId-211220636,images.asos-media.com/products/mango-real-leather-lace-up-brogues-in-brown/211220633-1-brown
211379883,Mango boat shoes in brown,Mango,BROWN,119.99,,USD,False,False,False,False,mango/mango-boat-shoes-in-brown/prd/211379883#colourWayId-211379887,images.asos-media.com/products/mango-boat-shoes-in-brown/211379883-1-brown
209922688,HUGO Blue Blue-x sneakers in black,Hugo Blue,Black,241.0,,USD,False,False,False,False,hugo-blue/hugo-blue-blue-x-sneakers-in-black/prd/209922688#colourWayId-209922690,images.asos-media.com/products/hugo-blue-blue-x-sneakers-in-black/209922688-1-black
209923126,HUGO Blue Blue-x sneakers in off white,Hugo Blue,Open White,241.0,,USD,False,False,False,False,hugo-blue/hugo-blue-blue-x-sneakers-in-off-white/prd/209923126#colourWayId-209923128,images.asos-media.com/products/hugo-blue-blue-x-sneakers-in-off-white/209923126-1-openwhite
210030280,HUGO Red sneakers with red lining in black,Hugo Red,Black,293.0,,USD,False,False,False,False,hugo-red/hugo-red-sneakers-with-red-lining-in-black/prd/210030280#colourWayId-210030281,images.asos-media.com/products/hugo-red-sneakers-with-red-lining-in-black/210030280-1-black
210105704,PS Paul Smith sneakers in dark green,PS Paul Smith,green,235.0,,USD,False,False,False,False,ps-paul-smith/ps-paul-smith-sneakers-in-dark-green/prd/210105704#colourWayId-210105709,images.asos-media.com/products/ps-paul-smith-sneakers-in-dark-green/210105704-1-green
210207453,HUGO Red logo sandals with double touch-closure straps in dark blue,Hugo Red,Black,155.0,,USD,False,False,False,False,hugo-red/hugo-red-logo-sandals-with-double-touch-closure-straps-in-dark-blue/prd/210207453#colourWayId-210207462,images.asos-media.com/products/hugo-red-logo-sandals-with-double-touch-closure-straps-in-dark-blue/210207453-1-black
210207505,HUGO Red logo text detail loafers in brown,Hugo Red,BROWN,293.0,,USD,False,False,False,False,hugo-red/hugo-red-logo-text-detail-loafers-in-brown/prd/210207505#colourWayId-210207515,images.asos-media.com/products/hugo-red-logo-text-detail-loafers-in-brown/210207505-1-brown
210291615,BOSS Aryeh slides in khaki green,BOSS Orange,Open Green,85.0,,USD,False,False,False,False,boss-orange/boss-aryeh-slides-in-khaki-green/prd/210291615#colourWayId-210291622,images.asos-media.com/products/boss-aryeh-slides-in-khaki-green/210291615-1-opengreen
210576016,ASOS DESIGN monk shoes with buckled straps in black leather,ASOS DESIGN,Black,109.0,,USD,False,False,False,False,asos-design/asos-design-monk-shoes-with-buckled-straps-in-black-leather/prd/210576016#colourWayId-210576018,images.asos-media.com/products/asos-design-monk-shoes-with-buckled-straps-in-black-leather/210576016-1-black
208140303,New Balance M1000 sneakers in teal and gray,New Balance,Gray,149.99,,USD,False,False,False,False,new-balance/new-balance-m1000-sneakers-in-teal-and-gray/prd/208140303#colourWayId-208140304,images.asos-media.com/products/new-balance-m1000-sneakers-in-teal-and-gray/208140303-1-grey
210830649,ASOS DESIGN two strap monk shoes with broguing details in brown,ASOS DESIGN,BROWN,59.99,,USD,False,False,False,False,asos-design/asos-design-two-strap-monk-shoes-with-broguing-details-in-brown/prd/210830649#colourWayId-210830654,images.asos-media.com/products/asos-design-two-strap-monk-shoes-with-broguing-details-in-brown/210830649-1-brown
210442617,adidas Running Adizero Evo SL zip up sneakers in yellow and black,adidas performance,YELLOW,170.0,,USD,False,False,False,False,adidas-performance/adidas-running-adizero-evo-sl-zip-up-sneakers-in-yellow-and-black/prd/210442617#colourWayId-210442629,images.asos-media.com/products/adidas-running-adizero-evo-sl-zip-up-sneakers-in-yellow-and-black/210442617-1-yellow
210223705,ASOS DESIGN penny loafers in textured bottle green leather,ASOS DESIGN,Bottle green,79.99,,USD,False,False,False,False,asos-design/asos-design-penny-loafers-in-textured-bottle-green-leather/prd/210223705#colourWayId-210223711,images.asos-media.com/products/asos-design-penny-loafers-in-textured-bottle-green-leather/210223705-1-bottlegreen
210442875,adidas Running Adizero EVO SL EXO sneakers in cream and black,adidas performance,WHITE,150.0,,USD,False,False,False,False,adidas-performance/adidas-running-adizero-evo-sl-exo-sneakers-in-cream-and-black/prd/210442875#colourWayId-210442878,images.asos-media.com/products/adidas-running-adizero-evo-sl-exo-sneakers-in-cream-and-black/210442875-1-white
210457607,adidas Originals Adistar MLD sneakers in brown,adidas Originals,BROWN,130.0,,USD,False,False,False,False,adidas-originals/adidas-originals-adistar-mld-sneakers-in-brown/prd/210457607#colourWayId-210457629,images.asos-media.com/products/adidas-originals-adistar-mld-sneakers-in-brown/210457607-1-brown
210499927,ASOS DESIGN loafers with knotted snaffle and ruching in tan suede,ASOS DESIGN,TAN,89.99,,USD,False,False,False,False,asos-design/asos-design-loafers-with-knotted-snaffle-and-ruching-in-tan-suede/prd/210499927#colourWayId-210499940,images.asos-media.com/products/asos-design-loafers-with-knotted-snaffle-and-ruching-in-tan-suede/210499927-1-tan
210672078,ASOS DESIGN zip up boots in brown suede,ASOS DESIGN,BROWN,99.99,,USD,False,False,False,False,asos-design/asos-design-zip-up-boots-in-brown-suede/prd/210672078#colourWayId-210672094,images.asos-media.com/products/asos-design-zip-up-boots-in-brown-suede/210672078-1-brown
209976315,SEQWL Kayak loafers in faux nubuck mocha,SEQWL,Mocha nubuck effect,44.0,,USD,False,False,False,False,seqwl/seqwl-kayak-loafers-in-faux-nubuck-mocha/prd/209976315#colourWayId-209976326,images.asos-media.com/products/seqwl-kayak-loafers-in-faux-nubuck-mocha/209976315-1-mochanubuck
210390155,ASOS DESIGN penny loafers with ruched apron in brown leather,ASOS DESIGN,BROWN,89.99,,USD,False,False,False,False,asos-design/asos-design-penny-loafers-with-ruched-apron-in-brown-leather/prd/210390155#colourWayId-210390159,images.asos-media.com/products/asos-design-penny-loafers-with-ruched-apron-in-brown-leather/210390155-1-brown
210547044,ASOS DESIGN mule sandals with buckle and seam detail in tan suede,ASOS DESIGN,TAN,79.99,,USD,False,False,False,False,asos-design/asos-design-mule-sandals-with-buckle-and-seam-detail-in-tan-suede/prd/210547044#colourWayId-210547050,images.asos-media.com/products/asos-design-mule-sandals-with-buckle-and-seam-detail-in-tan-suede/210547044-1-tan
210575907,ASOS DESIGN lace up boat shoes with ruching in brown,ASOS DESIGN,BROWN,69.99,,USD,False,False,False,False,asos-design/asos-design-lace-up-boat-shoes-with-ruching-in-brown/prd/210575907#colourWayId-210575912,images.asos-media.com/products/asos-design-lace-up-boat-shoes-with-ruching-in-brown/210575907-1-brown
210575933,ASOS DESIGN penny loafers with ruching in faux snake,ASOS DESIGN,SNAKE,69.99,,USD,False,False,False,False,asos-design/asos-design-penny-loafers-with-ruching-in-faux-snake/prd/210575933#colourWayId-210575946,images.asos-media.com/products/asos-design-penny-loafers-with-ruching-in-faux-snake/210575933-1-snake
210576321,ASOS DESIGN loafers with tassel and lace detailing in taupe,ASOS DESIGN,Taupe,69.99,,USD,False,False,False,False,asos-design/asos-design-loafers-with-tassel-and-lace-detailing-in-taupe/prd/210576321#colourWayId-210576322,images.asos-media.com/products/asos-design-loafers-with-tassel-and-lace-detailing-in-taupe/210576321-1-taupe
210576539,ASOS DESIGN western chelsea boots in brown with cuban heel,ASOS DESIGN,Brown snake,89.99,,USD,False,False,False,False,asos-design/asos-design-western-chelsea-boots-in-brown-with-cuban-heel/prd/210576539#colourWayId-210576540,images.asos-media.com/products/asos-design-western-chelsea-boots-in-brown-with-cuban-heel/210576539-1-brownsnake
210262371,Nike Moon Shoe sneakers in brown and white,Nike,BROWN,105.0,,USD,False,False,False,False,nike/nike-moon-shoe-sneakers-in-brown-and-white/prd/210262371#colourWayId-210262372,images.asos-media.com/products/nike-moon-shoe-sneakers-in-brown-and-white/210262371-1-brown
210331952,ASOS DESIGN lace up derby shoes in tan perforated leather,ASOS DESIGN,TAN,74.99,,USD,False,False,False,False,asos-design/asos-design-lace-up-derby-shoes-in-tan-perforated-leather/prd/210331952#colourWayId-210331958,images.asos-media.com/products/asos-design-lace-up-derby-shoes-in-tan-perforated-leather/210331952-1-tan
210846888,ASOS DESIGN heeled zip up boots in black patent,ASOS DESIGN,Black,84.99,,USD,False,False,False,False,asos-design/asos-design-heeled-zip-up-boots-in-black-patent/prd/210846888#colourWayId-210846889,images.asos-media.com/products/asos-design-heeled-zip-up-boots-in-black-patent/210846888-1-black
210014938,Nike Ava X sneakers in black and gray,Nike,Black,125.0,,USD,False,False,False,False,nike/nike-ava-x-sneakers-in-black-and-gray/prd/210014938#colourWayId-210014949,images.asos-media.com/products/nike-ava-x-sneakers-in-black-and-gray/210014938-1-black
210262382,Nike Moon Shoe sneakers in navy and white,Nike,NAVY,105.0,,USD,False,False,False,False,nike/nike-moon-shoe-sneakers-in-navy-and-white/prd/210262382#colourWayId-210262383,images.asos-media.com/products/nike-moon-shoe-sneakers-in-navy-and-white/210262382-1-navy
210262394,Nike Moon Shoe sneakers in white and black,Nike,WHITE,105.0,,USD,False,False,True,False,nike/nike-moon-shoe-sneakers-in-white-and-black/prd/210262394#colourWayId-210262395,images.asos-media.com/products/nike-moon-shoe-sneakers-in-white-and-black/210262394-1-white
210457351,adidas Originals Adistar MLD sneakers in white and silver,adidas Originals,WHITE,130.0,,USD,False,False,False,False,adidas-originals/adidas-originals-adistar-mld-sneakers-in-white-and-silver/prd/210457351#colourWayId-210457360,images.asos-media.com/products/adidas-originals-adistar-mld-sneakers-in-white-and-silver/210457351-1-white
210519946,adidas Originals Samba OG sneakers in leopard print,adidas Originals,BROWN,110.0,,USD,False,False,True,False,adidas-originals/adidas-originals-samba-og-sneakers-in-leopard-print/prd/210519946#colourWayId-210519948,images.asos-media.com/products/adidas-originals-samba-og-sneakers-in-leopard-print/210519946-1-brown
209815923,Nike P-6000 sneakers in gray and bright yellow,Nike,YELLOW,115.0,,USD,False,False,False,False,nike/nike-p-6000-sneakers-in-gray-and-bright-yellow/prd/209815923#colourWayId-209815926,images.asos-media.com/products/nike-p-6000-sneakers-in-gray-and-bright-yellow/209815923-1-yellow
209874531,ASOS DESIGN loafers in brown leather with fringe and buckle detailing,ASOS DESIGN,BROWN,99.99,,USD,False,False,True,False,asos-design/asos-design-loafers-in-brown-leather-with-fringe-and-buckle-detailing/prd/209874531#colourWayId-209874532,images.asos-media.com/products/asos-design-loafers-in-brown-leather-with-fringe-and-buckle-detailing/209874531-1-brown
210014959,Nike Vomero 18 sneakers in white and beige,Nike,WHITE,155.0,,USD,False,False,False,False,nike/nike-vomero-18-sneakers-in-white-and-beige/prd/210014959#colourWayId-210014975,images.asos-media.com/products/nike-vomero-18-sneakers-in-white-and-beige/210014959-1-white
210131660,ASOS DESIGN lace up derby shoes with apron detailing in tan leather,ASOS DESIGN,TAN,89.99,,USD,False,False,False,False,asos-design/asos-design-lace-up-derby-shoes-with-apron-detailing-in-tan-leather/prd/210131660#colourWayId-210131663,images.asos-media.com/products/asos-design-lace-up-derby-shoes-with-apron-detailing-in-tan-leather/210131660-1-tan
210218566,Nike Training Free Metcon 7 sneakers in white and red,Nike Training,RED,125.0,,USD,False,False,False,False,nike-training/nike-training-free-metcon-7-sneakers-in-white-and-red/prd/210218566#colourWayId-210218581,images.asos-media.com/products/nike-training-free-metcon-7-sneakers-in-white-and-red/210218566-1-red
210223814,ASOS DESIGN lace up brogue shoes in stone suede,ASOS DESIGN,STONE,84.99,,USD,False,False,False,False,asos-design/asos-design-lace-up-brogue-shoes-in-stone-suede/prd/210223814#colourWayId-210223815,images.asos-media.com/products/asos-design-lace-up-brogue-shoes-in-stone-suede/210223814-1-stone
210223824,ASOS DESIGN lace up shoes in mink suede with white cupsole,ASOS DESIGN,Mink,79.99,,USD,False,False,False,False,asos-design/asos-design-lace-up-shoes-in-mink-suede-with-white-cupsole/prd/210223824#colourWayId-210223825,images.asos-media.com/products/asos-design-lace-up-shoes-in-mink-suede-with-white-cupsole/210223824-1-mink
210223843,ASOS DESIGN lace up brogue shoes in navy suede,ASOS DESIGN,NAVY,84.99,,USD,False,False,False,False,asos-design/asos-design-lace-up-brogue-shoes-in-navy-suede/prd/210223843#colourWayId-210223853,images.asos-media.com/products/asos-design-lace-up-brogue-shoes-in-navy-suede/210223843-1-navy
210232376,Nike Air Force 1 '07 LV8 sneakers in off-white,Nike,BEIGE,125.0,,USD,False,False,False,False,nike/nike-air-force-1-07-lv8-sneakers-in-off-white/prd/210232376#colourWayId-210232377,images.asos-media.com/products/nike-air-force-1-07-lv8-sneakers-in-off-white/210232376-1-beige
210232915,Nike P-6000 Premium sneakers in brown,Nike,BROWN,125.0,,USD,False,False,False,False,nike/nike-p-6000-premium-sneakers-in-brown/prd/210232915#colourWayId-210232918,images.asos-media.com/products/nike-p-6000-premium-sneakers-in-brown/210232915-1-brown
210457228,adidas Stan Smith sneakers in all white,adidas Originals,WHITE,100.0,,USD,False,False,False,False,adidas-originals/adidas-stan-smith-sneakers-in-all-white/prd/210457228#colourWayId-210457240,images.asos-media.com/products/adidas-stan-smith-sneakers-in-all-white/210457228-1-white
210499575,ASOS DESIGN cuban heeled boots with western detailing in brown suede,ASOS DESIGN,BROWN,99.99,,USD,False,False,False,False,asos-design/asos-design-cuban-heeled-boots-with-western-detailing-in-brown-suede/prd/210499575#colourWayId-210499577,images.asos-media.com/products/asos-design-cuban-heeled-boots-with-western-detailing-in-brown-suede/210499575-1-brown
210499603,ASOS DESIGN penny loafers in brown leather and suede mix,ASOS DESIGN,BROWN,79.99,,USD,False,False,False,False,asos-design/asos-design-penny-loafers-in-brown-leather-and-suede-mix/prd/210499603#colourWayId-210499604,images.asos-media.com/products/asos-design-penny-loafers-in-brown-leather-and-suede-mix/210499603-1-brown
210499715,ASOS DESIGN penny loafers with western graphic in brown and cream,ASOS DESIGN,Brown & cream,64.99,,USD,False,False,True,False,asos-design/asos-design-penny-loafers-with-western-graphic-in-brown-and-cream/prd/210499715#colourWayId-210499726,images.asos-media.com/products/asos-design-penny-loafers-with-western-graphic-in-brown-and-cream/210499715-1-browncream
210499720,ASOS DESIGN lace up shoes with cup sole in navy suede,ASOS DESIGN,NAVY,79.99,,USD,False,False,False,False,asos-design/asos-design-lace-up-shoes-with-cup-sole-in-navy-suede/prd/210499720#colourWayId-210499735,images.asos-media.com/products/asos-design-lace-up-shoes-with-cup-sole-in-navy-suede/210499720-1-navy
210499460,ASOS DESIGN lace up boots with hiker detailing in black,ASOS DESIGN,Black,89.99,,USD,False,False,False,False,asos-design/asos-design-lace-up-boots-with-hiker-detailing-in-black/prd/210499460#colourWayId-210499464,images.asos-media.com/products/asos-design-lace-up-boots-with-hiker-detailing-in-black/210499460-1-black
210575837,ASOS DESIGN penny loafers with coin detailing in black croc,ASOS DESIGN,BLACK CROC,74.99,,USD,False,False,False,False,asos-design/asos-design-penny-loafers-with-coin-detailing-in-black-croc/prd/210575837#colourWayId-210575841,images.asos-media.com/products/asos-design-penny-loafers-with-coin-detailing-in-black-croc/210575837-1-blackcroc
210575861,ASOS DESIGN penny loafers with snaffle and contrast stitching in black saffiano,ASOS DESIGN,Black faux leather,74.99,,USD,False,False,False,False,asos-design/asos-design-penny-loafers-with-snaffle-and-contrast-stitching-in-black-saffiano/prd/210575861#colourWayId-210575870,images.asos-media.com/products/asos-design-penny-loafers-with-snaffle-and-contrast-stitching-in-black-saffiano/210575861-1-blackfauxleather
210576161,ASOS DESIGN loafers with embossed text and cleated sole in black,ASOS DESIGN,Black,74.99,,USD,False,False,False,False,asos-design/asos-design-loafers-with-embossed-text-and-cleated-sole-in-black/prd/210576161#colourWayId-210576176,images.asos-media.com/products/asos-design-loafers-with-embossed-text-and-cleated-sole-in-black/210576161-1-black
210576228,ASOS DESIGN woven mule sandals in brown,ASOS DESIGN,BROWN,69.99,,USD,False,False,False,False,asos-design/asos-design-woven-mule-sandals-in-brown/prd/210576228#colourWayId-210576242,images.asos-media.com/products/asos-design-woven-mule-sandals-in-brown/210576228-1-brown
210576345,ASOS DESIGN zip up boots with seam detail in burnished red,ASOS DESIGN,BURNISHED RED,84.99,,USD,False,False,True,False,asos-design/asos-design-zip-up-boots-with-seam-detail-in-burnished-red/prd/210576345#colourWayId-210576349,images.asos-media.com/products/asos-design-zip-up-boots-with-seam-detail-in-burnished-red/210576345-1-burnishedred
210576420,ASOS DESIGN mule loafers with snaffle in crinkled black patent,ASOS DESIGN,Black,64.99,,USD,False,False,True,False,asos-design/asos-design-mule-loafers-with-snaffle-in-crinkled-black-patent/prd/210576420#colourWayId-210576421,images.asos-media.com/products/asos-design-mule-loafers-with-snaffle-in-crinkled-black-patent/210576420-1-black
210576462,ASOS DESIGN panelled lace up sneakers in gray blue,ASOS DESIGN,GRAY BLUE AND WHITE,69.99,,USD,False,False,False,False,asos-design/asos-design-panelled-lace-up-sneakers-in-gray-blue/prd/210576462#colourWayId-210576466,images.asos-media.com/products/asos-design-panelled-lace-up-sneakers-in-gray-blue/210576462-1-greyblueandwhite
210624464,ASOS DESIGN penny loafer with cleated sole in black,ASOS DESIGN,Black,69.99,,USD,False,False,False,False,asos-design/asos-design-penny-loafer-with-cleated-sole-in-black/prd/210624464#colourWayId-210624468,images.asos-media.com/products/asos-design-penny-loafer-with-cleated-sole-in-black/210624464-1-black
210830717,ASOS DESIGN mule penny loafers with ruching in burgundy,ASOS DESIGN,Burgundy,64.99,,USD,False,False,True,False,asos-design/asos-design-mule-penny-loafers-with-ruching-in-burgundy/prd/210830717#colourWayId-210830718,images.asos-media.com/products/asos-design-mule-penny-loafers-with-ruching-in-burgundy/210830717-1-burgundy
210899647,ASOS DESIGN mule sandals with cork sole in chocolate suede,ASOS DESIGN,BROWN,59.99,,USD,False,False,False,False,asos-design/asos-design-mule-sandals-with-cork-sole-in-chocolate-suede/prd/210899647#colourWayId-210899663,images.asos-media.com/products/asos-design-mule-sandals-with-cork-sole-in-chocolate-suede/210899647-1-brown
210689397,Pompeii elan sala leather rubber sole sneakers in white and red,Pompeii UK,Multi,215.0,,USD,False,False,False,False,pompeii-uk/pompeii-elan-sala-leather-rubber-sole-sneakers-in-white-and-red/prd/210689397#colourWayId-210689398,images.asos-media.com/products/pompeii-elan-sala-leather-rubber-sole-sneakers-in-white-and-red/210689397-1-multi
209792317,Walk London Roma saddle loafer in black leather,WALK LONDON,Black,128.0,,USD,False,False,True,False,walk-london/walk-london-roma-saddle-loafer-in-black-leather/prd/209792317#colourWayId-209792319,images.asos-media.com/products/walk-london-roma-saddle-loafer-in-black-leather/209792317-1-black
210232596,Nike Air Force 1 '07 LV8 sneakers in gray,Nike,Gray,125.0,,USD,False,False,False,False,nike/nike-air-force-1-07-lv8-sneakers-in-gray/prd/210232596#colourWayId-210232597,images.asos-media.com/products/nike-air-force-1-07-lv8-sneakers-in-gray/210232596-1-grey
209792236,Walk London Track saddle mules in tan suede,WALK LONDON,Tan,101.0,,USD,False,False,False,False,walk-london/walk-london-track-saddle-mules-in-tan-suede/prd/209792236#colourWayId-209792237,images.asos-media.com/products/walk-london-track-saddle-mules-in-tan-suede/209792236-1-tan
209792316,Walk London Ezra Backstrap sandals in black leather,WALK LONDON,Black,101.0,,USD,False,False,False,False,walk-london/walk-london-ezra-backstrap-sandals-in-black-leather/prd/209792316#colourWayId-209792318,images.asos-media.com/products/walk-london-ezra-backstrap-sandals-in-black-leather/209792316-1-black
209874760,ASOS DESIGN loafers in black leather with fringe and buckle detailing,ASOS DESIGN,Black,99.99,,USD,False,False,False,False,asos-design/asos-design-loafers-in-black-leather-with-fringe-and-buckle-detailing/prd/209874760#colourWayId-209874763,images.asos-media.com/products/asos-design-loafers-in-black-leather-with-fringe-and-buckle-detailing/209874760-1-black
210331856,ASOS DESIGN lace up boat shoes in brown leather,ASOS DESIGN,BROWN,79.99,,USD,False,False,False,False,asos-design/asos-design-lace-up-boat-shoes-in-brown-leather/prd/210331856#colourWayId-210331862,images.asos-media.com/products/asos-design-lace-up-boat-shoes-in-brown-leather/210331856-1-brown
210575860,ASOS DESIGN pannelled lace up sneakers with mesh detailing in beige,ASOS DESIGN,BEIGE & OFF WHITE,64.99,,USD,False,False,False,False,asos-design/asos-design-pannelled-lace-up-sneakers-with-mesh-detailing-in-beige/prd/210575860#colourWayId-210575869,images.asos-media.com/products/asos-design-pannelled-lace-up-sneakers-with-mesh-detailing-in-beige/210575860-1-beigeoffwhite
210576060,ASOS DESIGN lace up sneakers with gum sole in pebbled white,ASOS DESIGN,WHITE,64.99,,USD,False,False,False,False,asos-design/asos-design-lace-up-sneakers-with-gum-sole-in-pebbled-white/prd/210576060#colourWayId-210576063,images.asos-media.com/products/asos-design-lace-up-sneakers-with-gum-sole-in-pebbled-white/210576060-1-white
210576119,ASOS DESIGN lace up sports sneakers in black knit,ASOS DESIGN,Black,54.99,,USD,False,False,False,False,asos-design/asos-design-lace-up-sports-sneakers-in-black-knit/prd/210576119#colourWayId-210576135,images.asos-media.com/products/asos-design-lace-up-sports-sneakers-in-black-knit/210576119-1-black
210576451,ASOS DESIGN lace up sneakers with gum sole in dark khaki suede,ASOS DESIGN,Khaki,59.99,,USD,False,False,False,False,asos-design/asos-design-lace-up-sneakers-with-gum-sole-in-dark-khaki-suede/prd/210576451#colourWayId-210576452,images.asos-media.com/products/asos-design-lace-up-sneakers-with-gum-sole-in-dark-khaki-suede/210576451-1-khaki
210847027,ASOS DESIGN lace up sneakers in white with sage heel notch,ASOS DESIGN,WHITE & SAGE,59.99,,USD,False,False,False,False,asos-design/asos-design-lace-up-sneakers-in-white-with-sage-heel-notch/prd/210847027#colourWayId-210847032,images.asos-media.com/products/asos-design-lace-up-sneakers-in-white-with-sage-heel-notch/210847027-1-whitesage
200513510,Nike Air Huarache sneakers in white,Nike,White,140.0,,USD,False,False,False,False,nike/nike-air-huarache-sneakers-in-white/prd/200513510#colourWayId-200513512,images.asos-media.com/products/nike-air-huarache-sneakers-in-white/200513510-1-white
202330529,Nike Dunk Low Retro sneakers in black and white,Nike,Black/ white,86.5,115.0,USD,True,False,True,False,nike/nike-dunk-low-retro-sneakers-in-black-and-white/prd/202330529#colourWayId-202330530,images.asos-media.com/products/nike-dunk-low-retro-sneakers-in-black-and-white/202330529-1-blackwhite
204590395,Nike Dunk Low jumbo sneakers black and white,Nike,Black,87.5,125.0,USD,True,False,False,False,nike/nike-dunk-low-jumbo-sneakers-black-and-white/prd/204590395#colourWayId-204590412,images.asos-media.com/products/nike-dunk-low-jumbo-sneakers-black-and-white/204590395-1-black
205039624,Nike Air Max 90 LTR sneakers in triple white,Nike,WHITE,234.0,,USD,False,False,False,False,nike/nike-air-max-90-ltr-sneakers-in-triple-white/prd/205039624#colourWayId-205039629,images.asos-media.com/products/nike-air-max-90-ltr-sneakers-in-triple-white/205039624-1-white
207058367,Nike LD-1000 unisex sneakers in red and silver,Nike,RED,70.0,100.0,USD,True,False,False,False,nike/nike-ld-1000-unisex-sneakers-in-red-and-silver/prd/207058367#colourWayId-207058379,images.asos-media.com/products/nike-ld-1000-unisex-sneakers-in-red-and-silver/207058367-1-red
207272869,Reebok Campio sneakers in off-white and green,Reebok,CREAM,80.0,,USD,False,False,False,False,reebok/reebok-campio-sneakers-in-off-white-and-green/prd/207272869#colourWayId-207272870,images.asos-media.com/products/reebok-campio-sneakers-in-off-white-and-green/207272869-1-cream
207869814,New Balance M1000 unisex sneakers in silver and beige,New Balance,BEIGE,112.5,149.99,USD,True,False,False,False,new-balance/new-balance-m1000-unisex-sneakers-in-silver-and-beige/prd/207869814#colourWayId-207869815,images.asos-media.com/products/new-balance-m1000-unisex-sneakers-in-silver-and-beige/207869814-1-beige
207985448,New Balance 471 unisex sneakers in light pink,New Balance,BEIGE,82.5,109.99,USD,True,False,True,False,new-balance/new-balance-471-unisex-sneakers-in-light-pink/prd/207985448#colourWayId-207985453,images.asos-media.com/products/new-balance-471-unisex-sneakers-in-light-pink/207985448-1-beige
208063067,Puma Palermo unisex sneakers in white and blue detail,Puma,WHITE,91.0,130.0,USD,True,False,False,False,puma/puma-palermo-unisex-sneakers-in-white-and-blue-detail/prd/208063067#colourWayId-208063068,images.asos-media.com/products/puma-palermo-unisex-sneakers-in-white-and-blue-detail/208063067-1-white
209792240,Walk London Roma boat shoes in stone suede,WALK LONDON,Stone suede,128.0,,USD,False,False,False,False,walk-london/walk-london-roma-boat-shoes-in-stone-suede/prd/209792240#colourWayId-209792245,images.asos-media.com/products/walk-london-roma-boat-shoes-in-stone-suede/209792240-1-stonesuede
209792242,Walk London Ezra Cross Strap Sandals in black leather,WALK LONDON,Black,101.0,,USD,False,False,False,False,walk-london/walk-london-ezra-cross-strap-sandals-in-black-leather/prd/209792242#colourWayId-209792253,images.asos-media.com/products/walk-london-ezra-cross-strap-sandals-in-black-leather/209792242-1-black
209792301,Walk London Ezra Backstrap sandals in brown leather,WALK LONDON,Brown,101.0,,USD,False,False,False,False,walk-london/walk-london-ezra-backstrap-sandals-in-brown-leather/prd/209792301#colourWayId-209792306,images.asos-media.com/products/walk-london-ezra-backstrap-sandals-in-brown-leather/209792301-1-brown
210389958,ASOS DESIGN penny loafers in tan leather,ASOS DESIGN,TAN,84.99,,USD,False,False,False,False,asos-design/asos-design-penny-loafers-in-tan-leather/prd/210389958#colourWayId-210389964,images.asos-media.com/products/asos-design-penny-loafers-in-tan-leather/210389958-1-tan
210847830,ASOS DESIGN lace up sneakers in white with taupe heel notch,ASOS DESIGN,WHITE & TAUPE,59.99,,USD,False,False,False,False,asos-design/asos-design-lace-up-sneakers-in-white-with-taupe-heel-notch/prd/210847830#colourWayId-210847836,images.asos-media.com/products/asos-design-lace-up-sneakers-in-white-with-taupe-heel-notch/210847830-1-whitetaupe
211220651,Mango real leather espadrilles in stone,Mango,STONE,119.99,,USD,False,False,False,False,mango/mango-real-leather-espadrilles-in-stone/prd/211220651#colourWayId-211220653,images.asos-media.com/products/mango-real-leather-espadrilles-in-stone/211220651-1-stone
202494672,Nike Victori One slides in black,Nike,Black/white,27.75,35.0,USD,True,False,False,False,nike/nike-victori-one-slides-in-black/prd/202494672#colourWayId-202494689,images.asos-media.com/products/nike-victori-one-slides-in-black/202494672-1-blackwhite
207985354,New Balance 9060 sneakers in off-white and green,New Balance,WHITE,159.99,,USD,False,False,True,False,new-balance/new-balance-9060-sneakers-in-off-white-and-green/prd/207985354#colourWayId-207985355,images.asos-media.com/products/new-balance-9060-sneakers-in-off-white-and-green/207985354-1-white
208141178,New Balance 327 sneakers in beige and leopard print,New Balance,BEIGE,104.99,,USD,False,False,False,False,new-balance/new-balance-327-sneakers-in-beige-and-leopard-print/prd/208141178#colourWayId-208141179,images.asos-media.com/products/new-balance-327-sneakers-in-beige-and-leopard-print/208141178-1-beige
210213044,Umbro 5V5 leather sneakers in white,Umbro,WHITE,156.0,,USD,False,False,False,False,umbro/umbro-5v5-leather-sneakers-in-white/prd/210213044#colourWayId-210213047,images.asos-media.com/products/umbro-5v5-leather-sneakers-in-white/210213044-1-white
210555072,Calvin Klein leather loafers in burgundy,Calvin Klein,Bordeaux,177.0,,USD,False,False,False,False,calvin-klein/calvin-klein-leather-loafers-in-burgundy/prd/210555072#colourWayId-210555073,images.asos-media.com/products/calvin-klein-leather-loafers-in-burgundy/210555072-1-bordeaux
210555108,Calvin Klein leather loafers in khaki,Calvin Klein,Desert taupe,164.0,,USD,False,False,False,False,calvin-klein/calvin-klein-leather-loafers-in-khaki/prd/210555108#colourWayId-210555109,images.asos-media.com/products/calvin-klein-leather-loafers-in-khaki/210555108-1-deserttaupe
210555150,Calvin Klein chunky leather loafers in black,Calvin Klein,Triple Black,164.0,,USD,False,False,False,False,calvin-klein/calvin-klein-chunky-leather-loafers-in-black/prd/210555150#colourWayId-210555151,images.asos-media.com/products/calvin-klein-chunky-leather-loafers-in-black/210555150-1-tripleblack
210555183,Calvin Klein cupsole sneakers in white and gray,Calvin Klein,Dark Ecru / White,108.0,,USD,False,False,False,False,calvin-klein/calvin-klein-cupsole-sneakers-in-white-and-gray/prd/210555183#colourWayId-210555184,images.asos-media.com/products/calvin-klein-cupsole-sneakers-in-white-and-gray/210555183-1-dkecruwhite
210555192,Calvin Klein leather loafer in black,Calvin Klein,Triple Black,164.0,,USD,False,False,False,False,calvin-klein/calvin-klein-leather-loafer-in-black/prd/210555192#colourWayId-210555193,images.asos-media.com/products/calvin-klein-leather-loafer-in-black/210555192-1-tripleblack
210961333,BOSS Black sandals in black,BOSS Bodywear,Black,172.0,,USD,False,False,False,False,boss-bodywear/boss-black-sandals-in-black/prd/210961333#colourWayId-210961334,images.asos-media.com/products/boss-black-sandals-in-black/210961333-1-black
209874359,ASOS DESIGN light pink suede loafers with tassel trim,ASOS DESIGN,LIGHT PINK,66.5,94.99,USD,True,False,False,False,asos-design/asos-design-light-pink-suede-loafers-with-tassel-trim/prd/209874359#colourWayId-209874366,images.asos-media.com/products/asos-design-light-pink-suede-loafers-with-tassel-trim/209874359-1-lightpink
209874625,ASOS DESIGN tassel loafers with cup soles in stone suedette,ASOS DESIGN,STONE,74.99,,USD,False,False,False,False,asos-design/asos-design-tassel-loafers-with-cup-soles-in-stone-suedette/prd/209874625#colourWayId-209874659,images.asos-media.com/products/asos-design-tassel-loafers-with-cup-soles-in-stone-suedette/209874625-1-stone
209922827,HUGO Blue B-Cross sneakers in beige,Hugo Blue,Medium Beige,172.0,,USD,False,False,False,False,hugo-blue/hugo-blue-b-cross-sneakers-in-beige/prd/209922827#colourWayId-209922830,images.asos-media.com/products/hugo-blue-b-cross-sneakers-in-beige/209922827-1-mediumbeige
210223748,ASOS DESIGN lace up boat shoes with gum soles in tan suede,ASOS DESIGN,TAN,79.99,,USD,False,False,False,False,asos-design/asos-design-lace-up-boat-shoes-with-gum-soles-in-tan-suede/prd/210223748#colourWayId-210223755,images.asos-media.com/products/asos-design-lace-up-boat-shoes-with-gum-soles-in-tan-suede/210223748-1-tan
210223779,ASOS DESIGN slim loafers with knotted snaffle in brown suede,ASOS DESIGN,BROWN,56.0,79.99,USD,True,False,False,False,asos-design/asos-design-slim-loafers-with-knotted-snaffle-in-brown-suede/prd/210223779#colourWayId-210223785,images.asos-media.com/products/asos-design-slim-loafers-with-knotted-snaffle-in-brown-suede/210223779-1-brown
210223965,ASOS DESIGN boat shoes with cleated sole in khaki and navy suede,ASOS DESIGN,Khaki Green and Navy,59.5,84.99,USD,True,False,False,False,asos-design/asos-design-boat-shoes-with-cleated-sole-in-khaki-and-navy-suede/prd/210223965#colourWayId-210223969,images.asos-media.com/products/asos-design-boat-shoes-with-cleated-sole-in-khaki-and-navy-suede/210223965-1-khakiandnavy
210535629,Havaianas surfer coast flip flops in sand,Havaianas,Sand,63.0,,USD,False,False,False,False,havaianas/havaianas-surfer-coast-flip-flops-in-sand/prd/210535629#colourWayId-210535630,images.asos-media.com/products/havaianas-surfer-coast-flip-flops-in-sand/210535629-1-sand
210535631,Havaianas double strap slides in green,Havaianas,GREEN,78.0,,USD,False,False,False,False,havaianas/havaianas-double-strap-slides-in-green/prd/210535631#colourWayId-210535639,images.asos-media.com/products/havaianas-double-strap-slides-in-green/210535631-1-green
210535641,Havaianas slides in black,Havaianas,Black,63.0,,USD,False,False,False,False,havaianas/havaianas-slides-in-black/prd/210535641#colourWayId-210535648,images.asos-media.com/products/havaianas-slides-in-black/210535641-1-black
209874585,ASOS DESIGN penny driver loafer in stone suede,ASOS DESIGN,STONE,74.99,,USD,False,False,True,False,asos-design/asos-design-penny-driver-loafer-in-stone-suede/prd/209874585#colourWayId-209874586,images.asos-media.com/products/asos-design-penny-driver-loafer-in-stone-suede/209874585-1-stone
210131640,ASOS DESIGN paneled sneakers in taupe suede and stone leather,ASOS DESIGN,Taupe & White,56.0,79.99,USD,True,False,False,False,asos-design/asos-design-paneled-sneakers-in-taupe-suede-and-stone-leather/prd/210131640#colourWayId-210131641,images.asos-media.com/products/asos-design-paneled-sneakers-in-taupe-suede-and-stone-leather/210131640-1-taupewhite
210457818,adidas Originals Samba OG sneakers in khaki croc,adidas Originals,Khaki,110.0,,USD,False,False,False,False,adidas-originals/adidas-originals-samba-og-sneakers-in-khaki-croc/prd/210457818#colourWayId-210457823,images.asos-media.com/products/adidas-originals-samba-og-sneakers-in-khaki-croc/210457818-1-khaki
210899776,NOAK made In Portugal penny loafers with coin detail and raffia apron in black leather,Noak,BLACK & WHITE RAFFIA,135.0,,USD,False,False,False,False,noak/noak-made-in-portugal-penny-loafers-with-coin-detail-and-raffia-apron-in-black-leather/prd/210899776#colourWayId-210899786,images.asos-media.com/products/noak-made-in-portugal-penny-loafers-with-coin-detail-and-raffia-apron-in-black-leather/210899776-1-blackwhiteraffia
211192447,Mango real suede driver shoes in tan,Mango,TAN,119.99,,USD,False,False,False,False,mango/mango-real-suede-driver-shoes-in-tan/prd/211192447#colourWayId-211192453,images.asos-media.com/products/mango-real-suede-driver-shoes-in-tan/211192447-1-tan
209792349,Walk London Roma boat shoe in tan suede,WALK LONDON,Tan,128.0,,USD,False,False,False,False,walk-london/walk-london-roma-boat-shoe-in-tan-suede/prd/209792349#colourWayId-209792358,images.asos-media.com/products/walk-london-roma-boat-shoe-in-tan-suede/209792349-1-tan
209874304,ASOS DESIGN penny loafers with snaffle detail in stone hairy suede,ASOS DESIGN,STONE,79.99,,USD,False,False,False,False,asos-design/asos-design-penny-loafers-with-snaffle-detail-in-stone-hairy-suede/prd/209874304#colourWayId-209874307,images.asos-media.com/products/asos-design-penny-loafers-with-snaffle-detail-in-stone-hairy-suede/209874304-1-stone
210223751,ASOS DESIGN lace up derby shoes in black leather,ASOS DESIGN,Black,99.99,,USD,False,False,False,False,asos-design/asos-design-lace-up-derby-shoes-in-black-leather/prd/210223751#colourWayId-210223767,images.asos-media.com/products/asos-design-lace-up-derby-shoes-in-black-leather/210223751-1-black
210223780,ASOS DESIGN lace up brogue shoes in tan polished leather,ASOS DESIGN,TAN,109.0,,USD,False,False,False,False,asos-design/asos-design-lace-up-brogue-shoes-in-tan-polished-leather/prd/210223780#colourWayId-210223788,images.asos-media.com/products/asos-design-lace-up-brogue-shoes-in-tan-polished-leather/210223780-1-tan
210223953,ASOS DESIGN lace up derby shoes in brown leather,ASOS DESIGN,BROWN,99.99,,USD,False,False,False,False,asos-design/asos-design-lace-up-derby-shoes-in-brown-leather/prd/210223953#colourWayId-210223954,images.asos-media.com/products/asos-design-lace-up-derby-shoes-in-brown-leather/210223953-1-brown
210555123,Calvin Klein runner sneakers in gray and navy,Calvin Klein,Gray/teal,139.0,,USD,False,False,False,False,calvin-klein/calvin-klein-runner-sneakers-in-gray-and-navy/prd/210555123#colourWayId-210555124,images.asos-media.com/products/calvin-klein-runner-sneakers-in-gray-and-navy/210555123-1-grayteal
210555138,Calvin Klein classic cupsole sneakers in white,Calvin Klein,Bright White,114.0,,USD,False,False,True,False,calvin-klein/calvin-klein-classic-cupsole-sneakers-in-white/prd/210555138#colourWayId-210555139,images.asos-media.com/products/calvin-klein-classic-cupsole-sneakers-in-white/210555138-1-brightwhite
210576278,ASOS DESIGN cuban heeled chelsea boots with buckle detail in taupe,ASOS DESIGN,Taupe,94.99,,USD,False,False,False,False,asos-design/asos-design-cuban-heeled-chelsea-boots-with-buckle-detail-in-taupe/prd/210576278#colourWayId-210576282,images.asos-media.com/products/asos-design-cuban-heeled-chelsea-boots-with-buckle-detail-in-taupe/210576278-1-taupe
210457080,adidas Stan Smith sneakers in white and green,adidas Originals,WHITE,100.0,,USD,False,False,False,False,adidas-originals/adidas-stan-smith-sneakers-in-white-and-green/prd/210457080#colourWayId-210457085,images.asos-media.com/products/adidas-stan-smith-sneakers-in-white-and-green/210457080-1-white
210291640,BOSS aryeh slides in white,BOSS Orange,Natural,85.0,,USD,False,False,False,False,boss-orange/boss-aryeh-slides-in-white/prd/210291640#colourWayId-210291642,images.asos-media.com/products/boss-aryeh-slides-in-white/210291640-1-natural
210396526,Jack & Jones suede flip flops in khaki,Jack & Jones,Olive night,44.95,,USD,False,False,False,False,jack-jones/jack-jones-suede-flip-flops-in-khaki/prd/210396526#colourWayId-210396530,images.asos-media.com/products/jack-jones-suede-flip-flops-in-khaki/210396526-1-olivenight
210442535,adidas Running Adizero Evo SL sneakers in off white and brown,adidas performance,IVORY,150.0,,USD,False,False,False,False,adidas-performance/adidas-running-adizero-evo-sl-sneakers-in-off-white-and-brown/prd/210442535#colourWayId-210442538,images.asos-media.com/products/adidas-running-adizero-evo-sl-sneakers-in-off-white-and-brown/210442535-1-ivory
210442647,adidas Running Adizero Evo SL sneakers in gray and silver,adidas performance,Gray,150.0,,USD,False,False,False,False,adidas-performance/adidas-running-adizero-evo-sl-sneakers-in-gray-and-silver/prd/210442647#colourWayId-210442655,images.asos-media.com/products/adidas-running-adizero-evo-sl-sneakers-in-gray-and-silver/210442647-1-grey
210456979,adidas Originals Samba OG sneakers in burgundy and off-white croc,adidas Originals,Burgundy,110.0,,USD,False,False,False,False,adidas-originals/adidas-originals-samba-og-sneakers-in-burgundy-and-off-white-croc/prd/210456979#colourWayId-210456989,images.asos-media.com/products/adidas-originals-samba-og-sneakers-in-burgundy-and-off-white-croc/210456979-1-burgundy
210396563,Jack & Jones suede flip flops in dark brown,Jack & Jones,Java,44.95,,USD,False,False,False,False,jack-jones/jack-jones-suede-flip-flops-in-dark-brown/prd/210396563#colourWayId-210396576,images.asos-media.com/products/jack-jones-suede-flip-flops-in-dark-brown/210396563-1-java
210457532,adidas Originals Samba OG sneakers in black and off-white croc,adidas Originals,Black,110.0,,USD,False,False,False,False,adidas-originals/adidas-originals-samba-og-sneakers-in-black-and-off-white-croc/prd/210457532#colourWayId-210457541,images.asos-media.com/products/adidas-originals-samba-og-sneakers-in-black-and-off-white-croc/210457532-1-black
209778657,AllSaints Skiff chelsea boots in black,AllSaints,Black,309.0,,USD,False,False,False,False,allsaints/allsaints-skiff-chelsea-boots-in-black/prd/209778657#colourWayId-209778666,images.asos-media.com/products/allsaints-skiff-chelsea-boots-in-black/209778657-1-black
210915330,NOAK made in Portugal loafers with tassel trim in burgundy leather,Noak,Burgundy,120.0,,USD,False,False,False,False,noak/noak-made-in-portugal-loafers-with-tassel-trim-in-burgundy-leather/prd/210915330#colourWayId-210915331,images.asos-media.com/products/noak-made-in-portugal-loafers-with-tassel-trim-in-burgundy-leather/210915330-1-burgundy
210442748,adidas Running Adizero Evo SL Exo sneakers in black and silver,adidas performance,Black,150.0,,USD,False,False,False,False,adidas-performance/adidas-running-adizero-evo-sl-exo-sneakers-in-black-and-silver/prd/210442748#colourWayId-210442763,images.asos-media.com/products/adidas-running-adizero-evo-sl-exo-sneakers-in-black-and-silver/210442748-1-black
210519148,Tommy Hilfiger premium leather / suede basket sneakers in ecru,Tommy Hilfiger,ecru,147.0,,USD,False,False,False,False,tommy-hilfiger/tommy-hilfiger-premium-leather-suede-basket-sneakers-in-ecru/prd/210519148#colourWayId-210519150,images.asos-media.com/products/tommy-hilfiger-premium-leather-suede-basket-sneakers-in-ecru/210519148-1-ecru
210519164,Tommy Hilfiger flexible suede tassel loafers in ginger brown,Tommy Hilfiger,Coconut Grove,220.0,,USD,False,False,False,False,tommy-hilfiger/tommy-hilfiger-flexible-suede-tassel-loafers-in-ginger-brown/prd/210519164#colourWayId-210519169,images.asos-media.com/products/tommy-hilfiger-flexible-suede-tassel-loafers-in-ginger-brown/210519164-1-coconutgrove
210899913,NOAK made in Portugal penny loafers with branded metal hardware in brown leather,Noak,BROWN,120.0,,USD,False,False,False,False,noak/noak-made-in-portugal-penny-loafers-with-branded-metal-hardware-in-brown-leather/prd/210899913#colourWayId-210899919,images.asos-media.com/products/noak-made-in-portugal-penny-loafers-with-branded-metal-hardware-in-brown-leather/210899913-1-brown
209976187,SEQWL Marina slides in taupe faux suede,SEQWL,Taupe Suede,32.0,,USD,False,False,False,False,seqwl/seqwl-marina-slides-in-taupe-faux-suede/prd/209976187#colourWayId-209976190,images.asos-media.com/products/seqwl-marina-slides-in-taupe-faux-suede/209976187-1-taupesuede
209976219,SEQWL Marina slides in black PU,SEQWL,Black PU,32.0,,USD,False,False,False,False,seqwl/seqwl-marina-slides-in-black-pu/prd/209976219#colourWayId-209976225,images.asos-media.com/products/seqwl-marina-slides-in-black-pu/209976219-1-blackpu
209976369,SEQWL Marina slides in chocolate faux suede,SEQWL,Choc suede,32.0,,USD,False,False,False,False,seqwl/seqwl-marina-slides-in-chocolate-faux-suede/prd/209976369#colourWayId-209976388,images.asos-media.com/products/seqwl-marina-slides-in-chocolate-faux-suede/209976369-1-chocsuede
210206982,HUGO Red logo detail sneakers in black,Hugo Red,Black,241.0,,USD,False,False,False,False,hugo-red/hugo-red-logo-detail-sneakers-in-black/prd/210206982#colourWayId-210206989,images.asos-media.com/products/hugo-red-logo-detail-sneakers-in-black/210206982-1-black
210576104,ASOS DESIGN cuban heeled chelsea boots in black croc,ASOS DESIGN,BLACK CROC,89.99,,USD,False,False,True,False,asos-design/asos-design-cuban-heeled-chelsea-boots-in-black-croc/prd/210576104#colourWayId-210576105,images.asos-media.com/products/asos-design-cuban-heeled-chelsea-boots-in-black-croc/210576104-1-blackcroc
210576550,ASOS DESIGN chelsea boots with cleated sole in black,ASOS DESIGN,Black,84.99,,USD,False,False,False,False,asos-design/asos-design-chelsea-boots-with-cleated-sole-in-black/prd/210576550#colourWayId-210576551,images.asos-media.com/products/asos-design-chelsea-boots-with-cleated-sole-in-black/210576550-1-black
210899885,Noak made in Portugal mule sandals in stone suede,Noak,STONE,120.0,,USD,False,False,False,False,noak/noak-made-in-portugal-mule-sandals-in-stone-suede/prd/210899885#colourWayId-210899887,images.asos-media.com/products/noak-made-in-portugal-mule-sandals-in-stone-suede/210899885-1-stone
210899886,NOAK made In Portugal boat shoes with cleated soles in beige suede,Noak,BEIGE,120.0,,USD,False,False,False,False,noak/noak-made-in-portugal-boat-shoes-with-cleated-soles-in-beige-suede/prd/210899886#colourWayId-210899890,images.asos-media.com/products/noak-made-in-portugal-boat-shoes-with-cleated-soles-in-beige-suede/210899886-1-beige
210520838,adidas Originals Ghost Sprint sneakers in beige,adidas Originals,BEIGE,110.0,,USD,False,False,False,False,adidas-originals/adidas-originals-ghost-sprint-sneakers-in-beige/prd/210520838#colourWayId-210520848,images.asos-media.com/products/adidas-originals-ghost-sprint-sneakers-in-beige/210520838-1-beige
210521047,adidas Originals Ghost Sprint sneakers in silver,adidas Originals,SILVER,110.0,,USD,False,False,False,False,adidas-originals/adidas-originals-ghost-sprint-sneakers-in-silver/prd/210521047#colourWayId-210521052,images.asos-media.com/products/adidas-originals-ghost-sprint-sneakers-in-silver/210521047-1-silver
210899701,NOAK Made In Portugal paneled lace up sneakers in stone suede,Noak,STONE,105.0,,USD,False,False,False,False,noak/noak-made-in-portugal-paneled-lace-up-sneakers-in-stone-suede/prd/210899701#colourWayId-210899705,images.asos-media.com/products/noak-made-in-portugal-paneled-lace-up-sneakers-in-stone-suede/210899701-1-stone
210899736,NOAK made in Portugal penny loafers with branded metal hardware in black leather,Noak,Black,120.0,,USD,False,False,False,False,noak/noak-made-in-portugal-penny-loafers-with-branded-metal-hardware-in-black-leather/prd/210899736#colourWayId-210899741,images.asos-media.com/products/noak-made-in-portugal-penny-loafers-with-branded-metal-hardware-in-black-leather/210899736-1-black
210899909,NOAK Made In Portugal paneled lace up sneakers in taupe suede,Noak,Taupe,105.0,,USD,False,False,False,False,noak/noak-made-in-portugal-paneled-lace-up-sneakers-in-taupe-suede/prd/210899909#colourWayId-210899910,images.asos-media.com/products/noak-made-in-portugal-paneled-lace-up-sneakers-in-taupe-suede/210899909-1-taupe
209815881,Nike Ava X sneakers in white,Nike,WHITE,125.0,,USD,False,False,False,False,nike/nike-ava-x-sneakers-in-white/prd/209815881#colourWayId-209815885,images.asos-media.com/products/nike-ava-x-sneakers-in-white/209815881-1-white
210457580,adidas Originals Samba OG sneakers in beige and white,adidas Originals,BEIGE,100.0,,USD,False,False,False,False,adidas-originals/adidas-originals-samba-og-sneakers-in-beige-and-white/prd/210457580#colourWayId-210457596,images.asos-media.com/products/adidas-originals-samba-og-sneakers-in-beige-and-white/210457580-1-beige
210764969,Jack & Jones leather boat shoes in black,Jack & Jones,Black,113.0,,USD,False,False,False,False,jack-jones/jack-jones-leather-boat-shoes-in-black/prd/210764969#colourWayId-210764972,images.asos-media.com/products/jack-jones-leather-boat-shoes-in-black/210764969-1-black
209614505,Nike ReactX Rejuven8 clogs in blue,Nike,MID BLUE,60.0,75.0,USD,True,False,True,False,nike/nike-reactx-rejuven8-clogs-in-blue/prd/209614505#colourWayId-209614537,images.asos-media.com/products/nike-reactx-rejuven8-clogs-in-blue/209614505-1-midblue
209816019,Nike Air Max Moto 2K sneakers in white and blue,Nike,WHITE,135.0,,USD,False,False,False,False,nike/nike-air-max-moto-2k-sneakers-in-white-and-blue/prd/209816019#colourWayId-209816029,images.asos-media.com/products/nike-air-max-moto-2k-sneakers-in-white-and-blue/209816019-1-white
210097764,ASOS DESIGN cross over sandals in black leather,ASOS DESIGN,Black,59.99,,USD,False,False,False,False,asos-design/asos-design-cross-over-sandals-in-black-leather/prd/210097764#colourWayId-210097767,images.asos-media.com/products/asos-design-cross-over-sandals-in-black-leather/210097764-1-black
210223883,ASOS DESIGN lace up boat shoes with gum soles in khaki-green suede,ASOS DESIGN,Khaki,79.99,,USD,False,False,False,False,asos-design/asos-design-lace-up-boat-shoes-with-gum-soles-in-khaki-green-suede/prd/210223883#colourWayId-210223884,images.asos-media.com/products/asos-design-lace-up-boat-shoes-with-gum-soles-in-khaki-green-suede/210223883-1-khaki
210765112,Jack & Jones leather boat shoes in dark brown,Jack & Jones,Chocolate Brown,113.0,,USD,False,False,False,False,jack-jones/jack-jones-leather-boat-shoes-in-dark-brown/prd/210765112#colourWayId-210765113,images.asos-media.com/products/jack-jones-leather-boat-shoes-in-dark-brown/210765112-1-chocolatebrown
209815686,Nike Air Force 1 '07 LV8 Denim sneakers in blue,Nike,MID BLUE,87.5,125.0,USD,True,False,False,False,nike/nike-air-force-1-07-lv8-denim-sneakers-in-blue/prd/209815686#colourWayId-209815689,images.asos-media.com/products/nike-air-force-1-07-lv8-denim-sneakers-in-blue/209815686-1-midblue
209815782,Nike V5 RNR sneakers with metallic detail in white and brown,Nike,BROWN,76.97,95.0,USD,True,False,True,False,nike/nike-v5-rnr-sneakers-with-metallic-detail-in-white-and-brown/prd/209815782#colourWayId-209815785,images.asos-media.com/products/nike-v5-rnr-sneakers-with-metallic-detail-in-white-and-brown/209815782-1-brown
210398167,ONLY & SONS faux suede mule sandals in black,ONLY & SONS,Black,58.0,,USD,False,False,False,False,only-sons/only-sons-faux-suede-mule-sandals-in-black/prd/210398167#colourWayId-210398168,images.asos-media.com/products/only-sons-faux-suede-mule-sandals-in-black/210398167-1-black
210519187,Tommy Hilfiger premium leather boat shoes in tan,Tommy Hilfiger,Ginger Clay,191.0,,USD,False,False,False,False,tommy-hilfiger/tommy-hilfiger-premium-leather-boat-shoes-in-tan/prd/210519187#colourWayId-210519191,images.asos-media.com/products/tommy-hilfiger-premium-leather-boat-shoes-in-tan/210519187-1-gingerclay
210519190,Tommy Hilfiger suede loafers in navy,Tommy Hilfiger,Navy,191.0,,USD,False,False,False,False,tommy-hilfiger/tommy-hilfiger-suede-loafers-in-navy/prd/210519190#colourWayId-210519198,images.asos-media.com/products/tommy-hilfiger-suede-loafers-in-navy/210519190-1-navy
210535430,Tommy Jeans cup sole premium leather sneakers in off-white,Tommy Jeans,Ivory,131.0,,USD,False,False,False,False,tommy-jeans/tommy-jeans-cup-sole-premium-leather-sneakers-in-off-white/prd/210535430#colourWayId-210535431,images.asos-media.com/products/tommy-jeans-cup-sole-premium-leather-sneakers-in-off-white/210535430-1-ivory
210535503,Tommy Jeans archive vulc y2k boat shoes in black,Tommy Jeans,Black,160.0,,USD,False,False,False,False,tommy-jeans/tommy-jeans-archive-vulc-y2k-boat-shoes-in-black/prd/210535503#colourWayId-210535504,images.asos-media.com/products/tommy-jeans-archive-vulc-y2k-boat-shoes-in-black/210535503-1-black
210535515,Tommy Jeans greenwich suede sneakers in beige,Tommy Jeans,Gentle Gold,146.0,,USD,False,False,False,False,tommy-jeans/tommy-jeans-greenwich-suede-sneakers-in-beige/prd/210535515#colourWayId-210535516,images.asos-media.com/products/tommy-jeans-greenwich-suede-sneakers-in-beige/210535515-1-gentlegold
210555165,Calvin Klein suede cupsole sneakers in mustard,Calvin Klein,Cumin,139.0,,USD,False,False,False,False,calvin-klein/calvin-klein-suede-cupsole-sneakers-in-mustard/prd/210555165#colourWayId-210555166,images.asos-media.com/products/calvin-klein-suede-cupsole-sneakers-in-mustard/210555165-1-cumin
210555201,Calvin Klein cupsole sneakers with embossed logo in white,Calvin Klein,White,114.0,,USD,False,False,False,False,calvin-klein/calvin-klein-cupsole-sneakers-with-embossed-logo-in-white/prd/210555201#colourWayId-210555202,images.asos-media.com/products/calvin-klein-cupsole-sneakers-with-embossed-logo-in-white/210555201-1-white
210788673,AllSaints Saints & Sinners logo slides in white,AllSaints,WHITE,108.0,,USD,False,False,False,False,allsaints/allsaints-saints-sinners-logo-slides-in-white/prd/210788673#colourWayId-210788675,images.asos-media.com/products/allsaints-saints-sinners-logo-slides-in-white/210788673-1-white
210014901,Nike Vomero Plus sneakers in white and metallic gray,Nike,WHITE,180.0,,USD,False,False,False,False,nike/nike-vomero-plus-sneakers-in-white-and-metallic-gray/prd/210014901#colourWayId-210014912,images.asos-media.com/products/nike-vomero-plus-sneakers-in-white-and-metallic-gray/210014901-1-white
210370552,Schuh Risk loafers in tan suede,Schuh,Tan Suede,87.0,,USD,False,False,False,False,schuh/schuh-risk-loafers-in-tan-suede/prd/210370552#colourWayId-210370553,images.asos-media.com/products/schuh-risk-loafers-in-tan-suede/210370552-1-tansuede
210398183,ONLY & SONS faux suede mule sandals in light brown,ONLY & SONS,Light Brown,58.0,,USD,False,False,False,False,only-sons/only-sons-faux-suede-mule-sandals-in-light-brown/prd/210398183#colourWayId-210398184,images.asos-media.com/products/only-sons-faux-suede-mule-sandals-in-light-brown/210398183-1-lightbrown
210398281,ONLY & SONS faux suede mule sandals in khaki,ONLY & SONS,Khaki,58.0,,USD,False,False,False,False,only-sons/only-sons-faux-suede-mule-sandals-in-khaki/prd/210398281#colourWayId-210398282,images.asos-media.com/products/only-sons-faux-suede-mule-sandals-in-khaki/210398281-1-khaki
210398329,ONLY & SONS faux suede mule sandals in chocolate,ONLY & SONS,Chocolate Brown,58.0,,USD,False,False,False,False,only-sons/only-sons-faux-suede-mule-sandals-in-chocolate/prd/210398329#colourWayId-210398330,images.asos-media.com/products/only-sons-faux-suede-mule-sandals-in-chocolate/210398329-1-chocolatebrown
209815688,Nike Waffle Racer sneakers in white and red,Nike,RED,95.0,,USD,False,False,False,False,nike/nike-waffle-racer-sneakers-in-white-and-red/prd/209815688#colourWayId-209815690,images.asos-media.com/products/nike-waffle-racer-sneakers-in-white-and-red/209815688-1-red
210159625,Schuh Percy tassel boat shoe in taupe suede,Schuh,Taupe Suede,96.0,,USD,False,False,False,False,schuh/schuh-percy-tassel-boat-shoe-in-taupe-suede/prd/210159625#colourWayId-210159638,images.asos-media.com/products/schuh-percy-tassel-boat-shoe-in-taupe-suede/210159625-1-taupesuede
210899720,NOAK made In Portugal penny loafers with landscape graphic in black leather,Noak,Black,135.0,,USD,False,False,False,False,noak/noak-made-in-portugal-penny-loafers-with-landscape-graphic-in-black-leather/prd/210899720#colourWayId-210899724,images.asos-media.com/products/noak-made-in-portugal-penny-loafers-with-landscape-graphic-in-black-leather/210899720-1-black
210899723,NOAK Made In Portugal retro lace up sneakers in white leather,Noak,WHITE,120.0,,USD,False,False,False,False,noak/noak-made-in-portugal-retro-lace-up-sneakers-in-white-leather/prd/210899723#colourWayId-210899732,images.asos-media.com/products/noak-made-in-portugal-retro-lace-up-sneakers-in-white-leather/210899723-1-white
210899873,NOAK made In Portugal penny loafers with coin detail in brown and cream leather,Noak,Brown & cream,130.0,,USD,False,False,True,False,noak/noak-made-in-portugal-penny-loafers-with-coin-detail-in-brown-and-cream-leather/prd/210899873#colourWayId-210899875,images.asos-media.com/products/noak-made-in-portugal-penny-loafers-with-coin-detail-in-brown-and-cream-leather/210899873-1-browncream
210899920,NOAK made In Portugal penny loafers with branded snaffle in stone suede,Noak,TWO TONE BEIGE,130.0,,USD,False,False,False,False,noak/noak-made-in-portugal-penny-loafers-with-branded-snaffle-in-stone-suede/prd/210899920#colourWayId-210899928,images.asos-media.com/products/noak-made-in-portugal-penny-loafers-with-branded-snaffle-in-stone-suede/210899920-1-twotonebeige
210915339,Noak made in Portugal loafers with ruched apron in tan suede,Noak,Tan Suede,110.0,,USD,False,False,False,False,noak/noak-made-in-portugal-loafers-with-ruched-apron-in-tan-suede/prd/210915339#colourWayId-210915340,images.asos-media.com/products/noak-made-in-portugal-loafers-with-ruched-apron-in-tan-suede/210915339-1-tansuede
210048146,ASOS DESIGN penny loafers with cleated sole in black tumbled leather,ASOS DESIGN,Black,89.99,,USD,False,False,False,False,asos-design/asos-design-penny-loafers-with-cleated-sole-in-black-tumbled-leather/prd/210048146#colourWayId-210048148,images.asos-media.com/products/asos-design-penny-loafers-with-cleated-sole-in-black-tumbled-leather/210048146-1-black
210370525,schuh Rico loafers in tan suede,Schuh,Tan Suede,87.0,,USD,False,False,False,False,schuh/schuh-rico-loafers-in-tan-suede/prd/210370525#colourWayId-210370527,images.asos-media.com/products/schuh-rico-loafers-in-tan-suede/210370525-1-tansuede
210370543,Schuh Swift double buckle sandals in black leather,Schuh,Black Leather,70.0,,USD,False,False,False,False,schuh/schuh-swift-double-buckle-sandals-in-black-leather/prd/210370543#colourWayId-210370544,images.asos-media.com/products/schuh-swift-double-buckle-sandals-in-black-leather/210370543-1-blackleahter
210390274,ASOS DESIGN penny loafers with ruched apron in black leather,ASOS DESIGN,Black,89.99,,USD,False,False,False,False,asos-design/asos-design-penny-loafers-with-ruched-apron-in-black-leather/prd/210390274#colourWayId-210390277,images.asos-media.com/products/asos-design-penny-loafers-with-ruched-apron-in-black-leather/210390274-1-black
209879738,ASOS DESIGN mules in black leather,ASOS DESIGN,Black,69.99,,USD,False,False,True,False,asos-design/asos-design-mules-in-black-leather/prd/209879738#colourWayId-209879746,images.asos-media.com/products/asos-design-mules-in-black-leather/209879738-1-black
209894128,ASOS DESIGN mules in stone suede,ASOS DESIGN,STONE,69.99,,USD,False,False,False,False,asos-design/asos-design-mules-in-stone-suede/prd/209894128#colourWayId-209894129,images.asos-media.com/products/asos-design-mules-in-stone-suede/209894128-1-stone
210299902,ASOS DESIGN woven fisherman sandals in tan leather,ASOS DESIGN,TAN,64.99,,USD,False,False,True,False,asos-design/asos-design-woven-fisherman-sandals-in-tan-leather/prd/210299902#colourWayId-210299907,images.asos-media.com/products/asos-design-woven-fisherman-sandals-in-tan-leather/210299902-1-tan
210299929,ASOS DESIGN woven fisherman sandals in brown leather,ASOS DESIGN,BROWN,64.99,,USD,False,False,True,False,asos-design/asos-design-woven-fisherman-sandals-in-brown-leather/prd/210299929#colourWayId-210299933,images.asos-media.com/products/asos-design-woven-fisherman-sandals-in-brown-leather/210299929-1-brown
210370507,schuh Rico loafers in choc suede,Schuh,Choc suede,87.0,,USD,False,False,False,False,schuh/schuh-rico-loafers-in-choc-suede/prd/210370507#colourWayId-210370509,images.asos-media.com/products/schuh-rico-loafers-in-choc-suede/210370507-1-chocsuede
210398135,ONLY & SONS faux suede clogs with buckle in chocolate,ONLY & SONS,Chocolate Brown,58.0,,USD,False,False,False,False,only-sons/only-sons-faux-suede-clogs-with-buckle-in-chocolate/prd/210398135#colourWayId-210398136,images.asos-media.com/products/only-sons-faux-suede-clogs-with-buckle-in-chocolate/210398135-1-chocolatebrown
210332017,ASOS DESIGN penny loafers in faux snakeskin,ASOS DESIGN,SNAKE,64.99,,USD,False,False,False,False,asos-design/asos-design-penny-loafers-in-faux-snakeskin/prd/210332017#colourWayId-210332046,images.asos-media.com/products/asos-design-penny-loafers-in-faux-snakeskin/210332017-1-snake
210332075,ASOS DESIGN penny loafers in green faux croc,ASOS DESIGN,GREEN CROC,64.99,,USD,False,False,True,False,asos-design/asos-design-penny-loafers-in-green-faux-croc/prd/210332075#colourWayId-210332082,images.asos-media.com/products/asos-design-penny-loafers-in-green-faux-croc/210332075-1-greencroc
210370508,schuh Sabe footbed sandals in black,Schuh,Black,49.0,,USD,False,False,False,False,schuh/schuh-sabe-footbed-sandals-in-black/prd/210370508#colourWayId-210370510,images.asos-media.com/products/schuh-sabe-footbed-sandals-in-black/210370508-1-black
210370526,schuh Sabe footbed sandals in nautral,Schuh,Natural,49.0,,USD,False,False,False,False,schuh/schuh-sabe-footbed-sandals-in-nautral/prd/210370526#colourWayId-210370529,images.asos-media.com/products/schuh-sabe-footbed-sandals-in-nautral/210370526-1-natural
210464823,ASOS DESIGN monk shoes in brown,ASOS DESIGN,BROWN,54.99,,USD,False,False,False,False,asos-design/asos-design-monk-shoes-in-brown/prd/210464823#colourWayId-210464838,images.asos-media.com/products/asos-design-monk-shoes-in-brown/210464823-1-brown
210078761,Tommy Jeans real suede mule sandals in black,Tommy Jeans,Black,146.0,,USD,False,False,False,False,tommy-jeans/tommy-jeans-real-suede-mule-sandals-in-black/prd/210078761#colourWayId-210078762,images.asos-media.com/products/tommy-jeans-real-suede-mule-sandals-in-black/210078761-1-black
210331949,ASOS DESIGN running sneakers in white with gray paneling,ASOS DESIGN,Gray and white,69.99,,USD,False,False,False,False,asos-design/asos-design-running-sneakers-in-white-with-gray-paneling/prd/210331949#colourWayId-210331956,images.asos-media.com/products/asos-design-running-sneakers-in-white-with-gray-paneling/210331949-1-greyandwhite
210331951,ASOS DESIGN penny loafers with fringe and coin detail in brown,ASOS DESIGN,BROWN,69.99,,USD,False,False,False,False,asos-design/asos-design-penny-loafers-with-fringe-and-coin-detail-in-brown/prd/210331951#colourWayId-210331957,images.asos-media.com/products/asos-design-penny-loafers-with-fringe-and-coin-detail-in-brown/210331951-1-brown
210569609,ASOS COLLECTIVE Made In Portugal lace up premium leather and suede sneakers in beige,ASOS COLLECTIVE,Off-white,149.0,,USD,False,False,False,False,asos-collective/asos-collective-made-in-portugal-lace-up-premium-leather-and-suede-sneakers-in-beige/prd/210569609#colourWayId-210569613,images.asos-media.com/products/asos-collective-made-in-portugal-lace-up-premium-leather-and-suede-sneakers-in-beige/210569609-1-offwhite
210457657,adidas Originals Handball Spezial sneakers in beige croc,adidas Originals,BEIGE,120.0,,USD,False,False,False,False,adidas-originals/adidas-originals-handball-spezial-sneakers-in-beige-croc/prd/210457657#colourWayId-210457668,images.asos-media.com/products/adidas-originals-handball-spezial-sneakers-in-beige-croc/210457657-1-beige
210569659,ASOS COLLECTIVE Made In Portugal lace up premium leather and suede sneakers in taupe,ASOS COLLECTIVE,Taupe,149.0,,USD,False,False,False,False,asos-collective/asos-collective-made-in-portugal-lace-up-premium-leather-and-suede-sneakers-in-taupe/prd/210569659#colourWayId-210569667,images.asos-media.com/products/asos-collective-made-in-portugal-lace-up-premium-leather-and-suede-sneakers-in-taupe/210569659-1-taupe
209792239,Walk London Hopper apron shoes in black suede,WALK LONDON,Black,148.0,,USD,False,False,False,False,walk-london/walk-london-hopper-apron-shoes-in-black-suede/prd/209792239#colourWayId-209792243,images.asos-media.com/products/walk-london-hopper-apron-shoes-in-black-suede/209792239-1-black
210456895,adidas Originals Adistar XLG 2.0 sneakers in white and red,adidas Originals,WHITE,150.0,,USD,False,False,False,False,adidas-originals/adidas-originals-adistar-xlg-20-sneakers-in-white-and-red/prd/210456895#colourWayId-210456896,images.asos-media.com/products/adidas-originals-adistar-xlg-20-sneakers-in-white-and-red/210456895-1-white
210517798,Noak made in Portugal two strap sandals in stone suede,Noak,STONE,105.0,,USD,False,False,False,False,noak/noak-made-in-portugal-two-strap-sandals-in-stone-suede/prd/210517798#colourWayId-210517799,images.asos-media.com/products/noak-made-in-portugal-two-strap-sandals-in-stone-suede/210517798-1-stone
210517911,Noak made in Portugal mule sandals in brown suede,Noak,BROWN,120.0,,USD,False,False,False,False,noak/noak-made-in-portugal-mule-sandals-in-brown-suede/prd/210517911#colourWayId-210517912,images.asos-media.com/products/noak-made-in-portugal-mule-sandals-in-brown-suede/210517911-1-brown
210517920,Noak made in Portugal two strap sandals in black leather,Noak,Black,105.0,,USD,False,False,False,False,noak/noak-made-in-portugal-two-strap-sandals-in-black-leather/prd/210517920#colourWayId-210517922,images.asos-media.com/products/noak-made-in-portugal-two-strap-sandals-in-black-leather/210517920-1-black
210674776,Mizuno Neo Cosmo running sneakers in white,Mizuno,WHITE,182.0,,USD,False,False,False,False,mizuno/mizuno-neo-cosmo-running-sneakers-in-white/prd/210674776#colourWayId-210674777,images.asos-media.com/products/mizuno-neo-cosmo-running-sneakers-in-white/210674776-1-white
211061780,Mango flip flops in white,Mango,WHITE,59.99,,USD,False,False,False,False,mango/mango-flip-flops-in-white/prd/211061780#colourWayId-211061783,images.asos-media.com/products/mango-flip-flops-in-white/211061780-1-white
211070332,Mango real suede sandals in brown,Mango,BROWN,99.99,,USD,False,False,False,False,mango/mango-real-suede-sandals-in-brown/prd/211070332#colourWayId-211070333,images.asos-media.com/products/mango-real-suede-sandals-in-brown/211070332-1-brown
209614791,Nike Shox TL sneakers in black and pink,Nike,PINK,180.0,,USD,False,False,False,False,nike/nike-shox-tl-sneakers-in-black-and-pink/prd/209614791#colourWayId-209614817,images.asos-media.com/products/nike-shox-tl-sneakers-in-black-and-pink/209614791-1-pink
210105822,PS Paul Smith zebra logo slides in black,PS Paul Smith,Black,68.0,,USD,False,False,False,False,ps-paul-smith/ps-paul-smith-zebra-logo-slides-in-black/prd/210105822#colourWayId-210105825,images.asos-media.com/products/ps-paul-smith-zebra-logo-slides-in-black/210105822-1-black
210232665,Nike Waffle Racer sneakers in off white and black,Nike,Black,95.0,,USD,False,False,False,False,nike/nike-waffle-racer-sneakers-in-off-white-and-black/prd/210232665#colourWayId-210232666,images.asos-media.com/products/nike-waffle-racer-sneakers-in-off-white-and-black/210232665-1-black
210370554,schuh Risk loafers in choc suede,Schuh,Choc suede,87.0,,USD,False,False,False,False,schuh/schuh-risk-loafers-in-choc-suede/prd/210370554#colourWayId-210370562,images.asos-media.com/products/schuh-risk-loafers-in-choc-suede/210370554-1-chocsuede
210674731,Mizuno Neo Cosmo running sneakers in black,Mizuno,Black,182.0,,USD,False,False,False,False,mizuno/mizuno-neo-cosmo-running-sneakers-in-black/prd/210674731#colourWayId-210674732,images.asos-media.com/products/mizuno-neo-cosmo-running-sneakers-in-black/210674731-1-black
209614646,Nike ReactX Rejuven8 clogs in gray,Nike,Gray,75.0,,USD,False,False,False,False,nike/nike-reactx-rejuven8-clogs-in-gray/prd/209614646#colourWayId-209614660,images.asos-media.com/products/nike-reactx-rejuven8-clogs-in-gray/209614646-1-grey
209614826,Nike ReactX Rejuven8 clogs in light pink,Nike,PINK,75.0,,USD,False,False,False,False,nike/nike-reactx-rejuven8-clogs-in-light-pink/prd/209614826#colourWayId-209614845,images.asos-media.com/products/nike-reactx-rejuven8-clogs-in-light-pink/209614826-1-pink
209775149,Nike Free Metcon 6 sneakers in red,Nike Training,RED,125.0,,USD,False,False,False,False,nike-training/nike-free-metcon-6-sneakers-in-red/prd/209775149#colourWayId-209775151,images.asos-media.com/products/nike-free-metcon-6-sneakers-in-red/209775149-1-red
209775237,Nike Pegasus Premium sneakers in black and green,Nike Running,LIGHT GREEN,176.97,220.0,USD,True,False,False,False,nike-running/nike-pegasus-premium-sneakers-in-black-and-green/prd/209775237#colourWayId-209775238,images.asos-media.com/products/nike-pegasus-premium-sneakers-in-black-and-green/209775237-1-lightgreen
209775260,Nike Running Vomero Plus sneakers in orange and blue,Nike Running,ORANGE,150.0,180.0,USD,True,False,False,False,nike-running/nike-running-vomero-plus-sneakers-in-orange-and-blue/prd/209775260#colourWayId-209775261,images.asos-media.com/products/nike-running-vomero-plus-sneakers-in-orange-and-blue/209775260-1-orange
209775398,Nike Running Vomero Plus sneakers in neon green,Nike Running,LIGHT GREEN,180.0,,USD,False,False,False,False,nike-running/nike-running-vomero-plus-sneakers-in-neon-green/prd/209775398#colourWayId-209775399,images.asos-media.com/products/nike-running-vomero-plus-sneakers-in-neon-green/209775398-1-lightgreen
209815974,Nike Zoom Vomero 5 sneakers in silver and black,Nike,SILVER,170.0,,USD,False,False,False,False,nike/nike-zoom-vomero-5-sneakers-in-silver-and-black/prd/209815974#colourWayId-209815977,images.asos-media.com/products/nike-zoom-vomero-5-sneakers-in-silver-and-black/209815974-1-silver
209844695,River Island fleece lined mule slippers in gray,River Island,Gray,40.0,,USD,False,False,False,False,river-island/river-island-fleece-lined-mule-slippers-in-gray/prd/209844695#colourWayId-209844699,images.asos-media.com/products/river-island-fleece-lined-mule-slippers-in-gray/209844695-1-grey
209946123,adidas Originals Handball Spezial sneakers in baby pink and khaki green,adidas Originals,LIGHT PINK,120.0,,USD,False,False,False,False,adidas-originals/adidas-originals-handball-spezial-sneakers-in-baby-pink-and-khaki-green/prd/209946123#colourWayId-209946127,images.asos-media.com/products/adidas-originals-handball-spezial-sneakers-in-baby-pink-and-khaki-green/209946123-1-lightpink
210535494,Tommy Jeans greenwich suede sneakers in brown,Tommy Jeans,Legacy Brown,146.0,,USD,False,False,False,False,tommy-jeans/tommy-jeans-greenwich-suede-sneakers-in-brown/prd/210535494#colourWayId-210535495,images.asos-media.com/products/tommy-jeans-greenwich-suede-sneakers-in-brown/210535494-1-legacybrown
211070250,Mango real suede summer shoes in brown,Mango,CAMEL,99.99,,USD,False,False,False,False,mango/mango-real-suede-summer-shoes-in-brown/prd/211070250#colourWayId-211070253,images.asos-media.com/products/mango-real-suede-summer-shoes-in-brown/211070250-1-camel
209815734,Nike Zoom Vomero 5 sneakers in gray and silver chrome,Nike,SILVER,170.0,,USD,False,False,False,False,nike/nike-zoom-vomero-5-sneakers-in-gray-and-silver-chrome/prd/209815734#colourWayId-209815744,images.asos-media.com/products/nike-zoom-vomero-5-sneakers-in-gray-and-silver-chrome/209815734-1-silver
209879722,ASOS DESIGN penny loafer mule in tan suede,ASOS DESIGN,TAN,69.99,,USD,False,False,False,False,asos-design/asos-design-penny-loafer-mule-in-tan-suede/prd/209879722#colourWayId-209879728,images.asos-media.com/products/asos-design-penny-loafer-mule-in-tan-suede/209879722-1-tan
209876354,ASOS DESIGN boat shoe in gray leather with weave detail,ASOS DESIGN,Gray,79.99,,USD,False,False,False,False,asos-design/asos-design-boat-shoe-in-gray-leather-with-weave-detail/prd/209876354#colourWayId-209876362,images.asos-media.com/products/asos-design-boat-shoe-in-gray-leather-with-weave-detail/209876354-1-grey
209876385,ASOS DESIGN boat shoes with cleated soles in stone suede,ASOS DESIGN,STONE,84.99,,USD,False,False,False,False,asos-design/asos-design-boat-shoes-with-cleated-soles-in-stone-suede/prd/209876385#colourWayId-209876387,images.asos-media.com/products/asos-design-boat-shoes-with-cleated-soles-in-stone-suede/209876385-1-stone
210114635,ASOS DESIGN natural sole loafers with tassel trim in tan leather,ASOS DESIGN,TAN,74.99,,USD,False,False,False,False,asos-design/asos-design-natural-sole-loafers-with-tassel-trim-in-tan-leather/prd/210114635#colourWayId-210114638,images.asos-media.com/products/asos-design-natural-sole-loafers-with-tassel-trim-in-tan-leather/210114635-1-tan
210223882,ASOS DESIGN Penny snaffle loafers in khaki suede,ASOS DESIGN,Khaki suede,79.99,,USD,False,False,False,False,asos-design/asos-design-penny-snaffle-loafers-in-khaki-suede/prd/210223882#colourWayId-210223887,images.asos-media.com/products/asos-design-penny-snaffle-loafers-in-khaki-suede/210223882-1-khakisuede
210223931,ASOS DESIGN monk shoes in taupe suede,ASOS DESIGN,Taupe,74.99,,USD,False,False,False,False,asos-design/asos-design-monk-shoes-in-taupe-suede/prd/210223931#colourWayId-210223934,images.asos-media.com/products/asos-design-monk-shoes-in-taupe-suede/210223931-1-taupe
209976245,SEQWL Soda slip on loafer style mules in taupe,SEQWL,Taupe,35.0,,USD,False,False,True,False,seqwl/seqwl-soda-slip-on-loafer-style-mules-in-taupe/prd/209976245#colourWayId-209976259,images.asos-media.com/products/seqwl-soda-slip-on-loafer-style-mules-in-taupe/209976245-1-taupe
210396544,Jack & Jones espadrille sandals in beige,Jack & Jones,Plaza taupe,29.95,,USD,False,False,False,False,jack-jones/jack-jones-espadrille-sandals-in-beige/prd/210396544#colourWayId-210396551,images.asos-media.com/products/jack-jones-espadrille-sandals-in-beige/210396544-1-plazataupe
210396555,Jack & Jones espadrille sandals in black,Jack & Jones,Anthracite,29.95,,USD,False,False,False,False,jack-jones/jack-jones-espadrille-sandals-in-black/prd/210396555#colourWayId-210396566,images.asos-media.com/products/jack-jones-espadrille-sandals-in-black/210396555-1-anthracite
209874540,ASOS DESIGN penny loafers in brown leather,ASOS DESIGN,BROWN,84.99,,USD,False,False,False,False,asos-design/asos-design-penny-loafers-in-brown-leather/prd/209874540#colourWayId-209874545,images.asos-media.com/products/asos-design-penny-loafers-in-brown-leather/209874540-1-brown
209965839,ASOS DESIGN boat shoes in stone suede,ASOS DESIGN,STONE,74.99,,USD,False,False,False,False,asos-design/asos-design-boat-shoes-in-stone-suede/prd/209965839#colourWayId-209965872,images.asos-media.com/products/asos-design-boat-shoes-in-stone-suede/209965839-1-stone
210067292,ASOS DESIGN two strap sandals in stone suede,ASOS DESIGN,STONE,59.99,,USD,False,False,False,False,asos-design/asos-design-two-strap-sandals-in-stone-suede/prd/210067292#colourWayId-210067293,images.asos-media.com/products/asos-design-two-strap-sandals-in-stone-suede/210067292-1-stone
210207397,HUGO Red with contrast lining sneakers in black,Hugo Red,Black,293.0,,USD,False,False,False,False,hugo-red/hugo-red-with-contrast-lining-sneakers-in-black/prd/210207397#colourWayId-210207414,images.asos-media.com/products/hugo-red-with-contrast-lining-sneakers-in-black/210207397-1-black
208876579,Vans UA Classic Slip-On Stackform checkerboard sneakers in black and white,Vans,White,75.0,,USD,False,False,False,False,vans/vans-ua-classic-slip-on-stackform-checkerboard-sneakers-in-black-and-white/prd/208876579#colourWayId-208876580,images.asos-media.com/products/vans-ua-classic-slip-on-stackform-checkerboard-sneakers-in-black-and-white/208876579-1-white
209229639,Nike Waffle Racer sneakers in green and white,Nike,MID GREEN,80.75,95.0,USD,True,False,False,False,nike/nike-waffle-racer-sneakers-in-green-and-white/prd/209229639#colourWayId-209229640,images.asos-media.com/products/nike-waffle-racer-sneakers-in-green-and-white/209229639-1-midgreen
209360232,adidas Originals Samba OG sneakers in black and yellow,adidas Originals,Black,110.0,,USD,False,False,False,False,adidas-originals/adidas-originals-samba-og-sneakers-in-black-and-yellow/prd/209360232#colourWayId-209360234,images.asos-media.com/products/adidas-originals-samba-og-sneakers-in-black-and-yellow/209360232-1-black
209360299,adidas Originals Superstar II sneakers in white and dark brown,adidas Originals,WHITE,110.0,,USD,False,False,False,False,adidas-originals/adidas-originals-superstar-ii-sneakers-in-white-and-dark-brown/prd/209360299#colourWayId-209360311,images.asos-media.com/products/adidas-originals-superstar-ii-sneakers-in-white-and-dark-brown/209360299-1-white
209360394,adidas Originals Handball Spezial sneakers in denim and blue,adidas Originals,MID BLUE,120.0,,USD,False,False,False,False,adidas-originals/adidas-originals-handball-spezial-sneakers-in-denim-and-blue/prd/209360394#colourWayId-209360399,images.asos-media.com/products/adidas-originals-handball-spezial-sneakers-in-denim-and-blue/209360394-1-midblue
209360438,adidas Originals Handball Spezial sneakers in green and black,adidas Originals,LIGHT GREEN,84.0,120.0,USD,True,False,True,False,adidas-originals/adidas-originals-handball-spezial-sneakers-in-green-and-black/prd/209360438#colourWayId-209360440,images.asos-media.com/products/adidas-originals-handball-spezial-sneakers-in-green-and-black/209360438-1-lightgreen
209360460,adidas Originals Samba OG sneakers in denim and brown,adidas Originals,MID BLUE,110.0,,USD,False,False,False,False,adidas-originals/adidas-originals-samba-og-sneakers-in-denim-and-brown/prd/209360460#colourWayId-209360461,images.asos-media.com/products/adidas-originals-samba-og-sneakers-in-denim-and-brown/209360460-1-midblue
209360713,adidas Originals Samba OG sneakers in off white and red,adidas Originals,IVORY,110.0,,USD,False,False,False,False,adidas-originals/adidas-originals-samba-og-sneakers-in-off-white-and-red/prd/209360713#colourWayId-209360715,images.asos-media.com/products/adidas-originals-samba-og-sneakers-in-off-white-and-red/209360713-1-ivory
209816055,Nike V5 RNR sneakers with suede detail in light blue,Nike,LIGHT BLUE,71.25,95.0,USD,True,False,True,False,nike/nike-v5-rnr-sneakers-with-suede-detail-in-light-blue/prd/209816055#colourWayId-209816066,images.asos-media.com/products/nike-v5-rnr-sneakers-with-suede-detail-in-light-blue/209816055-1-lightblue
209874374,ASOS DESIGN woven tassel loafers with cleated sole in khaki suede,ASOS DESIGN,Khaki,84.99,,USD,False,False,False,False,asos-design/asos-design-woven-tassel-loafers-with-cleated-sole-in-khaki-suede/prd/209874374#colourWayId-209874375,images.asos-media.com/products/asos-design-woven-tassel-loafers-with-cleated-sole-in-khaki-suede/209874374-1-khaki
209874418,ASOS DESIGN penny snaffle loafers in brown suede,ASOS DESIGN,BROWN,79.99,,USD,False,False,False,False,asos-design/asos-design-penny-snaffle-loafers-in-brown-suede/prd/209874418#colourWayId-209874421,images.asos-media.com/products/asos-design-penny-snaffle-loafers-in-brown-suede/209874418-1-brown
209874610,ASOS DESIGN woven penny loafers in stone suede,ASOS DESIGN,STONE,79.99,,USD,False,False,False,False,asos-design/asos-design-woven-penny-loafers-in-stone-suede/prd/209874610#colourWayId-209874611,images.asos-media.com/products/asos-design-woven-penny-loafers-in-stone-suede/209874610-1-stone
209874749,ASOS DESIGN loafers with angled sole in stone suede,ASOS DESIGN,STONE,84.99,,USD,False,False,False,False,asos-design/asos-design-loafers-with-angled-sole-in-stone-suede/prd/209874749#colourWayId-209874750,images.asos-media.com/products/asos-design-loafers-with-angled-sole-in-stone-suede/209874749-1-stone
209874880,ASOS DESIGN penny loafers with ruching in tan suede,ASOS DESIGN,TAN,79.99,,USD,False,False,False,False,asos-design/asos-design-penny-loafers-with-ruching-in-tan-suede/prd/209874880#colourWayId-209874902,images.asos-media.com/products/asos-design-penny-loafers-with-ruching-in-tan-suede/209874880-1-tan
209880010,ASOS DESIGN penny loafer mules in stone suede,ASOS DESIGN,STONE,69.99,,USD,False,False,False,False,asos-design/asos-design-penny-loafer-mules-in-stone-suede/prd/209880010#colourWayId-209880015,images.asos-media.com/products/asos-design-penny-loafer-mules-in-stone-suede/209880010-1-stone
209946207,adidas Originals Adistar Control 5 sneakers in gray and red,adidas Originals,Gray,120.0,,USD,False,False,False,False,adidas-originals/adidas-originals-adistar-control-5-sneakers-in-gray-and-red/prd/209946207#colourWayId-209946217,images.asos-media.com/products/adidas-originals-adistar-control-5-sneakers-in-gray-and-red/209946207-1-grey
209946247,adidas Originals Handball Spezial sneakers in off white and green,adidas Originals,IVORY,120.0,,USD,False,False,False,False,adidas-originals/adidas-originals-handball-spezial-sneakers-in-off-white-and-green/prd/209946247#colourWayId-209946248,images.asos-media.com/products/adidas-originals-handball-spezial-sneakers-in-off-white-and-green/209946247-1-ivory
210048144,ASOS DESIGN two-strap sandals in gray suede,ASOS DESIGN,Gray,59.99,,USD,False,False,False,False,asos-design/asos-design-two-strap-sandals-in-gray-suede/prd/210048144#colourWayId-210048150,images.asos-media.com/products/asos-design-two-strap-sandals-in-gray-suede/210048144-1-grey
210048622,ASOS DESIGN sneakers in brown leather,ASOS DESIGN,BROWN,74.99,,USD,False,False,False,False,asos-design/asos-design-sneakers-in-brown-leather/prd/210048622#colourWayId-210048624,images.asos-media.com/products/asos-design-sneakers-in-brown-leather/210048622-1-brown
210048780,ASOS DESIGN penny loafers with cup soles in brown suede,ASOS DESIGN,BROWN,69.99,,USD,False,False,False,False,asos-design/asos-design-penny-loafers-with-cup-soles-in-brown-suede/prd/210048780#colourWayId-210048781,images.asos-media.com/products/asos-design-penny-loafers-with-cup-soles-in-brown-suede/210048780-1-brown
210052630,ASOS DESIGN sneakers in gray suede,ASOS DESIGN,Stone Gray,74.99,,USD,False,False,False,False,asos-design/asos-design-sneakers-in-gray-suede/prd/210052630#colourWayId-210052652,images.asos-media.com/products/asos-design-sneakers-in-gray-suede/210052630-1-stonegrey
210097859,ASOS DESIGN crossover strap sandals with embossed weave in black leather,ASOS DESIGN,Black,59.99,,USD,False,False,False,False,asos-design/asos-design-crossover-strap-sandals-with-embossed-weave-in-black-leather/prd/210097859#colourWayId-210097860,images.asos-media.com/products/asos-design-crossover-strap-sandals-with-embossed-weave-in-black-leather/210097859-1-black
210131795,ASOS DESIGN lace up derby shoes with apron detailing in black leather,ASOS DESIGN,Black,89.99,,USD,False,False,False,False,asos-design/asos-design-lace-up-derby-shoes-with-apron-detailing-in-black-leather/prd/210131795#colourWayId-210131799,images.asos-media.com/products/asos-design-lace-up-derby-shoes-with-apron-detailing-in-black-leather/210131795-1-black
210223886,ASOS DESIGN monk shoes in brown leather,ASOS DESIGN,BROWN,74.99,,USD,False,False,False,False,asos-design/asos-design-monk-shoes-in-brown-leather/prd/210223886#colourWayId-210223908,images.asos-media.com/products/asos-design-monk-shoes-in-brown-leather/210223886-1-brown
210223907,ASOS DESIGN lace up drivers in tan leather,ASOS DESIGN,TAN,74.99,,USD,False,False,False,False,asos-design/asos-design-lace-up-drivers-in-tan-leather/prd/210223907#colourWayId-210223916,images.asos-media.com/products/asos-design-lace-up-drivers-in-tan-leather/210223907-1-tan
210240887,ASOS DESIGN lace up derby shoes with natural soles in tan leather,ASOS DESIGN,TAN,74.99,,USD,False,False,False,False,asos-design/asos-design-lace-up-derby-shoes-with-natural-soles-in-tan-leather/prd/210240887#colourWayId-210240888,images.asos-media.com/products/asos-design-lace-up-derby-shoes-with-natural-soles-in-tan-leather/210240887-1-tan
209874356,ASOS DESIGN woven penny loafers in tan leather,ASOS DESIGN,TAN,79.99,,USD,False,False,False,False,asos-design/asos-design-woven-penny-loafers-in-tan-leather/prd/209874356#colourWayId-209874357,images.asos-media.com/products/asos-design-woven-penny-loafers-in-tan-leather/209874356-1-tan
209874543,ASOS DESIGN tassel loafers with cup soles in navy suede and tan leather detailing,ASOS DESIGN,NAVY,74.99,,USD,False,False,False,False,asos-design/asos-design-tassel-loafers-with-cup-soles-in-navy-suede-and-tan-leather-detailing/prd/209874543#colourWayId-209874547,images.asos-media.com/products/asos-design-tassel-loafers-with-cup-soles-in-navy-suede-and-tan-leather-detailing/209874543-1-navy
209874576,ASOS DESIGN weave loafers in stone suede,ASOS DESIGN,STONE,89.99,,USD,False,False,False,False,asos-design/asos-design-weave-loafers-in-stone-suede/prd/209874576#colourWayId-209874577,images.asos-media.com/products/asos-design-weave-loafers-in-stone-suede/209874576-1-stone
209874594,ASOS DESIGN penny loafers with ruching in black leather,ASOS DESIGN,Black,79.99,,USD,False,False,False,False,asos-design/asos-design-penny-loafers-with-ruching-in-black-leather/prd/209874594#colourWayId-209874596,images.asos-media.com/products/asos-design-penny-loafers-with-ruching-in-black-leather/209874594-1-black
209874835,ASOS DESIGN woven penny loafers in navy suede,ASOS DESIGN,NAVY,79.99,,USD,False,False,True,False,asos-design/asos-design-woven-penny-loafers-in-navy-suede/prd/209874835#colourWayId-209874842,images.asos-media.com/products/asos-design-woven-penny-loafers-in-navy-suede/209874835-1-navy
209874866,ASOS DESIGN woven tassel loafers in tan leather,ASOS DESIGN,TAN,79.99,,USD,False,False,False,False,asos-design/asos-design-woven-tassel-loafers-in-tan-leather/prd/209874866#colourWayId-209874867,images.asos-media.com/products/asos-design-woven-tassel-loafers-in-tan-leather/209874866-1-tan
209879593,ASOS DESIGN penny loafer mules in cow print,ASOS DESIGN,Multi,74.99,,USD,False,False,True,False,asos-design/asos-design-penny-loafer-mules-in-cow-print/prd/209879593#colourWayId-209879599,images.asos-media.com/products/asos-design-penny-loafer-mules-in-cow-print/209879593-1-multi
210048789,ASOS DESIGN penny loafers with cleated soles in tan leather,ASOS DESIGN,TAN,89.99,,USD,False,False,False,False,asos-design/asos-design-penny-loafers-with-cleated-soles-in-tan-leather/prd/210048789#colourWayId-210048791,images.asos-media.com/products/asos-design-penny-loafers-with-cleated-soles-in-tan-leather/210048789-1-tan
210138670,ASOS DESIGN penny loafers with ruching in leopard print pony hair,ASOS DESIGN,LEOPARD,94.99,,USD,False,False,False,False,asos-design/asos-design-penny-loafers-with-ruching-in-leopard-print-pony-hair/prd/210138670#colourWayId-210138687,images.asos-media.com/products/asos-design-penny-loafers-with-ruching-in-leopard-print-pony-hair/210138670-1-leopard
210167338,ASOS DESIGN loafers with snaffle in tan suede,ASOS DESIGN,TAN,79.99,,USD,False,False,False,False,asos-design/asos-design-loafers-with-snaffle-in-tan-suede/prd/210167338#colourWayId-210167342,images.asos-media.com/products/asos-design-loafers-with-snaffle-in-tan-suede/210167338-1-tan
210186057,ASOS DESIGN loafers with white sole in navy suede,ASOS DESIGN,NAVY,69.99,,USD,False,False,False,False,asos-design/asos-design-loafers-with-white-sole-in-navy-suede/prd/210186057#colourWayId-210186062,images.asos-media.com/products/asos-design-loafers-with-white-sole-in-navy-suede/210186057-1-navy
210555051,Calvin Klein Jeans suede cupsole sneakers in black,Calvin Klein,Rocky Brown,126.0,,USD,False,False,False,False,calvin-klein/calvin-klein-jeans-suede-cupsole-sneakers-in-black/prd/210555051#colourWayId-210555052,images.asos-media.com/products/calvin-klein-jeans-suede-cupsole-sneakers-in-black/210555051-1-rockybrown
210555081,Calvin Klein Jeans chunky suede cupsole sneakers in khaki,Calvin Klein,Taupe,152.0,,USD,False,False,False,False,calvin-klein/calvin-klein-jeans-chunky-suede-cupsole-sneakers-in-khaki/prd/210555081#colourWayId-210555082,images.asos-media.com/products/calvin-klein-jeans-chunky-suede-cupsole-sneakers-in-khaki/210555081-1-taupe
210291658,BOSS Orange classic logo flip flops in black,BOSS Orange,Black,85.0,,USD,False,False,False,False,boss-orange/boss-orange-classic-logo-flip-flops-in-black/prd/210291658#colourWayId-210291663,images.asos-media.com/products/boss-orange-classic-logo-flip-flops-in-black/210291658-1-black
210436780,Nike Shox R4 sneakers in silver and light pink,Nike,LIGHT PINK,77.5,155.0,USD,True,False,False,False,nike/nike-shox-r4-sneakers-in-silver-and-light-pink/prd/210436780#colourWayId-210436794,images.asos-media.com/products/nike-shox-r4-sneakers-in-silver-and-light-pink/210436780-1-lightpink
210436909,Nike V5 RNR sneakers in pink and red,Nike,RED,85.5,95.0,USD,True,False,True,False,nike/nike-v5-rnr-sneakers-in-pink-and-red/prd/210436909#colourWayId-210436927,images.asos-media.com/products/nike-v5-rnr-sneakers-in-pink-and-red/210436909-1-red
210535448,Tommy Jeans archive 98 sneakers in off white,Tommy Jeans,Calico,131.0,,USD,False,False,False,False,tommy-jeans/tommy-jeans-archive-98-sneakers-in-off-white/prd/210535448#colourWayId-210535449,images.asos-media.com/products/tommy-jeans-archive-98-sneakers-in-off-white/210535448-1-calico
210519123,Tommy Hilfiger suede driving loafers in tan,Tommy Hilfiger,Tan,176.0,,USD,False,False,False,False,tommy-hilfiger/tommy-hilfiger-suede-driving-loafers-in-tan/prd/210519123#colourWayId-210519125,images.asos-media.com/products/tommy-hilfiger-suede-driving-loafers-in-tan/210519123-1-tan
210198736,Pompeii pippa leather lace up sneakers in beige and green,Pompeii UK,Multi,199.0,,USD,False,False,False,False,pompeii-uk/pompeii-pippa-leather-lace-up-sneakers-in-beige-and-green/prd/210198736#colourWayId-210198739,images.asos-media.com/products/pompeii-pippa-leather-lace-up-sneakers-in-beige-and-green/210198736-1-multi
210206923,HUGO Red logo detail sneakers in white,Hugo Red,WHITE,241.0,,USD,False,False,False,False,hugo-red/hugo-red-logo-detail-sneakers-in-white/prd/210206923#colourWayId-210206927,images.asos-media.com/products/hugo-red-logo-detail-sneakers-in-white/210206923-1-white
210303756,HUGO Blue Timein logo slides in blue and black,Hugo Red,Black,78.0,,USD,False,False,False,False,hugo-red/hugo-blue-timein-logo-slides-in-blue-and-black/prd/210303756#colourWayId-210303764,images.asos-media.com/products/hugo-blue-timein-logo-slides-in-blue-and-black/210303756-1-black
210517921,NOAK made In Portugal boat shoes with cleated sole in brown leather,Noak,BROWN,120.0,,USD,False,False,False,False,noak/noak-made-in-portugal-boat-shoes-with-cleated-sole-in-brown-leather/prd/210517921#colourWayId-210517924,images.asos-media.com/products/noak-made-in-portugal-boat-shoes-with-cleated-sole-in-brown-leather/210517921-1-brown
209976189,SEQWL Kayak loafers in faux nubuck in taupe,SEQWL,Taupe nubuck,44.0,,USD,False,False,False,False,seqwl/seqwl-kayak-loafers-in-faux-nubuck-in-taupe/prd/209976189#colourWayId-209976215,images.asos-media.com/products/seqwl-kayak-loafers-in-faux-nubuck-in-taupe/209976189-1-taupenubuck
209976296,SEQWL Pier chunky loafers with woven upper in off white,SEQWL,Off white,56.0,,USD,False,False,False,False,seqwl/seqwl-pier-chunky-loafers-with-woven-upper-in-off-white/prd/209976296#colourWayId-209976298,images.asos-media.com/products/seqwl-pier-chunky-loafers-with-woven-upper-in-off-white/209976296-1-offwhite
209976460,SEQWL Pier chunky loafers in sand faux suede,SEQWL,Sand suede,49.0,,USD,False,False,False,False,seqwl/seqwl-pier-chunky-loafers-in-sand-faux-suede/prd/209976460#colourWayId-209976464,images.asos-media.com/products/seqwl-pier-chunky-loafers-in-sand-faux-suede/209976460-1-sandsuede
210645866,BOSS aryeh sliders in green,BOSS Bodywear,Open Green,85.0,,USD,False,False,False,False,boss-bodywear/boss-aryeh-sliders-in-green/prd/210645866#colourWayId-210645867,images.asos-media.com/products/boss-aryeh-sliders-in-green/210645866-1-opengreen
210528235,Havaianas top camo flip flops in green,Havaianas,GREEN,52.0,,USD,False,False,False,False,havaianas/havaianas-top-camo-flip-flops-in-green/prd/210528235#colourWayId-210528248,images.asos-media.com/products/havaianas-top-camo-flip-flops-in-green/210528235-1-green
210131784,ASOS DESIGN chelsea wellington boots in black,ASOS DESIGN,Black,49.99,,USD,False,False,False,False,asos-design/asos-design-chelsea-wellington-boots-in-black/prd/210131784#colourWayId-210131785,images.asos-media.com/products/asos-design-chelsea-wellington-boots-in-black/210131784-1-black
210257437,Jack & Jones slider in black,Jack & Jones,Black,36.0,,USD,False,False,False,False,jack-jones/jack-jones-slider-in-black/prd/210257437#colourWayId-210257444,images.asos-media.com/products/jack-jones-slider-in-black/210257437-1-black
210257424,Jack & Jones slides in cream,Jack & Jones,Moonbeam,36.0,,USD,False,False,False,False,jack-jones/jack-jones-slides-in-cream/prd/210257424#colourWayId-210257427,images.asos-media.com/products/jack-jones-slides-in-cream/210257424-1-moonbeam
210198817,Pompeii latymer leather apron shoes in light brown,Pompeii UK,BROWN,275.0,,USD,False,False,False,False,pompeii-uk/pompeii-latymer-leather-apron-shoes-in-light-brown/prd/210198817#colourWayId-210198823,images.asos-media.com/products/pompeii-latymer-leather-apron-shoes-in-light-brown/210198817-1-brown
210257265,Jack & Jones faux leather sneakers in triple black,Jack & Jones,Black,49.95,,USD,False,False,False,False,jack-jones/jack-jones-faux-leather-sneakers-in-triple-black/prd/210257265#colourWayId-210257273,images.asos-media.com/products/jack-jones-faux-leather-sneakers-in-triple-black/210257265-1-black
210606194,Keen Jasper Zionic textured suede sneakers in brown,Keen,BROWN,260.0,,USD,False,False,False,False,keen/keen-jasper-zionic-textured-suede-sneakers-in-brown/prd/210606194#colourWayId-210606195,images.asos-media.com/products/keen-jasper-zionic-textured-suede-sneakers-in-brown/210606194-1-brown
210096116,Tommy Hilfiger flexible boat shoe in brown,Tommy Hilfiger,Dark mocha,235.0,,USD,False,False,False,False,tommy-hilfiger/tommy-hilfiger-flexible-boat-shoe-in-brown/prd/210096116#colourWayId-210096130,images.asos-media.com/products/tommy-hilfiger-flexible-boat-shoe-in-brown/210096116-1-darkmocha
210555093,Calvin Klein Jeans chunky hybrid leather apron lace up shoes in black,Calvin Klein,Black/gum,189.0,,USD,False,False,False,False,calvin-klein/calvin-klein-jeans-chunky-hybrid-leather-apron-lace-up-shoes-in-black/prd/210555093#colourWayId-210555097,images.asos-media.com/products/calvin-klein-jeans-chunky-hybrid-leather-apron-lace-up-shoes-in-black/210555093-1-blackgum
210704573,Mango soft 100% leather loafers in black,Mango,Black,119.99,,USD,False,False,False,False,mango/mango-soft-100-leather-loafers-in-black/prd/210704573#colourWayId-210704574,images.asos-media.com/products/mango-soft-100-leather-loafers-in-black/210704573-1-black
210198831,Pompeii latymer leather apron shoes in coffee brown,Pompeii UK,BROWN,275.0,,USD,False,False,False,False,pompeii-uk/pompeii-latymer-leather-apron-shoes-in-coffee-brown/prd/210198831#colourWayId-210198838,images.asos-media.com/products/pompeii-latymer-leather-apron-shoes-in-coffee-brown/210198831-1-brown
210786060,Mango 100% suede loafers in brown,Mango,BROWN,150.0,,USD,False,False,False,False,mango/mango-100-suede-loafers-in-brown/prd/210786060#colourWayId-210786064,images.asos-media.com/products/mango-100-suede-loafers-in-brown/210786060-1-brown
210331907,ASOS DESIGN penny loafers with fringe trim and ruched aprons in stone,ASOS DESIGN,STONE,69.99,,USD,False,False,False,False,asos-design/asos-design-penny-loafers-with-fringe-trim-and-ruched-aprons-in-stone/prd/210331907#colourWayId-210331909,images.asos-media.com/products/asos-design-penny-loafers-with-fringe-trim-and-ruched-aprons-in-stone/210331907-1-stone
207494214,Nike Air Force 1 '07 sneakers in triple white,Nike,WHITE,115.0,,USD,False,False,False,False,nike/nike-air-force-1-07-sneakers-in-triple-white/prd/207494214#colourWayId-207494231,images.asos-media.com/products/nike-air-force-1-07-sneakers-in-triple-white/207494214-1-white
209516853,Steve Madden Manu sandals with straps in cognac suede,Steve Madden,Cognac suede,137.0,,USD,False,False,False,False,steve-madden/steve-madden-manu-sandals-with-straps-in-cognac-suede/prd/209516853#colourWayId-209516858,images.asos-media.com/products/steve-madden-manu-sandals-with-straps-in-cognac-suede/209516853-1-cognacsuede
209516885,Steve Madden Manu sandals with straps in taupe suede,Steve Madden,Taupe suede,137.0,,USD,False,False,False,False,steve-madden/steve-madden-manu-sandals-with-straps-in-taupe-suede/prd/209516885#colourWayId-209516893,images.asos-media.com/products/steve-madden-manu-sandals-with-straps-in-taupe-suede/209516885-1-taupesuede
209516947,Steve Madden Leeway slip-on casual lace up shoes in taupe suede,Steve Madden,Taupe suede,171.0,,USD,False,False,False,False,steve-madden/steve-madden-leeway-slip-on-casual-lace-up-shoes-in-taupe-suede/prd/209516947#colourWayId-209516948,images.asos-media.com/products/steve-madden-leeway-slip-on-casual-lace-up-shoes-in-taupe-suede/209516947-1-taupesuede
210131514,ASOS DESIGN penny loafers in beige and cream,ASOS DESIGN,BEIGE & CREAM,64.99,,USD,False,False,False,False,asos-design/asos-design-penny-loafers-in-beige-and-cream/prd/210131514#colourWayId-210131522,images.asos-media.com/products/asos-design-penny-loafers-in-beige-and-cream/210131514-1-beigecream
210257198,Jack & Jones molded slides in beige,Jack & Jones,Moonbeam,40.0,,USD,False,False,False,False,jack-jones/jack-jones-molded-slides-in-beige/prd/210257198#colourWayId-210257204,images.asos-media.com/products/jack-jones-molded-slides-in-beige/210257198-1-moonbeam
210257324,Jack & Jones molded slides in black,Jack & Jones,Anthracite,40.0,,USD,False,False,False,False,jack-jones/jack-jones-molded-slides-in-black/prd/210257324#colourWayId-210257326,images.asos-media.com/products/jack-jones-molded-slides-in-black/210257324-1-anthracite
210257395,Jack & Jones canvas trainer in black,Jack & Jones,Black,39.95,,USD,False,False,False,False,jack-jones/jack-jones-canvas-trainer-in-black/prd/210257395#colourWayId-210257400,images.asos-media.com/products/jack-jones-canvas-trainer-in-black/210257395-1-black
210331922,ASOS DESIGN lace up sneakers in tumbled white and navy,ASOS DESIGN,TUMBLED WHITE & NAVY,59.99,,USD,False,False,False,False,asos-design/asos-design-lace-up-sneakers-in-tumbled-white-and-navy/prd/210331922#colourWayId-210331931,images.asos-media.com/products/asos-design-lace-up-sneakers-in-tumbled-white-and-navy/210331922-1-whitetumblednavy
210207371,HUGO Red logo detail sneakers in gray,Hugo Red,Gray,293.0,,USD,False,False,False,False,hugo-red/hugo-red-logo-detail-sneakers-in-gray/prd/210207371#colourWayId-210207387,images.asos-media.com/products/hugo-red-logo-detail-sneakers-in-gray/210207371-1-grey
210257246,Jack & Jones faux leather strap sandals in black,Jack & Jones,Black,29.99,,USD,False,False,False,False,jack-jones/jack-jones-faux-leather-strap-sandals-in-black/prd/210257246#colourWayId-210257256,images.asos-media.com/products/jack-jones-faux-leather-strap-sandals-in-black/210257246-1-black
210257305,Jack & Jones faux leather strap sandals in brown,Jack & Jones,Brown stone,29.99,,USD,False,False,False,False,jack-jones/jack-jones-faux-leather-strap-sandals-in-brown/prd/210257305#colourWayId-210257308,images.asos-media.com/products/jack-jones-faux-leather-strap-sandals-in-brown/210257305-1-brownstone
210257377,Jack & Jones suede loafer mules in beige,Jack & Jones,Plaza taupe,49.99,,USD,False,False,False,False,jack-jones/jack-jones-suede-loafer-mules-in-beige/prd/210257377#colourWayId-210257379,images.asos-media.com/products/jack-jones-suede-loafer-mules-in-beige/210257377-1-plazataupe
210331994,ASOS DESIGN lace up sneakers in stone with white sole,ASOS DESIGN,STONE,64.99,,USD,False,False,False,False,asos-design/asos-design-lace-up-sneakers-in-stone-with-white-sole/prd/210331994#colourWayId-210332009,images.asos-media.com/products/asos-design-lace-up-sneakers-in-stone-with-white-sole/210331994-1-stone
210788771,AllSaints Slix suede leather loafer shoes in brown,AllSaints,BROWN,216.0,,USD,False,False,False,False,allsaints/allsaints-slix-suede-leather-loafer-shoes-in-brown/prd/210788771#colourWayId-210788775,images.asos-media.com/products/allsaints-slix-suede-leather-loafer-shoes-in-brown/210788771-1-brown
209976297,SEQWL Kidman cross-over flat sandals in black,SEQWL,Black PU,39.0,,USD,False,False,False,False,seqwl/seqwl-kidman-cross-over-flat-sandals-in-black/prd/209976297#colourWayId-209976299,images.asos-media.com/products/seqwl-kidman-cross-over-flat-sandals-in-black/209976297-1-blackpu
210517826,NOAK made In Portugal penny loafers in brown leather,Noak,BROWN,130.0,,USD,False,False,False,False,noak/noak-made-in-portugal-penny-loafers-in-brown-leather/prd/210517826#colourWayId-210517827,images.asos-media.com/products/noak-made-in-portugal-penny-loafers-in-brown-leather/210517826-1-brown
210517860,NOAK made In Portugal penny loafers with cherub graphic in black leather,Noak,Black,135.0,,USD,False,False,False,False,noak/noak-made-in-portugal-penny-loafers-with-cherub-graphic-in-black-leather/prd/210517860#colourWayId-210517861,images.asos-media.com/products/noak-made-in-portugal-penny-loafers-with-cherub-graphic-in-black-leather/210517860-1-black
210788802,AllSaints Vex double strap buckle velcro sandals in white,AllSaints,WHITE,232.0,,USD,False,False,False,False,allsaints/allsaints-vex-double-strap-buckle-velcro-sandals-in-white/prd/210788802#colourWayId-210788803,images.asos-media.com/products/allsaints-vex-double-strap-buckle-velcro-sandals-in-white/210788802-1-white
209775150,Nike Air Zoom Pegasus 42 sneakers in neon green,Nike Running,LIGHT GREEN,101.5,145.0,USD,True,False,False,False,nike-running/nike-air-zoom-pegasus-42-sneakers-in-neon-green/prd/209775150#colourWayId-209775155,images.asos-media.com/products/nike-air-zoom-pegasus-42-sneakers-in-neon-green/209775150-1-lightgreen
209976224,SEQWL Kidman woven slides in brown,SEQWL,BROWN,39.0,,USD,False,False,False,False,seqwl/seqwl-kidman-woven-slides-in-brown/prd/209976224#colourWayId-209976233,images.asos-media.com/products/seqwl-kidman-woven-slides-in-brown/209976224-1-brown
209976497,SEQWL Kidman cross over flat sandals in chocolate,SEQWL,Choc PU,39.0,,USD,False,False,False,False,seqwl/seqwl-kidman-cross-over-flat-sandals-in-chocolate/prd/209976497#colourWayId-209976500,images.asos-media.com/products/seqwl-kidman-cross-over-flat-sandals-in-chocolate/209976497-1-chocpu
210050770,ASOS DESIGN penny loafers with gold-tone snaffle detailing in brown,ASOS DESIGN,BROWN,64.99,,USD,False,False,False,False,asos-design/asos-design-penny-loafers-with-gold-tone-snaffle-detailing-in-brown/prd/210050770#colourWayId-210050774,images.asos-media.com/products/asos-design-penny-loafers-with-gold-tone-snaffle-detailing-in-brown/210050770-1-brown
210788722,AllSaints Regan leather chunky low top sneakers in white,AllSaints,WHITE,247.0,,USD,False,False,False,False,allsaints/allsaints-regan-leather-chunky-low-top-sneakers-in-white/prd/210788722#colourWayId-210788724,images.asos-media.com/products/allsaints-regan-leather-chunky-low-top-sneakers-in-white/210788722-1-white
209775333,Nike Free Metcon 6 sneakers in dark gray,Nike Training,Gray,125.0,,USD,False,False,False,False,nike-training/nike-free-metcon-6-sneakers-in-dark-gray/prd/209775333#colourWayId-209775334,images.asos-media.com/products/nike-free-metcon-6-sneakers-in-dark-gray/209775333-1-grey
209775555,Nike Air Zoom Pegasus 42 sneakers in white and blue,Nike Running,LIGHT BLUE,145.0,,USD,False,False,False,False,nike-running/nike-air-zoom-pegasus-42-sneakers-in-white-and-blue/prd/209775555#colourWayId-209775559,images.asos-media.com/products/nike-air-zoom-pegasus-42-sneakers-in-white-and-blue/209775555-1-lightblue
210535460,Tommy Jeans Pool Slides in Black,Tommy Jeans,Black,66.0,,USD,False,False,False,False,tommy-jeans/tommy-jeans-pool-slides-in-black/prd/210535460#colourWayId-210535461,images.asos-media.com/products/tommy-jeans-pool-slides-in-black/210535460-1-black
210788626,AllSaints Randal double strap buckle fuzzy suede sandals in gray,AllSaints,Cloud Gray,278.0,,USD,False,False,False,False,allsaints/allsaints-randal-double-strap-buckle-fuzzy-suede-sandals-in-gray/prd/210788626#colourWayId-210788634,images.asos-media.com/products/allsaints-randal-double-strap-buckle-fuzzy-suede-sandals-in-gray/210788626-1-cloudgrey
210788638,AllSaints Bloom soft suede leather loafers in brown,AllSaints,BROWN,263.0,,USD,False,False,False,False,allsaints/allsaints-bloom-soft-suede-leather-loafers-in-brown/prd/210788638#colourWayId-210788643,images.asos-media.com/products/allsaints-bloom-soft-suede-leather-loafers-in-brown/210788638-1-brown
210788689,AllSaints Regan leather low top sneakers in white and green,AllSaints,White/green,232.0,,USD,False,False,False,False,allsaints/allsaints-regan-leather-low-top-sneakers-in-white-and-green/prd/210788689#colourWayId-210788692,images.asos-media.com/products/allsaints-regan-leather-low-top-sneakers-in-white-and-green/210788689-1-whitegreen
210788721,AllSaints Randal leather woven one strap sandals in black,AllSaints,Black,263.0,,USD,False,False,False,False,allsaints/allsaints-randal-leather-woven-one-strap-sandals-in-black/prd/210788721#colourWayId-210788723,images.asos-media.com/products/allsaints-randal-leather-woven-one-strap-sandals-in-black/210788721-1-black
210788754,AllSaints Liam leather low top sneakers in white,AllSaints,WHITE,247.0,,USD,False,False,False,False,allsaints/allsaints-liam-leather-low-top-sneakers-in-white/prd/210788754#colourWayId-210788757,images.asos-media.com/products/allsaints-liam-leather-low-top-sneakers-in-white/210788754-1-white
210788770,AllSaints Saints & Sinners logo slides in black,AllSaints,Black,108.0,,USD,False,False,False,False,allsaints/allsaints-saints-sinners-logo-slides-in-black/prd/210788770#colourWayId-210788772,images.asos-media.com/products/allsaints-saints-sinners-logo-slides-in-black/210788770-1-black
209874542,ASOS DESIGN tassel loafers in navy suede,ASOS DESIGN,NAVY,74.99,,USD,False,False,False,False,asos-design/asos-design-tassel-loafers-in-navy-suede/prd/209874542#colourWayId-209874544,images.asos-media.com/products/asos-design-tassel-loafers-in-navy-suede/209874542-1-navy
209874620,ASOS DESIGN woven tassel loafers in black suede,ASOS DESIGN,Black,79.99,,USD,False,False,False,False,asos-design/asos-design-woven-tassel-loafers-in-black-suede/prd/209874620#colourWayId-209874626,images.asos-media.com/products/asos-design-woven-tassel-loafers-in-black-suede/209874620-1-black
209614682,Nike Shox TL sneakers in black and green,Nike,Black,180.0,,USD,False,False,False,False,nike/nike-shox-tl-sneakers-in-black-and-green/prd/209614682#colourWayId-209614723,images.asos-media.com/products/nike-shox-tl-sneakers-in-black-and-green/209614682-1-black
209614827,Nike ReactX Rejuven8 clogs in green,Nike,MID GREEN,75.0,,USD,False,False,False,False,nike/nike-reactx-rejuven8-clogs-in-green/prd/209614827#colourWayId-209614844,images.asos-media.com/products/nike-reactx-rejuven8-clogs-in-green/209614827-1-midgreen
209689657,Jack & Jones soft faux suede sandals in brown,Jack & Jones,Java,44.95,,USD,False,False,False,False,jack-jones/jack-jones-soft-faux-suede-sandals-in-brown/prd/209689657#colourWayId-209689660,images.asos-media.com/products/jack-jones-soft-faux-suede-sandals-in-brown/209689657-1-java
209775506,Nike Running Vomero 18 sneakers in orange and blue,Nike Running,ORANGE,155.0,,USD,False,False,False,False,nike-running/nike-running-vomero-18-sneakers-in-orange-and-blue/prd/209775506#colourWayId-209775514,images.asos-media.com/products/nike-running-vomero-18-sneakers-in-orange-and-blue/209775506-1-orange
209874486,ASOS DESIGN loafers in navy suede with tassel,ASOS DESIGN,NAVY,94.99,,USD,False,False,False,False,asos-design/asos-design-loafers-in-navy-suede-with-tassel/prd/209874486#colourWayId-209874487,images.asos-media.com/products/asos-design-loafers-in-navy-suede-with-tassel/209874486-1-navy
209874496,ASOS DESIGN paneled sneakers in dark brown suede,ASOS DESIGN,Dark brown,79.99,,USD,False,False,False,False,asos-design/asos-design-paneled-sneakers-in-dark-brown-suede/prd/209874496#colourWayId-209874499,images.asos-media.com/products/asos-design-paneled-sneakers-in-dark-brown-suede/209874496-1-darkbrown
209874621,ASOS DESIGN penny snaffle loafer in tan leather,ASOS DESIGN,TAN,79.99,,USD,False,False,False,False,asos-design/asos-design-penny-snaffle-loafer-in-tan-leather/prd/209874621#colourWayId-209874630,images.asos-media.com/products/asos-design-penny-snaffle-loafer-in-tan-leather/209874621-1-tan
209874682,ASOS DESIGN woven tassel loafers with cleated soles in beige suede,ASOS DESIGN,BEIGE,84.99,,USD,False,False,False,False,asos-design/asos-design-woven-tassel-loafers-with-cleated-soles-in-beige-suede/prd/209874682#colourWayId-209874699,images.asos-media.com/products/asos-design-woven-tassel-loafers-with-cleated-soles-in-beige-suede/209874682-1-beige
209876820,ASOS DESIGN lace up shoes with brogue detailing in tan leather,ASOS DESIGN,TAN,84.99,,USD,False,False,False,False,asos-design/asos-design-lace-up-shoes-with-brogue-detailing-in-tan-leather/prd/209876820#colourWayId-209876843,images.asos-media.com/products/asos-design-lace-up-shoes-with-brogue-detailing-in-tan-leather/209876820-1-tan
209970996,ASOS DESIGN two strap sandals in black leather,ASOS DESIGN,Black,59.99,,USD,False,False,False,False,asos-design/asos-design-two-strap-sandals-in-black-leather/prd/209970996#colourWayId-209971008,images.asos-media.com/products/asos-design-two-strap-sandals-in-black-leather/209970996-1-black
209980040,adidas Originals Tokyo sneakers in black and white,adidas Originals,BROWN,90.0,,USD,False,False,False,False,adidas-originals/adidas-originals-tokyo-sneakers-in-black-and-white/prd/209980040#colourWayId-209980041,images.asos-media.com/products/adidas-originals-tokyo-sneakers-in-black-and-white/209980040-1-brown
210052412,ASOS DESIGN closed toe fisherman sandals in brown,ASOS DESIGN,BROWN,64.99,,USD,False,False,False,False,asos-design/asos-design-closed-toe-fisherman-sandals-in-brown/prd/210052412#colourWayId-210052419,images.asos-media.com/products/asos-design-closed-toe-fisherman-sandals-in-brown/210052412-1-brown
210240766,ASOS DESIGN lace up derby shoes with natural sole in black leather,ASOS DESIGN,Black,74.99,,USD,False,False,False,False,asos-design/asos-design-lace-up-derby-shoes-with-natural-sole-in-black-leather/prd/210240766#colourWayId-210240772,images.asos-media.com/products/asos-design-lace-up-derby-shoes-with-natural-sole-in-black-leather/210240766-1-black
210555225,Calvin Klein Jeans leather loafers in black,Calvin Klein,Triple Black,177.0,,USD,False,False,False,False,calvin-klein/calvin-klein-jeans-leather-loafers-in-black/prd/210555225#colourWayId-210555226,images.asos-media.com/products/calvin-klein-jeans-leather-loafers-in-black/210555225-1-tripleblack
210674746,Mizuno Wave Sky 9 sneakers in off white and yellow,Mizuno,CREAM,286.0,,USD,False,False,False,False,mizuno/mizuno-wave-sky-9-sneakers-in-off-white-and-yellow/prd/210674746#colourWayId-210674747,images.asos-media.com/products/mizuno-wave-sky-9-sneakers-in-off-white-and-yellow/210674746-1-cream
210674761,"Mizuno Wave Rider 29 running sneakers in white, yellow and blue",Mizuno,WHITE,243.0,,USD,False,False,False,False,mizuno/mizuno-wave-rider-29-running-sneakers-in-white-yellow-and-blue/prd/210674761#colourWayId-210674762,images.asos-media.com/products/mizuno-wave-rider-29-running-sneakers-in-white-yellow-and-blue/210674761-1-white
210674791,Mizuno Wave Rider 29 running sneakers in black and white,Mizuno,Black,243.0,,USD,False,False,False,False,mizuno/mizuno-wave-rider-29-running-sneakers-in-black-and-white/prd/210674791#colourWayId-210674792,images.asos-media.com/products/mizuno-wave-rider-29-running-sneakers-in-black-and-white/210674791-1-black
210674806,Mizuno Wave Inspire 22 running sneakers in white,Mizuno,WHITE,243.0,,USD,False,False,False,False,mizuno/mizuno-wave-inspire-22-running-sneakers-in-white/prd/210674806#colourWayId-210674807,images.asos-media.com/products/mizuno-wave-inspire-22-running-sneakers-in-white/210674806-1-white
210674821,Mizuno Neo Zen 2 running sneakers in white and blue,Mizuno,WHITE,243.0,,USD,False,False,False,False,mizuno/mizuno-neo-zen-2-running-sneakers-in-white-and-blue/prd/210674821#colourWayId-210674822,images.asos-media.com/products/mizuno-neo-zen-2-running-sneakers-in-white-and-blue/210674821-1-white
210674836,Mizuno Wave Inspire 22 running sneakers in blue and yellow,Mizuno,MID BLUE,243.0,,USD,False,False,False,False,mizuno/mizuno-wave-inspire-22-running-sneakers-in-blue-and-yellow/prd/210674836#colourWayId-210674837,images.asos-media.com/products/mizuno-wave-inspire-22-running-sneakers-in-blue-and-yellow/210674836-1-midblue
209689152,Jack & Jones soft faux suede sandals in black,Jack & Jones,Anthracite,44.95,,USD,False,False,False,False,jack-jones/jack-jones-soft-faux-suede-sandals-in-black/prd/209689152#colourWayId-209689158,images.asos-media.com/products/jack-jones-soft-faux-suede-sandals-in-black/209689152-1-anthracite
209815687,Nike Ava Rover Premium sneakers in gray and black,Nike,Gray,155.0,,USD,False,False,False,False,nike/nike-ava-rover-premium-sneakers-in-gray-and-black/prd/209815687#colourWayId-209815691,images.asos-media.com/products/nike-ava-rover-premium-sneakers-in-gray-and-black/209815687-1-grey
209815732,Nike Air Force 1 '07 sneakers in cream and brown,Nike,BROWN,115.0,,USD,False,False,True,False,nike/nike-air-force-1-07-sneakers-in-cream-and-brown/prd/209815732#colourWayId-209815735,images.asos-media.com/products/nike-air-force-1-07-sneakers-in-cream-and-brown/209815732-1-brown
209815733,Nike Air Force 1 '07 LV8 sneakers in white and gray,Nike,Gray,125.0,,USD,False,False,False,False,nike/nike-air-force-1-07-lv8-sneakers-in-white-and-gray/prd/209815733#colourWayId-209815737,images.asos-media.com/products/nike-air-force-1-07-lv8-sneakers-in-white-and-gray/209815733-1-grey
209816086,Nike P-6000 sneakers in white and gray,Nike,Gray,115.0,,USD,False,False,False,False,nike/nike-p-6000-sneakers-in-white-and-gray/prd/209816086#colourWayId-209816088,images.asos-media.com/products/nike-p-6000-sneakers-in-white-and-gray/209816086-1-grey
209816129,Nike Air Force 1 '07 LV8 sneakers with crochet detail in brown,Nike,BROWN,125.0,,USD,False,False,False,False,nike/nike-air-force-1-07-lv8-sneakers-with-crochet-detail-in-brown/prd/209816129#colourWayId-209816130,images.asos-media.com/products/nike-air-force-1-07-lv8-sneakers-with-crochet-detail-in-brown/209816129-1-brown
210097136,Calvin Klein cross strap sandals in khaki green,Calvin Klein,Deep lichen green/bl,108.0,,USD,False,False,False,False,calvin-klein/calvin-klein-cross-strap-sandals-in-khaki-green/prd/210097136#colourWayId-210097146,images.asos-media.com/products/calvin-klein-cross-strap-sandals-in-khaki-green/210097136-1-deeplichengreenbl
209815844,Nike V5 RNR sneakers in beige and brown,Nike,BEIGE,76.0,95.0,USD,True,False,True,False,nike/nike-v5-rnr-sneakers-in-beige-and-brown/prd/209815844#colourWayId-209815847,images.asos-media.com/products/nike-v5-rnr-sneakers-in-beige-and-brown/209815844-1-beige
209229512,Nike Air Max DN8 leather sneakers in black,Nike,Black,147.0,210.0,USD,True,False,False,False,nike/nike-air-max-dn8-leather-sneakers-in-black/prd/209229512#colourWayId-209229514,images.asos-media.com/products/nike-air-max-dn8-leather-sneakers-in-black/209229512-1-black
208514812,Dr Martens ZebZag mule in black suede,Dr Martens,Black,130.0,,USD,False,False,False,False,dr-martens/dr-martens-zebzag-mule-in-black-suede/prd/208514812#colourWayId-208514814,images.asos-media.com/products/dr-martens-zebzag-mule-in-black-suede/208514812-1-black
209792229,Walk London Hopper Apron shoes in black leather,WALK LONDON,Black,148.0,,USD,False,False,False,False,walk-london/walk-london-hopper-apron-shoes-in-black-leather/prd/209792229#colourWayId-209792230,images.asos-media.com/products/walk-london-hopper-apron-shoes-in-black-leather/209792229-1-black
209792289,Walk London Riva rouched loafers in black leather,WALK LONDON,Black,128.0,,USD,False,False,False,False,walk-london/walk-london-riva-rouched-loafers-in-black-leather/prd/209792289#colourWayId-209792290,images.asos-media.com/products/walk-london-riva-rouched-loafers-in-black-leather/209792289-1-black
209792545,Walk London Vincent Monk in brown leather,WALK LONDON,Brown,128.0,,USD,False,False,False,False,walk-london/walk-london-vincent-monk-in-brown-leather/prd/209792545#colourWayId-209792551,images.asos-media.com/products/walk-london-vincent-monk-in-brown-leather/209792545-1-brown
209792192,Walk London Cera boat shoes in black leather,WALK LONDON,Black,128.0,,USD,False,False,False,False,walk-london/walk-london-cera-boat-shoes-in-black-leather/prd/209792192#colourWayId-209792196,images.asos-media.com/products/walk-london-cera-boat-shoes-in-black-leather/209792192-1-black
209792225,Walk London Riva ruched loafers in brown suede,WALK LONDON,Brown,128.0,,USD,False,False,False,False,walk-london/walk-london-riva-ruched-loafers-in-brown-suede/prd/209792225#colourWayId-209792226,images.asos-media.com/products/walk-london-riva-ruched-loafers-in-brown-suede/209792225-1-brown
209792300,Walk London Naples ruched loafers in stone suede,WALK LONDON,Stone suede,115.0,,USD,False,False,False,False,walk-london/walk-london-naples-ruched-loafers-in-stone-suede/prd/209792300#colourWayId-209792305,images.asos-media.com/products/walk-london-naples-ruched-loafers-in-stone-suede/209792300-1-stonesuede
209792343,Walk London Vincent Monk in brown leather,WALK LONDON,Black,128.0,,USD,False,False,False,False,walk-london/walk-london-vincent-monk-in-brown-leather/prd/209792343#colourWayId-209792348,images.asos-media.com/products/walk-london-vincent-monk-in-brown-leather/209792343-1-black
209792596,Walk London Putney saddle loafers in black leather,WALK LONDON,Brown,128.0,,USD,False,False,False,False,walk-london/walk-london-putney-saddle-loafers-in-black-leather/prd/209792596#colourWayId-209792600,images.asos-media.com/products/walk-london-putney-saddle-loafers-in-black-leather/209792596-1-brown
209874761,ASOS DESIGN tassel loafers in stone suede,ASOS DESIGN,STONE,52.5,74.99,USD,True,False,False,False,asos-design/asos-design-tassel-loafers-in-stone-suede/prd/209874761#colourWayId-209874764,images.asos-media.com/products/asos-design-tassel-loafers-in-stone-suede/209874761-1-stone
209874762,ASOS DESIGN loafers in tan suede with tassel detailing and gum soles,ASOS DESIGN,TAN,74.99,,USD,False,False,True,False,asos-design/asos-design-loafers-in-tan-suede-with-tassel-detailing-and-gum-soles/prd/209874762#colourWayId-209874775,images.asos-media.com/products/asos-design-loafers-in-tan-suede-with-tassel-detailing-and-gum-soles/209874762-1-tan
209876079,ASOS DESIGN boat shoes with cleated sole in tan leather,ASOS DESIGN,TAN,84.99,,USD,False,False,False,False,asos-design/asos-design-boat-shoes-with-cleated-sole-in-tan-leather/prd/209876079#colourWayId-209876083,images.asos-media.com/products/asos-design-boat-shoes-with-cleated-sole-in-tan-leather/209876079-1-tan
209876615,ASOS DESIGN boat shoes with cleated sole in brown leather,ASOS DESIGN,BROWN,84.99,,USD,False,False,False,False,asos-design/asos-design-boat-shoes-with-cleated-sole-in-brown-leather/prd/209876615#colourWayId-209876620,images.asos-media.com/products/asos-design-boat-shoes-with-cleated-sole-in-brown-leather/209876615-1-brown
210118579,ASOS DESIGN loafers in leather cow print,ASOS DESIGN,COW MIX,94.99,,USD,False,False,False,False,asos-design/asos-design-loafers-in-leather-cow-print/prd/210118579#colourWayId-210118584,images.asos-media.com/products/asos-design-loafers-in-leather-cow-print/210118579-1-cowmix
210119175,ASOS DESIGN mules in cow print,ASOS DESIGN,COW MIX,84.99,,USD,False,False,False,False,asos-design/asos-design-mules-in-cow-print/prd/210119175#colourWayId-210119176,images.asos-media.com/products/asos-design-mules-in-cow-print/210119175-1-cowmix
209946041,adidas Originals Samba OG sneakers in white and brown,adidas Originals,WHITE,110.0,,USD,False,False,True,False,adidas-originals/adidas-originals-samba-og-sneakers-in-white-and-brown/prd/209946041#colourWayId-209946045,images.asos-media.com/products/adidas-originals-samba-og-sneakers-in-white-and-brown/209946041-1-white
210078800,Tommy Jeans slides with logo in green,Tommy Jeans,Lime Essence/Black,66.0,,USD,False,False,False,False,tommy-jeans/tommy-jeans-slides-with-logo-in-green/prd/210078800#colourWayId-210078801,images.asos-media.com/products/tommy-jeans-slides-with-logo-in-green/210078800-1-limeessenceblack
210078908,Tommy Jeans Greenwich edge sneakers with logo in off white,Tommy Jeans,Newsprint,131.0,,USD,False,False,False,False,tommy-jeans/tommy-jeans-greenwich-edge-sneakers-with-logo-in-off-white/prd/210078908#colourWayId-210078909,images.asos-media.com/products/tommy-jeans-greenwich-edge-sneakers-with-logo-in-off-white/210078908-1-newsprint
210517815,NOAK made In Portugal retro lace-up sneakers with gumsole in brown suede,Noak,CHOCOLATE BROWN,120.0,,USD,False,False,False,False,noak/noak-made-in-portugal-retro-lace-up-sneakers-with-gumsole-in-brown-suede/prd/210517815#colourWayId-210517818,images.asos-media.com/products/noak-made-in-portugal-retro-lace-up-sneakers-with-gumsole-in-brown-suede/210517815-1-chocolatebrown
210517836,NOAK Made In Portugal retro lace-up sneakers in white leather and suede mix,Noak,WHITE,120.0,,USD,False,False,False,False,noak/noak-made-in-portugal-retro-lace-up-sneakers-in-white-leather-and-suede-mix/prd/210517836#colourWayId-210517837,images.asos-media.com/products/noak-made-in-portugal-retro-lace-up-sneakers-in-white-leather-and-suede-mix/210517836-1-white
210517939,NOAK Made In Portugal penny loafers with coin detail in brown polido leather,Noak,BROWN,130.0,,USD,False,False,False,False,noak/noak-made-in-portugal-penny-loafers-with-coin-detail-in-brown-polido-leather/prd/210517939#colourWayId-210517940,images.asos-media.com/products/noak-made-in-portugal-penny-loafers-with-coin-detail-in-brown-polido-leather/210517939-1-brown
209815922,Nike Waffle Racer sneakers in black and white,Nike,WHITE,95.0,,USD,False,False,True,False,nike/nike-waffle-racer-sneakers-in-black-and-white/prd/209815922#colourWayId-209815925,images.asos-media.com/products/nike-waffle-racer-sneakers-in-black-and-white/209815922-1-white
209946039,adidas Originals Superstar II sneakers in blue denim,adidas Originals,LIGHT BLUE,110.0,,USD,False,False,False,False,adidas-originals/adidas-originals-superstar-ii-sneakers-in-blue-denim/prd/209946039#colourWayId-209946042,images.asos-media.com/products/adidas-originals-superstar-ii-sneakers-in-blue-denim/209946039-1-lightblue
209946119,adidas Originals Handball Spezial sneakers in burgundy and blue,adidas Originals,Burgundy,85.0,120.0,USD,True,False,False,False,adidas-originals/adidas-originals-handball-spezial-sneakers-in-burgundy-and-blue/prd/209946119#colourWayId-209946125,images.asos-media.com/products/adidas-originals-handball-spezial-sneakers-in-burgundy-and-blue/209946119-1-burgundy
209946121,adidas Originals Samba OG sneakers in brown and off white,adidas Originals,BROWN,77.0,110.0,USD,True,False,True,False,adidas-originals/adidas-originals-samba-og-sneakers-in-brown-and-off-white/prd/209946121#colourWayId-209946126,images.asos-media.com/products/adidas-originals-samba-og-sneakers-in-brown-and-off-white/209946121-1-brown
209979529,adidas Originals Handball Spezial sneakers in black and white,adidas Originals,Black,120.0,,USD,False,False,False,False,adidas-originals/adidas-originals-handball-spezial-sneakers-in-black-and-white/prd/209979529#colourWayId-209979533,images.asos-media.com/products/adidas-originals-handball-spezial-sneakers-in-black-and-white/209979529-1-black
209979869,adidas Originals Samba OG sneakers with crochet detail in dark brown,adidas Originals,BROWN,110.0,,USD,False,False,False,False,adidas-originals/adidas-originals-samba-og-sneakers-with-crochet-detail-in-dark-brown/prd/209979869#colourWayId-209979881,images.asos-media.com/products/adidas-originals-samba-og-sneakers-with-crochet-detail-in-dark-brown/209979869-1-brown
209980010,adidas Originals Gazelle Lo Pro sneakers in brown and blue,adidas Originals,BROWN,120.0,,USD,False,False,False,False,adidas-originals/adidas-originals-gazelle-lo-pro-sneakers-in-brown-and-blue/prd/209980010#colourWayId-209980011,images.asos-media.com/products/adidas-originals-gazelle-lo-pro-sneakers-in-brown-and-blue/209980010-1-brown
210097070,Calvin Klein real leather double bar sandals in black,Calvin Klein,Black,121.0,,USD,False,False,False,False,calvin-klein/calvin-klein-real-leather-double-bar-sandals-in-black/prd/210097070#colourWayId-210097072,images.asos-media.com/products/calvin-klein-real-leather-double-bar-sandals-in-black/210097070-1-black
210097211,Calvin Klein real leather fisherman sandals in black,Calvin Klein,Black,148.0,,USD,False,False,False,False,calvin-klein/calvin-klein-real-leather-fisherman-sandals-in-black/prd/210097211#colourWayId-210097223,images.asos-media.com/products/calvin-klein-real-leather-fisherman-sandals-in-black/210097211-1-black
210131427,ASOS DESIGN penny loafers with gold-tone snaffles in black,ASOS DESIGN,Black,64.99,,USD,False,False,False,False,asos-design/asos-design-penny-loafers-with-gold-tone-snaffles-in-black/prd/210131427#colourWayId-210131429,images.asos-media.com/products/asos-design-penny-loafers-with-gold-tone-snaffles-in-black/210131427-1-black
210131630,ASOS DESIGN lace up derby shoes in brown,ASOS DESIGN,BROWN,64.99,,USD,False,False,False,False,asos-design/asos-design-lace-up-derby-shoes-in-brown/prd/210131630#colourWayId-210131631,images.asos-media.com/products/asos-design-lace-up-derby-shoes-in-brown/210131630-1-brown
210223964,ASOS DESIGN derby shoes in stone,ASOS DESIGN,STONE,59.99,,USD,False,False,False,False,asos-design/asos-design-derby-shoes-in-stone/prd/210223964#colourWayId-210223970,images.asos-media.com/products/asos-design-derby-shoes-in-stone/210223964-1-stone
209874622,ASOS DESIGN loafers in light gray suede with tassel,ASOS DESIGN,LIGHT GRAY,94.99,,USD,False,False,False,False,asos-design/asos-design-loafers-in-light-gray-suede-with-tassel/prd/209874622#colourWayId-209874627,images.asos-media.com/products/asos-design-loafers-in-light-gray-suede-with-tassel/209874622-1-lightgrey
209879480,ASOS DESIGN cross over strap sandals with buckle detailing in black leather,ASOS DESIGN,Black,64.99,,USD,False,False,False,False,asos-design/asos-design-cross-over-strap-sandals-with-buckle-detailing-in-black-leather/prd/209879480#colourWayId-209879482,images.asos-media.com/products/asos-design-cross-over-strap-sandals-with-buckle-detailing-in-black-leather/209879480-1-black
209880045,ASOS DESIGN cross over strap sandals with buckle detailing in tan leather,ASOS DESIGN,TAN,64.99,,USD,False,False,False,False,asos-design/asos-design-cross-over-strap-sandals-with-buckle-detailing-in-tan-leather/prd/209880045#colourWayId-209880060,images.asos-media.com/products/asos-design-cross-over-strap-sandals-with-buckle-detailing-in-tan-leather/209880045-1-tan
209970703,ASOS DESIGN two tone penny loafers in black and off white leather,ASOS DESIGN,BLACK & WHITE,89.99,,USD,False,False,True,False,asos-design/asos-design-two-tone-penny-loafers-in-black-and-off-white-leather/prd/209970703#colourWayId-209970732,images.asos-media.com/products/asos-design-two-tone-penny-loafers-in-black-and-off-white-leather/209970703-1-blackwhite
210048911,ASOS DESIGN lace up desert boots in brown suede with apron toe,ASOS DESIGN,BROWN,69.99,,USD,False,False,False,False,asos-design/asos-design-lace-up-desert-boots-in-brown-suede-with-apron-toe/prd/210048911#colourWayId-210048912,images.asos-media.com/products/asos-design-lace-up-desert-boots-in-brown-suede-with-apron-toe/210048911-1-brown
210606164,Keen Jasper brushed suede sneakers in yellow,Keen,Yellow and Blue,208.0,,USD,False,False,False,False,keen/keen-jasper-brushed-suede-sneakers-in-yellow/prd/210606164#colourWayId-210606165,images.asos-media.com/products/keen-jasper-brushed-suede-sneakers-in-yellow/210606164-1-yellowandblue
210606174,Keen Uneek WK sneakers in black,Keen,Black/black,208.0,,USD,False,False,False,False,keen/keen-uneek-wk-sneakers-in-black/prd/210606174#colourWayId-210606175,images.asos-media.com/products/keen-uneek-wk-sneakers-in-black/210606174-1-blackblack
210606184,Keen Jasper brushed suede sneakers in beige,Keen,SILVER,208.0,,USD,False,False,False,False,keen/keen-jasper-brushed-suede-sneakers-in-beige/prd/210606184#colourWayId-210606185,images.asos-media.com/products/keen-jasper-brushed-suede-sneakers-in-beige/210606184-1-silver
210606204,Keen Jasper Zionic brushed suede sneakers in beige,Keen,BEIGE,260.0,,USD,False,False,False,False,keen/keen-jasper-zionic-brushed-suede-sneakers-in-beige/prd/210606204#colourWayId-210606205,images.asos-media.com/products/keen-jasper-zionic-brushed-suede-sneakers-in-beige/210606204-1-beige
210606214,Keen Jasper Rocks brushed suede sneakers in stone,Keen,Birch/black,208.0,,USD,False,False,False,False,keen/keen-jasper-rocks-brushed-suede-sneakers-in-stone/prd/210606214#colourWayId-210606215,images.asos-media.com/products/keen-jasper-rocks-brushed-suede-sneakers-in-stone/210606214-1-birchblack
210606260,Keen Uneek sandals in taupe,Keen,Taupe,191.0,,USD,False,False,False,False,keen/keen-uneek-sandals-in-taupe/prd/210606260#colourWayId-210606261,images.asos-media.com/products/keen-uneek-sandals-in-taupe/210606260-1-taupe
210606297,Keen Uneek sandals in black,Keen,Black/black,191.0,,USD,False,False,False,False,keen/keen-uneek-sandals-in-black/prd/210606297#colourWayId-210606298,images.asos-media.com/products/keen-uneek-sandals-in-black/210606297-1-blackblack
209914326,ASOS DESIGN penny loafers with natural sole and embossed weave in stone,ASOS DESIGN,STONE,54.99,,USD,False,False,False,False,asos-design/asos-design-penny-loafers-with-natural-sole-and-embossed-weave-in-stone/prd/209914326#colourWayId-209914334,images.asos-media.com/products/asos-design-penny-loafers-with-natural-sole-and-embossed-weave-in-stone/209914326-1-stone
210047454,ASOS DESIGN two strap sandals with cork soles in light pink bonded suede,ASOS DESIGN,LIGHT PINK,54.99,,USD,False,False,False,False,asos-design/asos-design-two-strap-sandals-with-cork-soles-in-light-pink-bonded-suede/prd/210047454#colourWayId-210047466,images.asos-media.com/products/asos-design-two-strap-sandals-with-cork-soles-in-light-pink-bonded-suede/210047454-1-lightpink
210047456,ASOS DESIGN loafers in taupe,ASOS DESIGN,Taupe,59.99,,USD,False,False,False,False,asos-design/asos-design-loafers-in-taupe/prd/210047456#colourWayId-210047462,images.asos-media.com/products/asos-design-loafers-in-taupe/210047456-1-taupe
210047504,ASOS DESIGN mule sandals with cork soles in sage bonded suede,ASOS DESIGN,SAGE,59.99,,USD,False,False,False,False,asos-design/asos-design-mule-sandals-with-cork-soles-in-sage-bonded-suede/prd/210047504#colourWayId-210047514,images.asos-media.com/products/asos-design-mule-sandals-with-cork-soles-in-sage-bonded-suede/210047504-1-sage
210050769,ASOS DESIGN boat shoe espadrilles in khaki canvas,ASOS DESIGN,Khaki,42.99,,USD,False,False,False,False,asos-design/asos-design-boat-shoe-espadrilles-in-khaki-canvas/prd/210050769#colourWayId-210050773,images.asos-media.com/products/asos-design-boat-shoe-espadrilles-in-khaki-canvas/210050769-1-khaki
210050812,ASOS DESIGN penny loafers with gold snaffle in taupe,ASOS DESIGN,Taupe,64.99,,USD,False,False,False,False,asos-design/asos-design-penny-loafers-with-gold-snaffle-in-taupe/prd/210050812#colourWayId-210050816,images.asos-media.com/products/asos-design-penny-loafers-with-gold-snaffle-in-taupe/210050812-1-taupe
210167257,ASOS DESIGN boot with metal hardware and removable buckle in black,ASOS DESIGN,Black,99.99,,USD,False,False,False,False,asos-design/asos-design-boot-with-metal-hardware-and-removable-buckle-in-black/prd/210167257#colourWayId-210167273,images.asos-media.com/products/asos-design-boot-with-metal-hardware-and-removable-buckle-in-black/210167257-1-black
210047506,ASOS DESIGN mule sandals with cork sole in clay bonded suede,ASOS DESIGN,Teracotta,59.99,,USD,False,False,False,False,asos-design/asos-design-mule-sandals-with-cork-sole-in-clay-bonded-suede/prd/210047506#colourWayId-210047515,images.asos-media.com/products/asos-design-mule-sandals-with-cork-sole-in-clay-bonded-suede/210047506-1-teracotta
210047507,ASOS DESIGN mule sandals with cork sole in brown tumbled bonded leather,ASOS DESIGN,BROWN,59.99,,USD,False,False,False,False,asos-design/asos-design-mule-sandals-with-cork-sole-in-brown-tumbled-bonded-leather/prd/210047507#colourWayId-210047516,images.asos-media.com/products/asos-design-mule-sandals-with-cork-sole-in-brown-tumbled-bonded-leather/210047507-1-brown
210067260,ASOS DESIGN cross over strap sandals in black,ASOS DESIGN,Black,54.99,,USD,False,False,False,False,asos-design/asos-design-cross-over-strap-sandals-in-black/prd/210067260#colourWayId-210067262,images.asos-media.com/products/asos-design-cross-over-strap-sandals-in-black/210067260-1-black
210657443,Mango 100% suede drivers with tonal lacing in tan,Mango,TAN,119.99,,USD,False,False,False,False,mango/mango-100-suede-drivers-with-tonal-lacing-in-tan/prd/210657443#colourWayId-210657449,images.asos-media.com/products/mango-100-suede-drivers-with-tonal-lacing-in-tan/210657443-1-tan
210657544,Mango 100% leather cross strap design sandals with buckle detailing in black,Mango,Black,119.99,,USD,False,False,False,False,mango/mango-100-leather-cross-strap-design-sandals-with-buckle-detailing-in-black/prd/210657544#colourWayId-210657545,images.asos-media.com/products/mango-100-leather-cross-strap-design-sandals-with-buckle-detailing-in-black/210657544-1-black
210657679,Mango 100% suede drivers with grommet detailing in khaki green,Mango,Khaki,119.99,,USD,False,False,False,False,mango/mango-100-suede-drivers-with-grommet-detailing-in-khaki-green/prd/210657679#colourWayId-210657680,images.asos-media.com/products/mango-100-suede-drivers-with-grommet-detailing-in-khaki-green/210657679-1-khaki
209360535,adidas Originals Adistar Control 5 sneakers in gray and blue,adidas Originals,LIGHT GRAY,120.0,,USD,False,False,False,False,adidas-originals/adidas-originals-adistar-control-5-sneakers-in-gray-and-blue/prd/209360535#colourWayId-209360547,images.asos-media.com/products/adidas-originals-adistar-control-5-sneakers-in-gray-and-blue/209360535-1-lightgrey
209448166,ASOS DESIGN penny loafers in tan suede,ASOS DESIGN,TAN,84.99,,USD,False,False,False,False,asos-design/asos-design-penny-loafers-in-tan-suede/prd/209448166#colourWayId-209448170,images.asos-media.com/products/asos-design-penny-loafers-in-tan-suede/209448166-1-tan
209874804,ASOS DESIGN tassel loafers in khaki-green suede,ASOS DESIGN,Khaki,74.99,,USD,False,False,False,False,asos-design/asos-design-tassel-loafers-in-khaki-green-suede/prd/209874804#colourWayId-209874825,images.asos-media.com/products/asos-design-tassel-loafers-in-khaki-green-suede/209874804-1-khaki
210052598,ASOS DESIGN closed fisherman sandals in black leather,ASOS DESIGN,Black,64.99,,USD,False,False,False,False,asos-design/asos-design-closed-fisherman-sandals-in-black-leather/prd/210052598#colourWayId-210052600,images.asos-media.com/products/asos-design-closed-fisherman-sandals-in-black-leather/210052598-1-black
210097305,Calvin Klein real leather cross strap sandals in burgundy,Calvin Klein,Bordeaux/Black,121.0,,USD,False,False,False,False,calvin-klein/calvin-klein-real-leather-cross-strap-sandals-in-burgundy/prd/210097305#colourWayId-210097310,images.asos-media.com/products/calvin-klein-real-leather-cross-strap-sandals-in-burgundy/210097305-1-bordeauxblack
210729998,River Island faux suede penny loafers in brown,River Island,BROWN - DARK,112.0,,USD,False,False,False,False,river-island/river-island-faux-suede-penny-loafers-in-brown/prd/210729998#colourWayId-210730000,images.asos-media.com/products/river-island-faux-suede-penny-loafers-in-brown/210729998-1-browndark
209488011,ASOS DESIGN loafers in tan suede,ASOS DESIGN,TAN,89.99,,USD,False,False,True,False,asos-design/asos-design-loafers-in-tan-suede/prd/209488011#colourWayId-209488015,images.asos-media.com/products/asos-design-loafers-in-tan-suede/209488011-1-tan
209874385,ASOS DESIGN penny loafers in stone suede,ASOS DESIGN,STONE,84.99,,USD,False,False,False,False,asos-design/asos-design-penny-loafers-in-stone-suede/prd/209874385#colourWayId-209874394,images.asos-media.com/products/asos-design-penny-loafers-in-stone-suede/209874385-1-stone
209914308,ASOS DESIGN knit lace up sneakers with white soles,ASOS DESIGN,NAVY,64.99,,USD,False,False,False,False,asos-design/asos-design-knit-lace-up-sneakers-with-white-soles/prd/209914308#colourWayId-209914310,images.asos-media.com/products/asos-design-knit-lace-up-sneakers-with-white-soles/209914308-1-navy
209914325,ASOS DESIGN espadrilles with step down in beige canvas,ASOS DESIGN,BEIGE,34.99,,USD,False,False,False,False,asos-design/asos-design-espadrilles-with-step-down-in-beige-canvas/prd/209914325#colourWayId-209914331,images.asos-media.com/products/asos-design-espadrilles-with-step-down-in-beige-canvas/209914325-1-beige
209914426,ASOS DESIGN espadrilles in brown,ASOS DESIGN,BROWN,29.99,,USD,False,False,False,False,asos-design/asos-design-espadrilles-in-brown/prd/209914426#colourWayId-209914428,images.asos-media.com/products/asos-design-espadrilles-in-brown/209914426-1-brown
209914471,ASOS DESIGN classic strap sandals in khaki green,ASOS DESIGN,Khaki,47.99,,USD,False,False,False,False,asos-design/asos-design-classic-strap-sandals-in-khaki-green/prd/209914471#colourWayId-209914473,images.asos-media.com/products/asos-design-classic-strap-sandals-in-khaki-green/209914471-1-khaki
209916262,ASOS DESIGN mule loafers with tassels in embossed brown,ASOS DESIGN,BROWN,64.99,,USD,False,False,False,False,asos-design/asos-design-mule-loafers-with-tassels-in-embossed-brown/prd/209916262#colourWayId-209916268,images.asos-media.com/products/asos-design-mule-loafers-with-tassels-in-embossed-brown/209916262-1-brown
209916287,ASOS DESIGN espadrilles with raffia toe caps in light brown canvas,ASOS DESIGN,LIGHT BROWN,34.99,,USD,False,False,False,False,asos-design/asos-design-espadrilles-with-raffia-toe-caps-in-light-brown-canvas/prd/209916287#colourWayId-209916300,images.asos-media.com/products/asos-design-espadrilles-with-raffia-toe-caps-in-light-brown-canvas/209916287-1-lightbrown
209970870,ASOS DESIGN paneled sneakers in white and beige,ASOS DESIGN,White & Beige,64.99,,USD,False,False,False,False,asos-design/asos-design-paneled-sneakers-in-white-and-beige/prd/209970870#colourWayId-209970875,images.asos-media.com/products/asos-design-paneled-sneakers-in-white-and-beige/209970870-1-whitebeige
209971045,ASOS DESIGN fisherman sandals with buckle detailing in black,ASOS DESIGN,Black,49.99,,USD,False,False,False,False,asos-design/asos-design-fisherman-sandals-with-buckle-detailing-in-black/prd/209971045#colourWayId-209971071,images.asos-media.com/products/asos-design-fisherman-sandals-with-buckle-detailing-in-black/209971045-1-black
209971134,ASOS DESIGN espadrilles in woven off-white natural,ASOS DESIGN,Off-white,37.99,,USD,False,False,False,False,asos-design/asos-design-espadrilles-in-woven-off-white-natural/prd/209971134#colourWayId-209971135,images.asos-media.com/products/asos-design-espadrilles-in-woven-off-white-natural/209971134-1-offwhite
210050700,ASOS DESIGN penny loafers in woven natural,ASOS DESIGN,NATURAL,64.99,,USD,False,False,False,False,asos-design/asos-design-penny-loafers-in-woven-natural/prd/210050700#colourWayId-210050722,images.asos-media.com/products/asos-design-penny-loafers-in-woven-natural/210050700-1-natural
210050766,ASOS DESIGN two tone penny loafers with raffia detailing in black and cream,ASOS DESIGN,Black & Cream,64.99,,USD,False,False,False,False,asos-design/asos-design-two-tone-penny-loafers-with-raffia-detailing-in-black-and-cream/prd/210050766#colourWayId-210050775,images.asos-media.com/products/asos-design-two-tone-penny-loafers-with-raffia-detailing-in-black-and-cream/210050766-1-blackcream
210052285,ASOS DESIGN runner sneakers in white and silver,ASOS DESIGN,White And Silver,74.99,,USD,False,False,False,False,asos-design/asos-design-runner-sneakers-in-white-and-silver/prd/210052285#colourWayId-210052293,images.asos-media.com/products/asos-design-runner-sneakers-in-white-and-silver/210052285-1-whiteandsilver
210067336,ASOS DESIGN two strap sandals with western buckles in black,ASOS DESIGN,Black,54.99,,USD,False,False,False,False,asos-design/asos-design-two-strap-sandals-with-western-buckles-in-black/prd/210067336#colourWayId-210067337,images.asos-media.com/products/asos-design-two-strap-sandals-with-western-buckles-in-black/210067336-1-black
