id_unico,valor_real,prediccion_dummy_regressor,error_dummy_regressor,prediccion_regresion_lineal,error_regresion_lineal,prediccion_random_forest,error_random_forest,prediccion_histgradientboosting,error_histgradientboosting
ASOS_207394233,65.25,59.64462439024389,5.605375609756109,64.63788877841824,0.6121112215817561,66.07133354375885,0.821333543758854,63.432113677424915,1.8178863225750845
ASOS_207394233,65.25,59.64462439024389,5.605375609756109,64.7278653719033,0.5221346280966941,65.95562244442206,0.7056224444220618,63.50388206550334,1.7461179344966595
ASOS_207394233,65.25,59.64462439024389,5.605375609756109,64.6907830431739,0.5592169568261056,65.90887342952475,0.6588734295247463,63.49764148943085,1.7523585105691524
ASOS_207394233,65.25,59.64462439024389,5.605375609756109,64.63788892231065,0.6121110776893488,66.23586576570217,0.9858657657021723,63.432113677424915,1.8178863225750845
ASOS_207394233,65.25,59.64462439024389,5.605375609756109,64.70214605223605,0.5478539477639544,65.85346371165376,0.6034637116537596,63.49355607553085,1.7564439244691528
ASOS_210958783,51.83,59.64462439024389,7.8146243902438925,51.85829517934488,0.02829517934488024,48.75877310542337,3.0712268945766255,50.25124213376154,1.5787578662384618
ASOS_210958783,43.5,59.64462439024389,16.14462439024389,43.494502154809325,0.005497845190674866,40.99952029036014,2.500479709639862,41.70804455396464,1.7919554460353595
ASOS_210958783,43.5,59.64462439024389,16.14462439024389,43.45741982607992,0.04258017392007929,40.92777213887849,2.5722278611215117,41.70804455396464,1.7919554460353595
ASOS_210958783,51.83,59.64462439024389,7.8146243902438925,51.858295323237286,0.028295323237287562,48.592230718644686,3.2377692813553125,50.20572112315564,1.6242788768443575
ASOS_210958783,31.0,59.64462439024389,28.64462439024389,30.991386372399916,0.008613627600084328,30.013707242972153,0.9862927570278472,28.413915817845954,2.586084182154046
ASOS_210442536,64.25,59.64462439024389,4.605375609756109,64.20862488871909,0.04137511128091376,63.061508553804316,1.188491446195684,64.24978637974681,0.00021362025319149325
ASOS_210442536,64.25,59.64462439024389,4.605375609756109,64.29860148220415,0.04860148220414828,63.00109596259687,1.248904037403129,64.14048365154687,0.10951634845312697
ASOS_210442536,64.25,59.64462439024389,4.605375609756109,64.26151915347474,0.011519153474736754,63.06165919511004,1.188340804889961,64.13938591776483,0.11061408223517333
ASOS_210442536,64.25,59.64462439024389,4.605375609756109,64.2086250326115,0.041374967388506434,63.00306936788803,1.2469306321119689,64.18869814346299,0.06130185653701403
ASOS_210442536,64.25,59.64462439024389,4.605375609756109,64.27288216253689,0.022882162536888018,63.15347935861835,1.0965206413816517,64.18895913791208,0.061040862087921255
ASOS_211284470,57.25,59.64462439024389,2.394624390243891,57.20891434913821,0.04108565086178828,57.85913963922047,0.6091396392204729,57.146542416458274,0.10345758354172574
ASOS_211284470,57.25,59.64462439024389,2.394624390243891,57.29889094262327,0.04889094262326665,57.82340627962748,0.573406279627477,57.04688574203837,0.20311425796163007
ASOS_211284470,57.25,59.64462439024389,2.394624390243891,57.26180861389385,0.011808613893848019,57.72420311819404,0.4742031181940405,57.110734660765026,0.1392653392349743
ASOS_211284470,57.25,59.64462439024389,2.394624390243891,57.20891449303061,0.041085506969388064,57.758399143848834,0.508399143848834,57.14962425210261,0.10037574789738812
ASOS_211284470,57.25,59.64462439024389,2.394624390243891,57.273171622956,0.023171622955999283,57.85568013999865,0.6056801399986469,57.11310941031858,0.1368905896814212
ASOS_210576226,52.5,59.64462439024389,7.144624390243891,52.45856050602645,0.041439493973548736,52.57667472329883,0.0766747232988294,52.47378397057009,0.026216029429910748
ASOS_210576226,52.5,59.64462439024389,7.144624390243891,52.5485370995115,0.04853709951149909,52.194470509913565,0.3055294900864354,52.4803951465662,0.019604853433797587
ASOS_210576226,52.5,59.64462439024389,7.144624390243891,52.51145477078209,0.011454770782087564,52.267827891819216,0.2321721081807837,52.4803951465662,0.019604853433797587
ASOS_210576226,52.5,59.64462439024389,7.144624390243891,52.45856064991886,0.04143935008114141,52.44898911172714,0.05101088827286304,52.47378397057009,0.026216029429910748
ASOS_210576226,52.5,59.64462439024389,7.144624390243891,52.52281777984424,0.022817779844238828,51.57731185139845,0.9226881486015515,52.446782450829154,0.05321754917084576
ASOS_210651992,41.5,59.64462439024389,18.14462439024389,41.933240122092016,0.4332401220920161,41.68226734534687,0.1822673453468724,41.592473594327764,0.09247359432776392
ASOS_210651992,49.83,59.64462439024389,9.814624390243893,48.927880593014756,0.9021194069852427,49.618058014257365,0.21194198574263368,49.622323285699444,0.207676714300554
ASOS_210651992,41.5,59.64462439024389,18.14462439024389,41.98613438684765,0.4861343868476524,41.7410449037898,0.24104490378979904,41.45499392185233,0.04500607814767221
ASOS_210651992,41.5,59.64462439024389,18.14462439024389,41.93324026598441,0.43324026598440923,41.476171639652,0.023828360347998512,41.097989948088916,0.4020100519110841
ASOS_210651992,54.0,59.64462439024389,5.644624390243891,53.549478495096245,0.45052150490375453,53.202294105241165,0.7977058947588347,54.31355880271979,0.31355880271978975
ASOS_210442617,64.25,59.64462439024389,4.605375609756109,64.20863491920842,0.041365080791578634,63.073068062559905,1.176931937440095,64.24978637974681,0.00021362025319149325
ASOS_210442617,64.25,59.64462439024389,4.605375609756109,64.29861151269347,0.048611512693469194,63.12103779290826,1.128962207091739,64.14048365154687,0.10951634845312697
ASOS_210442617,64.25,59.64462439024389,4.605375609756109,64.26152918396406,0.011529183964057665,63.184836677694804,1.065163322305196,64.13938591776483,0.11061408223517333
ASOS_210442617,64.25,59.64462439024389,4.605375609756109,64.20863506310081,0.04136493689918552,63.07757088861951,1.172429111380488,64.18869814346299,0.06130185653701403
ASOS_210442617,64.25,59.64462439024389,4.605375609756109,64.27289219302621,0.02289219302620893,63.21543539454946,1.0345646054505409,64.18895913791208,0.061040862087921255
ASOS_210457607,69.25,59.64462439024389,9.60537560975611,69.2085595291808,0.04144047081919666,68.2136765089764,1.0363234910235946,68.19405617343821,1.055943826561787
ASOS_210457607,69.25,59.64462439024389,9.60537560975611,69.29853612266585,0.04853612266585117,68.27006373001157,0.9799362699884284,68.18952505914721,1.0604749408527852
ASOS_210457607,69.25,59.64462439024389,9.60537560975611,69.26145379393644,0.011453793936439638,68.28373542576327,0.9662645742367317,68.16394207185084,1.0860579281491596
ASOS_210457607,69.25,59.64462439024389,9.60537560975611,69.20855967307321,0.04144032692678934,68.16768021556085,1.0823197844391501,68.19405617343821,1.055943826561787
ASOS_210457607,69.25,59.64462439024389,9.60537560975611,69.27281680299859,0.0228168029985909,68.33814204861642,0.9118579513835812,68.17160332998542,1.078396670014584
ASOS_210499927,47.5,59.64462439024389,12.14462439024389,47.45858055530486,0.04141944469513703,47.57087657332014,0.07087657332014174,47.47279461187046,0.027205388129537766
ASOS_210499927,47.5,59.64462439024389,12.14462439024389,47.54855714878991,0.0485571487899108,47.608565905718834,0.10856590571883373,47.52843360051704,0.028433600517040247
ASOS_210499927,47.5,59.64462439024389,12.14462439024389,47.511474820060506,0.011474820060506374,47.494719086276795,0.0052809137232046055,47.473959644649746,0.026040355350254174
ASOS_210499927,47.5,59.64462439024389,12.14462439024389,47.45858069919726,0.041419300802736814,47.630248580723226,0.13024858072322587,47.476572754565126,0.023427245434874067
ASOS_210499927,47.5,59.64462439024389,12.14462439024389,47.52283782912266,0.022837829122657638,47.62244286829637,0.12244286829636764,47.504197445903664,0.004197445903663777
ASOS_210672078,41.5,59.64462439024389,18.14462439024389,41.933239824518154,0.4332398245181537,41.90381677035331,0.4038167703533091,41.63465972337813,0.13465972337812815
ASOS_210672078,49.83,59.64462439024389,9.814624390243893,48.92788029544089,0.9021197045591052,50.043055090125954,0.21305509012595536,49.531537222933494,0.29846277706650426
ASOS_210672078,41.5,59.64462439024389,18.14462439024389,41.98613408927379,0.48613408927379,41.968534032592444,0.4685340325924443,41.49060627863104,0.009393721368958552
ASOS_210672078,41.5,59.64462439024389,18.14462439024389,41.93323996841055,0.4332399684105468,41.81300297855351,0.3130029785535129,41.13360230486763,0.3663976951323704
ASOS_210672078,54.0,59.64462439024389,5.644624390243891,53.54947819752238,0.450521802477617,53.48603749845219,0.5139625015478089,54.2422447474328,0.24224474743279956
ASOS_210575933,52.5,59.64462439024389,7.144624390243891,52.458569648144305,0.04143035185569488,52.4816237055588,0.018376294441196706,52.5364300024976,0.0364300024976032
ASOS_210575933,52.5,59.64462439024389,7.144624390243891,52.54854624162935,0.04854624162935295,52.27255082450019,0.2274491754998067,52.49232500075092,0.007674999249083214
ASOS_210575933,52.5,59.64462439024389,7.144624390243891,52.51146391289994,0.01146391289994142,52.28800363439173,0.21199636560827173,52.49232500075092,0.007674999249083214
ASOS_210575933,52.5,59.64462439024389,7.144624390243891,52.45856979203671,0.04143020796328756,52.47619148917422,0.023808510825780616,52.5364300024976,0.0364300024976032
ASOS_210575933,52.5,59.64462439024389,7.144624390243891,52.52282692196209,0.022826921962092683,51.640208299746014,0.8597917002539859,52.510457392788595,0.010457392788595143
ASOS_210262394,69.25,59.64462439024389,9.60537560975611,69.20856381427578,0.041436185724222696,68.77697361844271,0.4730263815572897,69.25421911161061,0.004219111610609616
ASOS_210262394,69.25,59.64462439024389,9.60537560975611,69.29854040776083,0.04854040776082513,68.77648141118902,0.4735185888109754,69.22606860363516,0.023931396364844204
ASOS_210262394,69.25,59.64462439024389,9.60537560975611,69.26145807903141,0.011458079031413604,68.86706608180933,0.38293391819067324,69.22606860363516,0.023931396364844204
ASOS_210262394,69.25,59.64462439024389,9.60537560975611,69.20856395816817,0.041436041831829584,68.70493167379423,0.5450683262057652,69.25421911161061,0.004219111610609616
ASOS_210262394,69.25,59.64462439024389,9.60537560975611,69.27282108809356,0.022821088093564867,68.77497391752345,0.4750260824765462,69.24372602299981,0.0062739770001911666
ASOS_210457228,69.25,59.64462439024389,9.60537560975611,69.20857429384233,0.04142570615766772,68.74047387653572,0.5095261234642834,69.46948832195211,0.2194883219521131
ASOS_210457228,69.25,59.64462439024389,9.60537560975611,69.29855088732738,0.04855088732738011,68.81895390123167,0.4310460987683342,69.43321691404915,0.1832169140491544
ASOS_210457228,69.25,59.64462439024389,9.60537560975611,69.26146855859797,0.011468558597968581,68.9132513446594,0.3367486553405996,69.42697633797665,0.17697633797665446
ASOS_210457228,69.25,59.64462439024389,9.60537560975611,69.20857443773474,0.041425562265260396,68.75529324710162,0.49470675289838084,69.46948832195211,0.2194883219521131
ASOS_210457228,69.25,59.64462439024389,9.60537560975611,69.27283156766012,0.022831567660119845,68.80467615350355,0.44532384649644996,69.4440733738385,0.1940733738385063
ASOS_210576228,58.83,59.64462439024389,0.8146243902438925,58.85832244995562,0.02832244995562405,57.84029692437987,0.9897030756201275,58.693233315516125,0.13676668448387375
ASOS_210576228,50.5,59.64462439024389,9.14462439024389,50.49452942542007,0.0054705745799310534,50.55189134483616,0.051891344836157316,50.54370374949804,0.04370374949804301
ASOS_210576228,50.5,59.64462439024389,9.14462439024389,50.45744709669066,0.04255290330934258,50.56738513188268,0.06738513188268058,50.54370374949804,0.04370374949804301
ASOS_210576228,58.83,59.64462439024389,0.8146243902438925,58.85832259384803,0.028322593848031374,57.77973033088754,1.0502696691124598,58.699498473612174,0.13050152638782464
ASOS_210576228,38.0,59.64462439024389,21.64462439024389,37.99141364301066,0.008586356989340516,39.30094221519284,1.3009422151928405,38.06537896856202,0.06537896856202252
ASOS_209792240,62.25,59.64462439024389,2.605375609756109,62.20863092094957,0.0413690790504333,63.782812036335585,1.532812036335585,62.392778613464856,0.14277861346485565
ASOS_209792240,62.25,59.64462439024389,2.605375609756109,62.298607514434615,0.04860751443461453,63.65472034094802,1.4047203409480176,62.42381892595984,0.17381892595984283
ASOS_209792240,62.25,59.64462439024389,2.605375609756109,62.2615251857052,0.011525185705203,63.61825931733645,1.3682593173364523,62.42381892595984,0.17381892595984283
ASOS_209792240,62.25,59.64462439024389,2.605375609756109,62.20863106484197,0.04136893515803308,63.84879176890026,1.5987917689002629,62.392778613464856,0.14277861346485565
ASOS_209792240,62.25,59.64462439024389,2.605375609756109,62.272888194767354,0.022888194767354264,63.55654599417315,1.306545994173149,62.50080499060419,0.2508049906041876
ASOS_209792242,46.83,59.64462439024389,12.814624390243893,46.8583067822465,0.02830678224650285,47.86378957226153,1.033789572261533,46.902967831377424,0.0729678313774258
ASOS_209792242,38.5,59.64462439024389,21.14462439024389,38.49451375771095,0.005486242289052257,40.133289965144925,1.6332899651449253,38.69730160151544,0.1973016015154414
ASOS_209792242,38.5,59.64462439024389,21.14462439024389,38.457431428981536,0.042568571018463786,40.16801751261935,1.6680175126193504,38.69730160151544,0.1973016015154414
ASOS_209792242,46.83,59.64462439024389,12.814624390243893,46.858306926138894,0.02830692613889596,47.608328783436605,0.7783287834366064,46.863344504948266,0.033344504948267684
ASOS_209792242,26.0,59.64462439024389,33.64462439024389,25.99139797530154,0.008602024698461719,29.95649916100316,3.9564991610031583,26.414561310108148,0.414561310108148
ASOS_211220651,49.83,59.64462439024389,9.814624390243893,49.858302896843455,0.028302896843456438,48.53351364643401,1.2964863535659887,49.856525965378125,0.026525965378127125
ASOS_211220651,41.5,59.64462439024389,18.14462439024389,41.49450987230791,0.005490127692091562,40.98332311521955,0.5166768847804519,42.22982017280345,0.7298201728034499
ASOS_211220651,41.5,59.64462439024389,18.14462439024389,41.4574275435785,0.04257245642150309,41.122685499661955,0.3773145003380449,42.22982017280345,0.7298201728034499
ASOS_211220651,49.83,59.64462439024389,9.814624390243893,49.858303040735855,0.028303040735856655,48.38775232523531,1.4422476747646868,49.81100495477223,0.018995045227768514
ASOS_211220651,29.0,59.64462439024389,30.64462439024389,28.991394089898492,0.00860591010150813,30.392203328765767,1.392203328765767,28.133130320378786,0.8668696796212139
ASOS_202494672,60.83,59.64462439024389,1.1853756097561075,60.857696066565396,0.02769606656539736,53.20696547888936,7.62303452111064,54.07713429417241,6.752865705827588
ASOS_202494672,52.5,59.64462439024389,7.144624390243891,52.49390304202984,0.006096957970157746,46.05405564556405,6.445944354435952,45.52371033812022,6.9762896618797825
ASOS_202494672,52.5,59.64462439024389,7.144624390243891,52.45682071330043,0.043179286699569275,46.04148664114612,6.458513358853878,45.52371033812022,6.9762896618797825
ASOS_202494672,60.83,59.64462439024389,1.1853756097561075,60.8576962104578,0.027696210457804682,53.093123990795746,7.736876009204252,54.08303197834915,6.746968021650851
ASOS_202494672,40.0,59.64462439024389,19.64462439024389,39.99078725962042,0.009212740379581419,35.01017949818157,4.9898205018184285,33.854620639342954,6.145379360657046
ASOS_207985354,57.25,59.64462439024389,2.394624390243891,57.20862350713294,0.0413764928670588,61.59648508300368,4.346485083003678,57.95231878651617,0.7023187865161731
ASOS_207985354,57.25,59.64462439024389,2.394624390243891,57.29860010061799,0.04860010061798903,61.73618563915034,4.486185639150342,57.86416587080008,0.614165870800079
ASOS_207985354,57.25,59.64462439024389,2.394624390243891,57.26151777188858,0.0115177718885775,61.69523192377854,4.445231923778543,57.919527270131404,0.6695272701314039
ASOS_207985354,57.25,59.64462439024389,2.394624390243891,57.20862365102534,0.04137634897465858,61.64597149387984,4.395971493879841,57.891230550232336,0.6412305502323363
ASOS_207985354,57.25,59.64462439024389,2.394624390243891,57.27288078095073,0.022880780950728763,61.70433552673528,4.454335526735278,57.93710245999391,0.6871024599939091
ASOS_210555072,40.5,59.64462439024389,19.14462439024389,40.449666838826516,0.05033316117348363,40.43056610363955,0.06943389636045083,37.49925009647561,3.0007499035243868
ASOS_210555072,40.5,59.64462439024389,19.14462439024389,40.539643432311564,0.0396434323115642,39.521444247657314,0.978555752342686,37.591367127454426,2.9086328725455743
ASOS_210555072,40.5,59.64462439024389,19.14462439024389,40.50256110358215,0.0025611035821526684,39.57298655206075,0.9270134479392524,37.51462901613003,2.98537098386997
ASOS_210555072,40.5,59.64462439024389,19.14462439024389,40.44966698271892,0.050333017281083414,40.569462083082705,0.06946208308270485,37.48143042279999,3.0185695772000116
ASOS_210555072,40.5,59.64462439024389,19.14462439024389,40.5139241126443,0.013924112644296827,39.04550145972105,1.4544985402789479,37.62753901836736,2.872460981632642
ASOS_210555150,40.5,59.64462439024389,19.14462439024389,40.45857981390383,0.041420186096168266,40.65665130078038,0.15665130078038203,40.50837493238484,0.00837493238483944
ASOS_210555150,40.5,59.64462439024389,19.14462439024389,40.54855640738889,0.04855640738888667,39.81837923712321,0.6816207628767899,40.62632685549505,0.1263268554950514
ASOS_210555150,40.5,59.64462439024389,19.14462439024389,40.511474078659475,0.01147407865947514,39.880021439624535,0.6199785603754648,40.55636784788204,0.05636784788204352
ASOS_210555150,40.5,59.64462439024389,19.14462439024389,40.45857995779623,0.04142004220376805,40.71485432748605,0.2148543274860515,40.495710142703736,0.004289857296264188
ASOS_210555150,40.5,59.64462439024389,19.14462439024389,40.52283708772161,0.022837087721612193,39.20805875914875,1.2919412408512514,40.611830397679924,0.11183039767992398
ASOS_210555183,67.25,59.64462439024389,7.605375609756109,67.2081088776462,0.04189112235380321,66.6413957525419,0.6086042474581035,67.15921638373378,0.09078361626622211
ASOS_210555183,67.25,59.64462439024389,7.605375609756109,67.29808547113124,0.04808547113124462,66.65633036570682,0.5936696342931782,67.18283612526932,0.06716387473068153
ASOS_210555183,67.25,59.64462439024389,7.605375609756109,67.26100314240183,0.011003142401833088,66.63069314014705,0.619306859852955,67.11397485143836,0.13602514856164305
ASOS_210555183,67.25,59.64462439024389,7.605375609756109,67.2081090215386,0.04189097846139589,66.72615069324902,0.5238493067509751,67.20763983033649,0.042360169663510305
ASOS_210555183,67.25,59.64462439024389,7.605375609756109,67.27236615146398,0.02236615146398435,66.6123923947081,0.6376076052919046,67.30270757237173,0.052707572371730294
ASOS_209874359,52.5,59.64462439024389,7.144624390243891,52.45854897007099,0.04145102992900718,52.6655413070395,0.1655413070394971,52.47894926489108,0.02105073510892197
ASOS_209874359,52.5,59.64462439024389,7.144624390243891,52.54852556355605,0.04852556355604776,52.255951420317885,0.24404857968211502,52.43484426314439,0.06515573685560838
ASOS_209874359,52.5,59.64462439024389,7.144624390243891,52.51144323482663,0.011443234826629123,52.248855049594916,0.25114495040508444,52.43484426314439,0.06515573685560838
ASOS_209874359,52.5,59.64462439024389,7.144624390243891,52.4585491139634,0.041450886036599854,52.557170911157314,0.05717091115731421,52.47894926489108,0.02105073510892197
ASOS_209874359,52.5,59.64462439024389,7.144624390243891,52.52280624388879,0.022806243888787492,51.58757288417382,0.9124271158261834,52.46112765034266,0.0388723496573391
ASOS_209874625,52.5,59.64462439024389,7.144624390243891,52.458567904874194,0.041432095125806256,52.46799198997529,0.0320080100247111,52.5364300024976,0.0364300024976032
ASOS_209874625,52.5,59.64462439024389,7.144624390243891,52.54854449835925,0.04854449835924868,52.25880628971243,0.2411937102875683,52.49232500075092,0.007674999249083214
ASOS_209874625,52.5,59.64462439024389,7.144624390243891,52.51146216962984,0.011462169629837149,52.28552859949234,0.21447140050766222,52.49232500075092,0.007674999249083214
ASOS_209874625,52.5,59.64462439024389,7.144624390243891,52.4585680487666,0.041431951233398934,52.45344487740281,0.046555122597190746,52.5364300024976,0.0364300024976032
ASOS_209874625,52.5,59.64462439024389,7.144624390243891,52.52282517869199,0.022825178691988413,51.65442750226047,0.845572497739532,52.510457392788595,0.010457392788595143
ASOS_210223748,74.25,59.64462439024389,14.60537560975611,74.20858696247899,0.041413037521010665,73.9296813527246,0.3203186472753998,74.26859646249757,0.018596462497569632
ASOS_210223748,74.25,59.64462439024389,14.60537560975611,74.29856355596404,0.048563555964037164,74.04812312890435,0.20187687109564934,74.18600535834533,0.0639946416546735
ASOS_210223748,74.25,59.64462439024389,14.60537560975611,74.26148122723463,0.011481227234625635,73.91638226641005,0.3336177335899464,74.18377275090268,0.06622724909732369
ASOS_210223748,74.25,59.64462439024389,14.60537560975611,74.20858710637138,0.04141289362861755,73.99792617282341,0.2520738271765879,74.27658703421956,0.02658703421955977
ASOS_210223748,74.25,59.64462439024389,14.60537560975611,74.27284423629678,0.0228442362967769,73.9343257188788,0.3156742811212041,74.23756219264865,0.012437807351346919
ASOS_210535631,51.83,59.64462439024389,7.8146243902438925,51.858669498355376,0.028669498355377243,51.357856935929846,0.4721430640701527,49.09552345618367,2.734476543816328
ASOS_210535631,43.5,59.64462439024389,16.14462439024389,43.49487647381983,0.0051235261801707566,43.91141276174008,0.4114127617400811,39.98515180019525,3.514848199804753
ASOS_210535631,43.5,59.64462439024389,16.14462439024389,43.45779414509042,0.042205854909582285,44.0566801144573,0.5566801144573006,39.98515180019525,3.514848199804753
ASOS_210535631,51.83,59.64462439024389,7.8146243902438925,51.85866964224778,0.028669642247784566,51.205831748362215,0.6241682516377836,49.0930281066631,2.7369718933369
ASOS_210535631,31.0,59.64462439024389,28.64462439024389,30.991760691410413,0.008239308589587324,32.54181095514397,1.5418109551439727,27.95840067071381,3.041599329286189
ASOS_210899776,40.5,59.64462439024389,19.14462439024389,40.458063557178384,0.04193644282161557,41.13166210061794,0.6316621006179375,40.591106401858525,0.09110640185852503
ASOS_210899776,40.5,59.64462439024389,19.14462439024389,40.54804015066344,0.04804015066343936,40.67141082882229,0.17141082882228886,40.60053495740133,0.10053495740132945
ASOS_210899776,40.5,59.64462439024389,19.14462439024389,40.51095782193403,0.010957821934027834,40.69831019021238,0.19831019021238205,40.60053495740133,0.10053495740132945
ASOS_210899776,40.5,59.64462439024389,19.14462439024389,40.458063701070785,0.041936298929215354,41.146900479281676,0.6469004792816762,40.591106401858525,0.09110640185852503
ASOS_210899776,40.5,59.64462439024389,19.14462439024389,40.52232083099617,0.022320830996171992,40.14333889927299,0.35666110072700974,40.638109397601816,0.1381093976018164
ASOS_211192447,43.5,59.64462439024389,16.14462439024389,43.458564019961074,0.041435980038926346,42.54600950461916,0.9539904953808431,43.468838817206986,0.03116118279301361
ASOS_211192447,43.5,59.64462439024389,16.14462439024389,43.54854061344612,0.04854061344612148,42.19884490708049,1.3011550929195081,43.468838817206986,0.03116118279301361
ASOS_211192447,43.5,59.64462439024389,16.14462439024389,43.51145828471671,0.011458284716709954,42.21823853838875,1.2817614616112465,43.468838817206986,0.03116118279301361
ASOS_211192447,43.5,59.64462439024389,16.14462439024389,43.45856416385347,0.041435836146533234,42.66239916856876,0.8376008314312386,43.468838817206986,0.03116118279301361
ASOS_211192447,43.5,59.64462439024389,16.14462439024389,43.52282129377886,0.022821293778861218,41.38534801952365,2.114651980476353,43.464816177435445,0.0351838225645551
ASOS_210223953,69.25,59.64462439024389,9.60537560975611,69.20859076375349,0.041409236246508385,69.80536967122319,0.5553696712231897,69.31695406531155,0.06695406531154902
ASOS_210223953,69.25,59.64462439024389,9.60537560975611,69.29856735723854,0.048567357238539444,69.70925761940782,0.45925761940782195,69.33103950749546,0.0810395074954613
ASOS_210223953,69.25,59.64462439024389,9.60537560975611,69.26148502850913,0.011485028509127915,69.64043402915947,0.390434029159465,69.32479893142296,0.07479893142296135
ASOS_210223953,69.25,59.64462439024389,9.60537560975611,69.20859090764588,0.04140909235411527,69.80211716839634,0.552117168396336,69.32494463703354,0.07494463703353915
ASOS_210223953,69.25,59.64462439024389,9.60537560975611,69.27284803757128,0.02284803757127918,69.76476023363675,0.5147602336367498,69.18127181800763,0.06872818199236974
ASOS_210915330,40.5,59.64462439024389,19.14462439024389,40.458571847592495,0.04142815240750508,41.289727325693384,0.7897273256933843,40.52937776098727,0.029377760987273405
ASOS_210915330,40.5,59.64462439024389,19.14462439024389,40.54854844107755,0.04854844107754985,40.83037867955124,0.330378679551238,40.525810531270054,0.025810531270053616
ASOS_210915330,40.5,59.64462439024389,19.14462439024389,40.51146611234814,0.011466112348138324,40.79196590997155,0.2919659099715517,40.525810531270054,0.025810531270053616
ASOS_210915330,40.5,59.64462439024389,19.14462439024389,40.4585719914849,0.04142800851509776,41.34031988919526,0.840319889195257,40.52937776098727,0.029377760987273405
ASOS_210915330,40.5,59.64462439024389,19.14462439024389,40.52282912141028,0.022829121410282482,40.25426578429573,0.24573421570426746,40.50594008194776,0.005940081947763076
ASOS_210519164,35.5,59.64462439024389,24.14462439024389,35.4495904609141,0.05040953908589785,39.50880444643963,4.008804446439633,38.97484763010994,3.4748476301099416
ASOS_210519164,35.5,59.64462439024389,24.14462439024389,35.53956705439916,0.03956705439915709,38.366908952832645,2.8669089528326452,39.06621854555754,3.5662185455575397
ASOS_210519164,35.5,59.64462439024389,24.14462439024389,35.502484725669746,0.0024847256697455578,38.34957747855288,2.849577478552881,39.12199327801864,3.6219932780186426
ASOS_210519164,35.5,59.64462439024389,24.14462439024389,35.4495906048065,0.05040939519349763,39.5890121011683,4.089012101168301,38.974257615906815,3.474257615906815
ASOS_210519164,35.5,59.64462439024389,24.14462439024389,35.51384773473188,0.01384773473188261,38.10341362143848,2.6034136214384773,38.917138625713584,3.4171386257135836
ASOS_209976219,51.83,59.64462439024389,7.8146243902438925,51.85826371324408,0.028263713244079725,51.84301491874704,0.013014918747039417,51.81711231421409,0.01288768578590549
ASOS_209976219,43.5,59.64462439024389,16.14462439024389,43.49447068870853,0.005529311291468275,43.93293590602916,0.432935906029158,43.52725917694945,0.02725917694944968
ASOS_209976219,43.5,59.64462439024389,16.14462439024389,43.45738835997912,0.042611640020879804,43.963554541738716,0.46355454173871635,43.52725917694945,0.02725917694944968
ASOS_209976219,51.83,59.64462439024389,7.8146243902438925,51.858263857136485,0.028263857136487047,51.66260612375558,0.16739387624441804,51.82300999839083,0.006990001609167962
ASOS_209976219,31.0,59.64462439024389,28.64462439024389,30.99135490629912,0.00864509370088129,32.59171364609912,1.591713646099123,31.578773565384918,0.5787735653849175
ASOS_210899885,46.83,59.64462439024389,12.814624390243893,46.85831577811052,0.028315778110524548,47.35124236132552,0.5212423613255197,46.753908310346816,0.07609168965318247
ASOS_210899885,38.5,59.64462439024389,21.14462439024389,38.49452275357498,0.005477246425023452,40.200995899108875,1.7009958991088752,38.86359339983963,0.3635933998396297
ASOS_210899885,38.5,59.64462439024389,21.14462439024389,38.457440424845565,0.04255957515443498,40.08006209972177,1.580062099721772,38.86359339983963,0.3635933998396297
ASOS_210899885,46.83,59.64462439024389,12.814624390243893,46.858315922002916,0.02831592200291766,46.93631640587985,0.10631640587985203,46.70838729974092,0.12161270025907811
ASOS_210899885,26.0,59.64462439024389,33.64462439024389,25.991406971165567,0.008593028834432914,30.575037392729666,4.575037392729666,26.674886475753166,0.6748864757531656
ASOS_209614505,45.5,59.64462439024389,14.14462439024389,45.45854241411158,0.04145758588842341,47.801757290099246,2.3017572900992462,45.41338630191517,0.08661369808483244
ASOS_209614505,45.5,59.64462439024389,14.14462439024389,45.548519007596624,0.04851900759662442,46.30142368259963,0.8014236825996335,45.41841743973858,0.08158256026141686
ASOS_209614505,45.5,59.64462439024389,14.14462439024389,45.51143667886721,0.01143667886721289,46.26859784688499,0.7685978468849868,45.40088349131449,0.09911650868551192
ASOS_209614505,45.5,59.64462439024389,14.14462439024389,45.45854255800397,0.0414574419960303,47.874756146012835,2.3747561460128352,45.41338630191517,0.08661369808483244
ASOS_209614505,45.5,59.64462439024389,14.14462439024389,45.522799687929364,0.022799687929364154,44.97797159269895,0.5220284073010504,45.45514434873893,0.0448556512610665
ASOS_209816019,69.25,59.64462439024389,9.60537560975611,69.20857967006053,0.04142032993946998,68.50557059622564,0.7444294037743617,68.57182715182547,0.6781728481745262
ASOS_209816019,69.25,59.64462439024389,9.60537560975611,69.29855626354558,0.04855626354557785,68.6152916718555,0.6347083281444981,68.55516451963682,0.6948354803631815
ASOS_209816019,69.25,59.64462439024389,9.60537560975611,69.26147393481617,0.01147393481616632,68.6015476148596,0.648452385140402,68.50935541320467,0.7406445867953266
ASOS_209816019,69.25,59.64462439024389,9.60537560975611,69.20857981395292,0.04142018604707687,68.48142655385726,0.7685734461427387,68.57182715182547,0.6781728481745262
ASOS_209816019,69.25,59.64462439024389,9.60537560975611,69.2728369438783,0.022836943878303373,68.59153093064491,0.6584690693550925,68.56687372279292,0.6831262772070801
ASOS_210097764,58.83,59.64462439024389,0.8146243902438925,58.85832244124526,0.02832244124525829,58.11114187296863,0.7188581270313676,58.880642298098465,0.050642298098466654
ASOS_210097764,50.5,59.64462439024389,9.14462439024389,50.4945294167097,0.0054705832902968154,50.440779512031064,0.0592204879689362,50.52753319167686,0.027533191676859303
ASOS_210097764,50.5,59.64462439024389,9.14462439024389,50.45744708798029,0.042552912019708344,50.497879338067484,0.0021206619325155884,50.52753319167686,0.027533191676859303
ASOS_210097764,58.83,59.64462439024389,0.8146243902438925,58.85832258513766,0.028322585137658507,58.01743444550667,0.8125655544933252,58.886907456194514,0.05690745619451576
ASOS_210097764,38.0,59.64462439024389,21.64462439024389,37.99141363430029,0.008586365699713383,38.54361039961102,0.5436103996110191,37.96688155429293,0.03311844570706768
ASOS_209815686,69.25,59.64462439024389,9.60537560975611,69.20860501818589,0.04139498181410772,68.41425865535759,0.8357413446424147,68.98600168972176,0.2639983102782395
ASOS_209815686,69.25,59.64462439024389,9.60537560975611,69.29858161167095,0.04858161167095432,68.5918848445624,0.6581151554375992,68.96035834855373,0.2896416514462743
ASOS_209815686,69.25,59.64462439024389,9.60537560975611,69.26149928294154,0.011499282941542788,68.60801608852984,0.6419839114701631,68.95411777248123,0.29588222751877424
ASOS_209815686,69.25,59.64462439024389,9.60537560975611,69.2086051620783,0.0413948379217004,68.3527297196193,0.8972702803806953,68.98600168972176,0.2639983102782395
ASOS_209815686,69.25,59.64462439024389,9.60537560975611,69.27286229200368,0.02286229200367984,68.6136987085199,0.6363012914800947,68.98199853006427,0.2680014699357258
ASOS_210519190,35.5,59.64462439024389,24.14462439024389,35.45401264812128,0.04598735187872194,39.539854446439634,4.039854446439634,36.9968891176863,1.496889117686301
ASOS_210519190,35.5,59.64462439024389,24.14462439024389,35.54398924160634,0.0439892416063401,38.48075133378502,2.9807513337850224,37.08867166423284,1.588671664232841
ASOS_210519190,35.5,59.64462439024389,24.14462439024389,35.50690691287693,0.006906912876928573,38.458626208711614,2.958626208711614,37.07812214630283,1.5781221463028317
ASOS_210519190,35.5,59.64462439024389,24.14462439024389,35.454012792013685,0.045987207986314615,39.57464527577147,4.0746452757714735,36.93050563762064,1.4305056376206409
ASOS_210519190,35.5,59.64462439024389,24.14462439024389,35.518269921939066,0.018269921939065625,38.07446917699403,2.574469176994029,36.948761690680016,1.4487616906800156
ASOS_210555165,67.25,59.64462439024389,7.605375609756109,67.19966724194185,0.050332758058146965,65.98099124152904,1.2690087584709602,67.01061739765352,0.23938260234648112
ASOS_210555165,67.25,59.64462439024389,7.605375609756109,67.2896438354269,0.039643835426900864,65.87616607767313,1.3738339223268667,67.1013580420223,0.14864195797770208
ASOS_210555165,67.25,59.64462439024389,7.605375609756109,67.25256150669749,0.0025615066974893352,65.8721839955283,1.377816004471697,66.97395887301187,0.2760411269881331
ASOS_210555165,67.25,59.64462439024389,7.605375609756109,67.19966738583425,0.05033261416575385,66.04488972062784,1.205110279372164,67.05904084425623,0.19095915574376932
ASOS_210555165,67.25,59.64462439024389,7.605375609756109,67.26392451575964,0.013924515759640599,65.93292572563207,1.3170742743679256,67.29396598819233,0.04396598819232622
ASOS_209815688,69.25,59.64462439024389,9.60537560975611,69.20860341153866,0.04139658846133898,68.06434116684258,1.1856588331574187,69.43487452531141,0.18487452531141457
ASOS_209815688,69.25,59.64462439024389,9.60537560975611,69.2985800050237,0.04858000502369464,67.9786419512249,1.2713580487750988,69.42536247579655,0.17536247579654685
ASOS_209815688,69.25,59.64462439024389,9.60537560975611,69.26149767629428,0.01149767629428311,68.0645691433473,1.185430856652701,69.41912189972405,0.1691218997240469
ASOS_209815688,69.25,59.64462439024389,9.60537560975611,69.20860355543105,0.04139644456894587,67.99192877818,1.2580712218200034,69.43487452531141,0.18487452531141457
ASOS_209815688,69.25,59.64462439024389,9.60537560975611,69.27286068535643,0.022860685356434374,67.97946003499612,1.2705399650038771,69.43265759986409,0.18265759986408625
ASOS_210159625,62.25,59.64462439024389,2.605375609756109,62.208275565270434,0.04172443472956644,65.30177287565428,3.0517728756542795,63.781160305964875,1.5311603059648746
ASOS_210159625,62.25,59.64462439024389,2.605375609756109,62.29825215875549,0.048252158755488495,65.27335989672204,3.0233598967220416,63.85292869404329,1.6029286940432925
ASOS_210159625,62.25,59.64462439024389,2.605375609756109,62.26116983002608,0.011169830026076966,65.19895202203419,2.9489520220341916,63.8466881179708,1.5966881179707997
ASOS_210159625,62.25,59.64462439024389,2.605375609756109,62.20827570916284,0.04172429083715912,65.52702960731904,3.2770296073190366,63.781160305964875,1.5311603059648746
ASOS_210159625,62.25,59.64462439024389,2.605375609756109,62.27253283908823,0.02253283908822823,65.13265048410324,2.8826504841032374,63.8403355488545,1.5903355488544975
ASOS_210915339,40.5,59.64462439024389,19.14462439024389,40.458743016129254,0.0412569838707455,41.60848489423128,1.1084848942312817,40.68984679953154,0.18984679953153716
ASOS_210915339,40.5,59.64462439024389,19.14462439024389,40.54871960961431,0.048719609614309434,41.008949520109915,0.5089495201099155,40.67007600676529,0.17007600676529222
ASOS_210915339,40.5,59.64462439024389,19.14462439024389,40.5116372808849,0.011637280884897905,40.913861092124364,0.41386109212436395,40.6862551796714,0.1862551796713987
ASOS_210915339,40.5,59.64462439024389,19.14462439024389,40.458743160021655,0.04125683997834528,41.622625283478776,1.1226252834787758,40.68984679953154,0.18984679953153716
ASOS_210915339,40.5,59.64462439024389,19.14462439024389,40.52300028994704,0.023000289947042063,40.50464066777069,0.004640667770686946,40.662101725770285,0.1621017257702846
ASOS_210370507,40.5,59.64462439024389,19.14462439024389,40.45829052456313,0.04170947543686765,41.74630696615013,1.2463069661501294,40.65966099669443,0.15966099669442713
ASOS_210370507,40.5,59.64462439024389,19.14462439024389,40.54826711804819,0.048267118048187285,40.98198617370585,0.48198617370584884,40.6399145940711,0.13991459407110085
ASOS_210370507,40.5,59.64462439024389,19.14462439024389,40.511184789318776,0.011184789318775756,40.999929463570574,0.4999294635705738,40.65609376697721,0.15609376697720734
ASOS_210370507,40.5,59.64462439024389,19.14462439024389,40.45829066845553,0.04170933154446743,42.063303674566534,1.5633036745665336,40.65966099669443,0.15966099669442713
ASOS_210370507,40.5,59.64462439024389,19.14462439024389,40.52254779838092,0.022547798380919915,40.56817637740366,0.06817637740365967,40.63382003470644,0.13382003470643866
ASOS_210398135,38.5,59.64462439024389,21.14462439024389,38.45847286562859,0.04152713437140676,47.56838714545159,9.068387145451588,44.76579029789968,6.265790297899677
ASOS_210398135,38.5,59.64462439024389,21.14462439024389,38.54844945911365,0.048449459113648174,44.87863534060272,6.37863534060272,44.76614736611707,6.2661473661170675
ASOS_210398135,38.5,59.64462439024389,21.14462439024389,38.51136713038424,0.011367130384236646,44.81415746496262,6.314157464962619,44.75285724986733,6.252857249867333
ASOS_210398135,38.5,59.64462439024389,21.14462439024389,38.45847300952099,0.04152699047900654,47.41223089184894,8.912230891848942,44.76579029789968,6.265790297899677
ASOS_210398135,38.5,59.64462439024389,21.14462439024389,38.52273013944638,0.022730139446380804,42.977124532090926,4.477124532090926,44.79820144926482,6.298201449264823
ASOS_210517920,46.83,59.64462439024389,12.814624390243893,46.85832316305272,0.028323163052718314,47.67756373864891,0.8475637386489083,47.1845921158743,0.35459211587430417
ASOS_210517920,38.5,59.64462439024389,21.14462439024389,38.49453013851716,0.005469861482836791,40.29600167022174,1.7960016702217416,38.86484306139912,0.3648430613991209
ASOS_210517920,38.5,59.64462439024389,21.14462439024389,38.45744780978775,0.04255219021224832,40.22727635994353,1.7272763599435308,38.86484306139912,0.3648430613991209
ASOS_210517920,46.83,59.64462439024389,12.814624390243893,46.85832330694511,0.028323306945111426,47.41029799361608,0.5802979936160853,47.144968789445144,0.31496878944514606
ASOS_210517920,26.0,59.64462439024389,33.64462439024389,25.99141435610776,0.008585643892239148,30.269108628355227,4.269108628355227,26.4620419927376,0.4620419927375998
ASOS_210105822,51.83,59.64462439024389,7.8146243902438925,52.35059344380764,0.5205934438076412,52.02703303104147,0.19703303104147096,51.839699889402276,0.009699889402277506
ASOS_210105822,43.5,59.64462439024389,16.14462439024389,43.986800419272086,0.48680041927208606,44.171948759557736,0.6719487595577363,43.51166526815568,0.011665268155681474
ASOS_210105822,43.5,59.64462439024389,16.14462439024389,43.94971809054268,0.44971809054268164,44.128936191619125,0.6289361916191254,43.51166526815568,0.011665268155681474
ASOS_210105822,51.83,59.64462439024389,7.8146243902438925,52.35059358770004,0.5205935877000414,51.86692743917863,0.03692743917863339,51.85186273167506,0.02186273167506414
ASOS_210105822,31.0,59.64462439024389,28.64462439024389,31.483684636862673,0.48368463686267305,32.78878879725203,1.7887887972520318,31.036354646313022,0.03635464631302199
ASOS_210232665,69.25,59.64462439024389,9.60537560975611,69.20856305898323,0.041436941016769424,68.59070916298236,0.659290837017636,69.52303541428067,0.27303541428067035
ASOS_210232665,69.25,59.64462439024389,9.60537560975611,69.29853965246826,0.048539652468264194,68.7202469169748,0.5297530830251986,69.5135233647658,0.2635233647658026
ASOS_210232665,69.25,59.64462439024389,9.60537560975611,69.26145732373885,0.011457323738852665,68.70419297648537,0.5458070235146266,69.5072827886933,0.2572827886933027
ASOS_210232665,69.25,59.64462439024389,9.60537560975611,69.20856320287562,0.04143679712437631,68.53736292827979,0.7126370717202093,69.52303541428067,0.27303541428067035
ASOS_210232665,69.25,59.64462439024389,9.60537560975611,69.27282033280102,0.02282033280101814,68.72449835647866,0.5255016435213378,69.51218335196977,0.2621833519697674
ASOS_210370554,40.5,59.64462439024389,19.14462439024389,40.45829052456313,0.04170947543686765,41.74630696615013,1.2463069661501294,40.65966099669443,0.15966099669442713
ASOS_210370554,40.5,59.64462439024389,19.14462439024389,40.54826711804819,0.048267118048187285,40.98198617370585,0.48198617370584884,40.6399145940711,0.13991459407110085
ASOS_210370554,40.5,59.64462439024389,19.14462439024389,40.511184789318776,0.011184789318775756,40.999929463570574,0.4999294635705738,40.65609376697721,0.15609376697720734
ASOS_210370554,40.5,59.64462439024389,19.14462439024389,40.45829066845553,0.04170933154446743,42.063303674566534,1.5633036745665336,40.65966099669443,0.15966099669442713
ASOS_210370554,40.5,59.64462439024389,19.14462439024389,40.52254779838092,0.022547798380919915,40.56817637740366,0.06817637740365967,40.63382003470644,0.13382003470643866
ASOS_209815974,64.25,59.64462439024389,4.605375609756109,64.20854892417148,0.041451075828518924,63.51071776370582,0.73928223629418,64.41264586069425,0.1626458606942549
ASOS_209815974,64.25,59.64462439024389,4.605375609756109,64.29852551765653,0.048525517656528905,63.423385481974655,0.8266145180253446,64.27876945908403,0.028769459084031723
ASOS_209815974,64.25,59.64462439024389,4.605375609756109,64.26144318892712,0.011443188927117376,63.51379574400265,0.7362042559973503,64.27767172530199,0.02767172530198536
ASOS_209815974,64.25,59.64462439024389,4.605375609756109,64.20854906806389,0.0414509319361116,63.51607634022342,0.733923659776579,64.35155762441042,0.10155762441041816
ASOS_209815974,64.25,59.64462439024389,4.605375609756109,64.27280619798927,0.02280619798926864,63.44717285070378,0.8028271492962205,64.34537528184099,0.09537528184098676
ASOS_209844695,45.5,59.64462439024389,14.14462439024389,45.94484039056128,0.4448403905612821,46.12235906414171,0.6223590641417118,45.52679422557587,0.026794225575869746
ASOS_209844695,45.5,59.64462439024389,14.14462439024389,46.03481698404633,0.5348169840463299,45.187357994462246,0.3126420055377537,45.4885672917622,0.011432708237798295
ASOS_209844695,45.5,59.64462439024389,14.14462439024389,45.997734655316926,0.4977346553169255,45.04632370485913,0.45367629514087326,45.50474646466831,0.004746464668308192
ASOS_209844695,45.5,59.64462439024389,14.14462439024389,45.94484053445368,0.4448405344536823,46.26066137975681,0.7606613797568116,45.52679422557587,0.026794225575869746
ASOS_209844695,45.5,59.64462439024389,14.14462439024389,46.00909766437907,0.5090976643790697,43.979992895730405,1.5200071042695953,45.49799664326978,0.0020033567302206734
ASOS_209946123,69.25,59.64462439024389,9.60537560975611,69.20857017391103,0.04142982608897228,69.06506118910474,0.18493881089526099,69.28774240176925,0.03774240176925048
ASOS_209946123,69.25,59.64462439024389,9.60537560975611,69.29854676739608,0.04854676739607555,69.1249730017714,0.12502699822860563,69.25762830018188,0.007628300181877989
ASOS_209946123,69.25,59.64462439024389,9.60537560975611,69.26146443866666,0.011464438666664023,69.2925123141433,0.042512314143294816,69.25762830018188,0.007628300181877989
ASOS_209946123,69.25,59.64462439024389,9.60537560975611,69.20857031780342,0.041429682196579165,69.06966796463898,0.18033203536101894,69.28774240176925,0.03774240176925048
ASOS_209946123,69.25,59.64462439024389,9.60537560975611,69.27282744772882,0.022827447728815287,69.17582577138694,0.07417422861306022,69.26893382316257,0.01893382316256975
ASOS_209879722,52.5,59.64462439024389,7.144624390243891,52.45857602627856,0.04142397372144302,52.49365227942515,0.006347720574851223,52.5364300024976,0.0364300024976032
ASOS_209879722,52.5,59.64462439024389,7.144624390243891,52.54855261976361,0.048552619763611915,52.24803328301695,0.2519667169830484,52.49232500075092,0.007674999249083214
ASOS_209879722,52.5,59.64462439024389,7.144624390243891,52.5114702910342,0.011470291034200386,52.2956608154873,0.2043391845126976,52.49232500075092,0.007674999249083214
ASOS_209879722,52.5,59.64462439024389,7.144624390243891,52.458576170170964,0.0414238298290357,52.4370872499874,0.06291275001260033,52.5364300024976,0.0364300024976032
ASOS_209879722,52.5,59.64462439024389,7.144624390243891,52.52283330009635,0.02283330009635165,51.567369594533766,0.9326304054662344,52.510457392788595,0.010457392788595143
ASOS_210223882,52.5,59.64462439024389,7.144624390243891,52.45416139331912,0.045838606680881355,52.51654824259583,0.016548242595831653,52.5373624269343,0.03736242693430114
ASOS_210223882,52.5,59.64462439024389,7.144624390243891,52.544137986804174,0.04413798680417358,52.21826140610538,0.2817385938946231,52.49703556788228,0.0029644321177215716
ASOS_210223882,52.5,59.64462439024389,7.144624390243891,52.50705565807476,0.00705565807476205,52.238000528188785,0.2619994718112153,52.49703556788228,0.0029644321177215716
ASOS_210223882,52.5,59.64462439024389,7.144624390243891,52.454161537211526,0.04583846278847403,52.506813332966765,0.006813332966764563,52.541140569628965,0.04114056962896484
ASOS_210223882,52.5,59.64462439024389,7.144624390243891,52.51841866713691,0.018418667136913314,51.51901657819291,0.980983421807089,52.51516795991996,0.015167959919956786
ASOS_209360460,69.25,59.64462439024389,9.60537560975611,69.2086219321096,0.0413780678904061,68.7706313561037,0.47936864389629363,69.266317463401,0.016317463400994825
ASOS_209360460,69.25,59.64462439024389,9.60537560975611,69.29859852559464,0.04859852559464173,68.74644880826754,0.5035511917324555,69.23620336181362,0.013796638186377663
ASOS_209360460,69.25,59.64462439024389,9.60537560975611,69.26151619686523,0.0115161968652302,68.82082222737705,0.42917777262294976,69.23620336181362,0.013796638186377663
ASOS_209360460,69.25,59.64462439024389,9.60537560975611,69.208622076002,0.04137792399799878,68.67859002829721,0.5714099717027921,69.266317463401,0.016317463400994825
ASOS_209360460,69.25,59.64462439024389,9.60537560975611,69.27287920592738,0.022879205927381463,68.77542641739034,0.47457358260966487,69.25131101199138,0.0013110119913761764
ASOS_209816055,74.25,59.64462439024389,14.60537560975611,74.20898796642845,0.04101203357154759,72.75049429367407,1.4995057063259338,73.77450148574269,0.4754985142573105
ASOS_209816055,74.25,59.64462439024389,14.60537560975611,74.2989645599135,0.04896455991350024,72.83838192128655,1.4116180787134454,73.7180119410849,0.531988058915104
ASOS_209816055,74.25,59.64462439024389,14.60537560975611,74.26188223118409,0.01188223118408871,72.84632441299546,1.4036755870045425,73.7180119410849,0.531988058915104
ASOS_209816055,74.25,59.64462439024389,14.60537560975611,74.20898811032086,0.04101188967914027,72.69785793205553,1.552142067944473,73.77450148574269,0.4754985142573105
ASOS_209816055,74.25,59.64462439024389,14.60537560975611,74.27324524024624,0.023245240246239973,72.71723141081414,1.5327685891858636,73.32620124880819,0.9237987511918107
ASOS_209874610,52.5,59.64462439024389,7.144624390243891,52.45856805801631,0.0414319419836886,52.47854198997529,0.02145801002470904,52.5373624269343,0.03736242693430114
ASOS_209874610,52.5,59.64462439024389,7.144624390243891,52.548544651501366,0.04854465150136633,52.2529729563791,0.24702704362090344,52.49703556788228,0.0029644321177215716
ASOS_209874610,52.5,59.64462439024389,7.144624390243891,52.511462322771955,0.011462322771954803,52.28552859949234,0.21447140050766222,52.49703556788228,0.0029644321177215716
ASOS_209874610,52.5,59.64462439024389,7.144624390243891,52.45856820190872,0.04143179809128128,52.43677821073614,0.06322178926385646,52.541140569628965,0.04114056962896484
ASOS_209874610,52.5,59.64462439024389,7.144624390243891,52.522825331834106,0.022825331834106066,51.64476083559381,0.8552391644061927,52.51516795991996,0.015167959919956786
ASOS_209880010,52.5,59.64462439024389,7.144624390243891,52.458567751732076,0.04143224826792391,52.46799198997529,0.0320080100247111,52.5364300024976,0.0364300024976032
ASOS_209880010,52.5,59.64462439024389,7.144624390243891,52.54854434521713,0.048544345217131024,52.2619129563791,0.23808704362090083,52.49232500075092,0.007674999249083214
ASOS_209880010,52.5,59.64462439024389,7.144624390243891,52.51146201648772,0.011462016487719495,52.28552859949234,0.21447140050766222,52.49232500075092,0.007674999249083214
ASOS_209880010,52.5,59.64462439024389,7.144624390243891,52.45856789562448,0.04143210437551659,52.45344487740281,0.046555122597190746,52.5364300024976,0.0364300024976032
ASOS_209880010,52.5,59.64462439024389,7.144624390243891,52.52282502554987,0.02282502554987076,51.65659416892713,0.8434058310728716,52.510457392788595,0.010457392788595143
ASOS_210131795,69.25,59.64462439024389,9.60537560975611,69.20859075504312,0.04140924495688125,69.70184095839251,0.45184095839250915,69.37325299565413,0.12325299565412706
ASOS_210131795,69.25,59.64462439024389,9.60537560975611,69.29856734852817,0.048567348528166576,69.7736503283067,0.5236503283067009,69.38733843783804,0.13733843783803934
ASOS_210131795,69.25,59.64462439024389,9.60537560975611,69.26148501979876,0.011485019798755047,69.69803299865235,0.44803299865235147,69.38109786176554,0.1310978617655394
ASOS_210131795,69.25,59.64462439024389,9.60537560975611,69.20859089893553,0.04140910106447393,69.88549715815951,0.6354971581595095,69.38124356737612,0.1312435673761172
ASOS_210131795,69.25,59.64462439024389,9.60537560975611,69.2728480288609,0.02284802886090631,69.81320468011577,0.5632046801157742,69.23706609166486,0.012933908335142519
ASOS_209874866,52.5,59.64462439024389,7.144624390243891,52.45857633256279,0.04142366743720771,52.48408746461034,0.015912535389659865,52.5373624269343,0.03736242693430114
ASOS_209874866,52.5,59.64462439024389,7.144624390243891,52.54855292604785,0.04855292604784722,52.24231899730266,0.25768100269733907,52.49703556788228,0.0029644321177215716
ASOS_209874866,52.5,59.64462439024389,7.144624390243891,52.51147059731843,0.011470597318428588,52.30232748215397,0.1976725178460299,52.49703556788228,0.0029644321177215716
ASOS_209874866,52.5,59.64462439024389,7.144624390243891,52.4585764764552,0.04142352354480039,52.41122482574497,0.08877517425502646,52.541140569628965,0.04114056962896484
ASOS_209874866,52.5,59.64462439024389,7.144624390243891,52.52283360638059,0.022833606380586957,51.58936959453377,0.9106304054662289,52.51516795991996,0.015167959919956786
ASOS_210048789,47.5,59.64462439024389,12.14462439024389,47.45858055530486,0.04141944469513703,47.57087657332014,0.07087657332014174,47.47279461187046,0.027205388129537766
ASOS_210048789,47.5,59.64462439024389,12.14462439024389,47.54855714878991,0.0485571487899108,47.608565905718834,0.10856590571883373,47.52843360051704,0.028433600517040247
ASOS_210048789,47.5,59.64462439024389,12.14462439024389,47.511474820060506,0.011474820060506374,47.494719086276795,0.0052809137232046055,47.473959644649746,0.026040355350254174
ASOS_210048789,47.5,59.64462439024389,12.14462439024389,47.45858069919726,0.041419300802736814,47.630248580723226,0.13024858072322587,47.476572754565126,0.023427245434874067
ASOS_210048789,47.5,59.64462439024389,12.14462439024389,47.52283782912266,0.022837829122657638,47.62244286829637,0.12244286829636764,47.504197445903664,0.004197445903663777
ASOS_210138670,47.5,59.64462439024389,12.14462439024389,47.44973708905691,0.05026291094308988,47.57440307400813,0.0744030740081314,47.49605119824611,0.003948801753892894
ASOS_210138670,47.5,59.64462439024389,12.14462439024389,47.53971368254196,0.03971368254195795,47.62107190546622,0.12107190546622348,47.551690186892685,0.05169018689268512
ASOS_210138670,47.5,59.64462439024389,12.14462439024389,47.502631353812546,0.002631353812546422,47.53493039580059,0.03493039580059332,47.49721623102539,0.002783768974609302
ASOS_210138670,47.5,59.64462439024389,12.14462439024389,47.4497372329493,0.050262767050696766,47.67706896259578,0.17706896259578286,47.49982934094077,0.00017065905922919455
ASOS_210138670,47.5,59.64462439024389,12.14462439024389,47.5139943628747,0.013994362874697686,47.64065987061522,0.14065987061521668,47.52745403227931,0.02745403227930865
ASOS_210167338,52.5,59.64462439024389,7.144624390243891,52.45857633256279,0.04142366743720771,52.48408746461034,0.015912535389659865,52.5373624269343,0.03736242693430114
ASOS_210167338,52.5,59.64462439024389,7.144624390243891,52.54855292604785,0.04855292604784722,52.24231899730266,0.25768100269733907,52.49703556788228,0.0029644321177215716
ASOS_210167338,52.5,59.64462439024389,7.144624390243891,52.51147059731843,0.011470597318428588,52.30232748215397,0.1976725178460299,52.49703556788228,0.0029644321177215716
ASOS_210167338,52.5,59.64462439024389,7.144624390243891,52.4585764764552,0.04142352354480039,52.41122482574497,0.08877517425502646,52.541140569628965,0.04114056962896484
ASOS_210167338,52.5,59.64462439024389,7.144624390243891,52.52283360638059,0.022833606380586957,51.58936959453377,0.9106304054662289,52.51516795991996,0.015167959919956786
ASOS_210555081,49.5,59.64462439024389,10.14462439024389,49.43380502351645,0.06619497648355122,51.009837244678,1.5098372446780033,49.26474086078978,0.23525913921022124
ASOS_210555081,49.5,59.64462439024389,10.14462439024389,49.5237816170015,0.023781617001496613,51.07532865406899,1.57532865406899,49.677423996147155,0.1774239961471551
ASOS_210555081,49.5,59.64462439024389,10.14462439024389,49.486699288272085,0.013300711727914916,50.74374905295632,1.2437490529563178,49.52779274752926,0.02779274752926142
ASOS_210555081,49.5,59.64462439024389,10.14462439024389,49.43380516740885,0.066194832591151,50.92676649129195,1.42676649129195,49.23239433260559,0.26760566739441316
ASOS_210555081,57.83,59.64462439024389,1.8146243902438925,57.951831915354845,0.12183191535484639,58.17753099612922,0.34753099612922256,56.77183385097695,1.0581661490230516
ASOS_210436909,69.25,59.64462439024389,9.60537560975611,69.20855101660555,0.041448983394445804,68.68702280992706,0.5629771900729423,69.62508205426673,0.375082054266727
ASOS_210436909,69.25,59.64462439024389,9.60537560975611,69.29852761009062,0.048527610090616236,68.50912333900004,0.7408766609999589,69.59319813702619,0.3431981370261923
ASOS_210436909,69.25,59.64462439024389,9.60537560975611,69.2614452813612,0.011445281361204707,68.79090610611263,0.45909389388737054,69.59319813702619,0.3431981370261923
ASOS_210436909,69.25,59.64462439024389,9.60537560975611,69.20855116049796,0.04144883950203848,68.61510462598885,0.6348953740111511,69.62508205426673,0.375082054266727
ASOS_210436909,69.25,59.64462439024389,9.60537560975611,69.27280829042334,0.02280829042334176,68.57925921638397,0.6707407836160257,69.63681894251776,0.3868189425177633
ASOS_210535448,53.5,59.64462439024389,6.144624390243891,53.42492545047197,0.07507454952803272,53.79990088361119,0.29990088361118694,53.61743777433753,0.11743777433753166
ASOS_210535448,53.5,59.64462439024389,6.144624390243891,53.51490204395702,0.014902043957022215,53.82425104249092,0.3242510424909213,53.42087286890137,0.07912713109863034
ASOS_210535448,53.5,59.64462439024389,6.144624390243891,53.47781971522761,0.022180284772389314,53.6992705832585,0.1992705832585031,53.3777559331809,0.12224406681909983
ASOS_210535448,53.5,59.64462439024389,6.144624390243891,53.42492559436437,0.0750744056356325,53.7056288795724,0.2056288795724015,53.61743777433753,0.11743777433753166
ASOS_210535448,61.83,59.64462439024389,2.1853756097561075,61.94295234231036,0.11295234231036488,61.17105645248585,0.6589435475141485,61.01325277578072,0.8167472242192773
ASOS_210198736,57.25,59.64462439024389,2.394624390243891,57.20858517566337,0.04141482433662702,58.48578019677448,1.2357801967744777,57.54007450570331,0.29007450570330917
ASOS_210198736,57.25,59.64462439024389,2.394624390243891,57.29856176914842,0.04856176914842081,58.448000873668654,1.1980008736686543,57.48686589736933,0.23686589736932717
ASOS_210198736,57.25,59.64462439024389,2.394624390243891,57.26147944041901,0.01147944041900928,58.36743382452123,1.1174338245212283,57.53605280691896,0.28605280691895985
ASOS_210198736,57.25,59.64462439024389,2.394624390243891,57.20858531955577,0.041414680444226804,58.344793102652474,1.0947931026524742,57.549072791240086,0.2990727912400857
ASOS_210198736,57.25,59.64462439024389,2.394624390243891,57.27284244948116,0.022842449481160543,58.46654196698376,1.2165419669837618,57.521853537839505,0.2718535378395046
ASOS_210206923,62.25,59.64462439024389,2.605375609756109,62.20858770095683,0.041412299043166456,61.217913922013686,1.032086077986314,63.24785719864437,0.9978571986443683
ASOS_210206923,62.25,59.64462439024389,2.605375609756109,62.29856429444189,0.04856429444188848,61.23502259100962,1.014977408990383,63.15192431109222,0.9019243110922233
ASOS_210206923,62.25,59.64462439024389,2.605375609756109,62.26148196571248,0.01148196571247695,61.321800175018666,0.9281998249813341,63.208243084418285,0.9582430844182852
ASOS_210206923,62.25,59.64462439024389,2.605375609756109,62.20858784484924,0.04141215515075913,61.333687043112285,0.9163129568877153,63.237839906033024,0.9878399060330239
ASOS_210206923,62.25,59.64462439024389,2.605375609756109,62.27284497477463,0.022844974774628213,61.19683409698835,1.053165903011653,63.13444695372553,0.8844469537255293
ASOS_210303756,56.83,59.64462439024389,2.8146243902438925,56.85829086471754,0.028290864717540387,51.256594008240256,5.573405991759742,50.46821626274115,6.361783737258847
ASOS_210303756,48.5,59.64462439024389,11.14462439024389,48.494497840181985,0.005502159818014718,43.85281622638596,4.647183773614039,41.5551288444136,6.944871155586398
ASOS_210303756,48.5,59.64462439024389,11.14462439024389,48.457415511452574,0.04258448854742625,43.807872482212595,4.692127517787405,41.5551288444136,6.944871155586398
ASOS_210303756,56.83,59.64462439024389,2.8146243902438925,56.85829100860994,0.028291008609940604,51.04979201206017,5.780207987939825,50.46572091322058,6.364279086779419
ASOS_210303756,36.0,59.64462439024389,23.64462439024389,35.99138205777257,0.008617942227431286,32.457397391637905,3.5426026083620954,29.263079948643604,6.736920051356396
ASOS_209976460,45.5,59.64462439024389,14.14462439024389,45.4498463106426,0.05015368935740128,46.32047225776147,0.8204722577614731,45.45419444808576,0.04580555191424196
ASOS_209976460,45.5,59.64462439024389,14.14462439024389,45.53982290412765,0.03982290412764655,45.37361889825861,0.12638110174138717,45.41596751427209,0.08403248572791
ASOS_209976460,45.5,59.64462439024389,14.14462439024389,45.502740575398235,0.0027405753982350234,45.252398033268655,0.24760196673134516,45.4321466871782,0.06785331282180351
ASOS_209976460,45.5,59.64462439024389,14.14462439024389,45.44984645453499,0.050153545465008165,46.390838581010755,0.8908385810107546,45.45419444808576,0.04580555191424196
ASOS_209976460,45.5,59.64462439024389,14.14462439024389,45.514103584460386,0.014103584460386287,44.20795437340655,1.292045626593449,45.42539686577967,0.07460313422033238
ASOS_210645866,46.83,59.64462439024389,12.814624390243893,46.85842107424383,0.028421074243830446,47.93833038414313,1.1083303841431302,47.14356171160658,0.31356171160658164
ASOS_210645866,38.5,59.64462439024389,21.14462439024389,38.49462804970828,0.005371950291717553,39.988653047795594,1.4886530477955944,38.38229538914046,0.11770461085954054
ASOS_210645866,38.5,59.64462439024389,21.14462439024389,38.45754572097887,0.04245427902112908,40.23751474368215,1.7375147436821479,38.38229538914046,0.11770461085954054
ASOS_210645866,46.83,59.64462439024389,12.814624390243893,46.85842121813622,0.02842121813622356,47.78810157322625,0.9581015732262514,47.098040701000684,0.268040701000686
ASOS_210645866,26.0,59.64462439024389,33.64462439024389,25.991512267298873,0.008487732701127015,29.937458709586075,3.9374587095860747,26.195147684515415,0.19514768451541542
ASOS_210131784,46.5,59.64462439024389,13.14462439024389,46.93323467421301,0.4332346742130113,46.69156128743413,0.19156128743413348,47.02331964445235,0.52331964445235
ASOS_210131784,54.83,59.64462439024389,4.8146243902438925,53.92787514513575,0.9021248548642475,51.483067267361186,3.3469327326388125,55.067496055340705,0.2374960553407064
ASOS_210131784,46.5,59.64462439024389,13.14462439024389,46.98612893896865,0.4861289389686476,46.47049429774877,0.029505702251228172,46.95286655409305,0.452866554093049
ASOS_210131784,46.5,59.64462439024389,13.14462439024389,46.93323481810541,0.43323481810541153,46.2424178543071,0.2575821456929006,46.932132359932595,0.432132359932595
ASOS_210131784,59.0,59.64462439024389,0.6446243902438908,58.549473047217234,0.45052695278276644,53.70569602316794,5.294303976832062,57.695348572908436,1.3046514270915637
ASOS_210257265,69.25,59.64462439024389,9.60537560975611,69.2085961746655,0.04140382533449838,68.72991579094393,0.5200842090560656,69.74793675066918,0.49793675066918297
ASOS_210257265,69.25,59.64462439024389,9.60537560975611,69.29857276815055,0.04857276815054945,68.65793475722236,0.5920652427776361,69.7002968280351,0.45029682803510696
ASOS_210257265,69.25,59.64462439024389,9.60537560975611,69.26149043942114,0.011490439421137921,68.43535020622718,0.8146497937728157,69.69806422059246,0.44806422059245676
ASOS_210257265,69.25,59.64462439024389,9.60537560975611,69.2085963185579,0.04140368144210527,68.82956308936274,0.42043691063726385,69.74793675066918,0.49793675066918297
ASOS_210257265,69.25,59.64462439024389,9.60537560975611,69.27285344848329,0.022853448483289185,68.35369003478935,0.8963099652106479,69.28699669417801,0.03699669417801488
ASOS_210606194,57.25,59.64462439024389,2.394624390243891,57.20859456897699,0.04140543102300853,57.983928152505044,0.7339281525050438,57.417768990552204,0.1677689905522044
ASOS_210606194,57.25,59.64462439024389,2.394624390243891,57.298571162462046,0.0485711624620464,57.90650785013512,0.6565078501351209,57.392346944663835,0.14234694466383502
ASOS_210606194,57.25,59.64462439024389,2.394624390243891,57.261488833732635,0.011488833732634873,57.866916254663145,0.6169162546631455,57.41546692103358,0.16546692103357685
ASOS_210606194,57.25,59.64462439024389,2.394624390243891,57.20859471286939,0.041405287130608315,57.85240889761472,0.6024088976147226,57.41304617388086,0.16304617388085774
ASOS_210606194,57.25,59.64462439024389,2.394624390243891,57.272851842794786,0.022851842794786137,58.021302676727764,0.771302676727764,57.41032630685919,0.16032630685919003
ASOS_209516947,57.25,59.64462439024389,2.394624390243891,57.208665387067995,0.04133461293200469,60.49444074032661,3.24444074032661,58.23328186534122,0.983281865341219
ASOS_209516947,57.25,59.64462439024389,2.394624390243891,57.29864198055305,0.048641980553050246,60.49669433754672,3.246694337546721,58.180519632458655,0.9305196324586547
ASOS_209516947,57.25,59.64462439024389,2.394624390243891,57.26155965182364,0.011559651823638717,60.51249659044942,3.262496590449423,58.179421898676615,0.9294218986766154
ASOS_209516947,57.25,59.64462439024389,2.394624390243891,57.208665530960396,0.04133446903960447,60.301683225341186,3.0516832253411863,58.17219362905738,0.9221936290573822
ASOS_209516947,57.25,59.64462439024389,2.394624390243891,57.27292266088579,0.02292266088578998,60.52029951580435,3.2702995158043535,58.273832523690736,1.0238325236907357
ASOS_210131514,52.5,59.64462439024389,7.144624390243891,52.456913458952364,0.04308654104763576,52.356417318774284,0.14358268122571616,52.5364300024976,0.0364300024976032
ASOS_210131514,52.5,59.64462439024389,7.144624390243891,52.54689005243741,0.046890052437412066,52.128257658259244,0.37174234174075593,52.49232500075092,0.007674999249083214
ASOS_210131514,52.5,59.64462439024389,7.144624390243891,52.509807723708,0.009807723708000537,52.1382831921327,0.3617168078673032,52.49232500075092,0.007674999249083214
ASOS_210131514,52.5,59.64462439024389,7.144624390243891,52.456913602844764,0.043086397155235545,52.352508930609865,0.147491069390135,52.5364300024976,0.0364300024976032
ASOS_210131514,52.5,59.64462439024389,7.144624390243891,52.52117073277015,0.0211707327701518,51.42025726889873,1.0797427311012697,52.510457392788595,0.010457392788595143
ASOS_210257395,69.25,59.64462439024389,9.60537560975611,69.20859586838127,0.041404131618733686,68.71241579094394,0.5375842090560639,69.85313912360611,0.6031391236061125
ASOS_210257395,69.25,59.64462439024389,9.60537560975611,69.29857246186631,0.04857246186631414,68.64654142388903,0.6034585761109668,69.80549920097204,0.5554992009720365
ASOS_210257395,69.25,59.64462439024389,9.60537560975611,69.2614901331369,0.011490133136902614,68.41387584725283,0.8361241527471748,69.80326659352939,0.5532665935293863
ASOS_210257395,69.25,59.64462439024389,9.60537560975611,69.20859601227366,0.041403987726340574,68.81997558936273,0.43002441063727304,69.85313912360611,0.6031391236061125
ASOS_210257395,69.25,59.64462439024389,9.60537560975611,69.27285314219905,0.022853142199053877,68.35785225701157,0.8921477429884277,69.39219906711494,0.14219906711494446
ASOS_210207371,62.25,59.64462439024389,2.605375609756109,62.20857127445853,0.04142872554147203,61.66987095563391,0.5801290443660889,62.63233370143575,0.38233370143574774
ASOS_210207371,62.25,59.64462439024389,2.605375609756109,62.29854786794358,0.0485478679435829,61.59398466459696,0.6560153354030405,62.53101557344519,0.28101557344518824
ASOS_210207371,62.25,59.64462439024389,2.605375609756109,62.26146553921417,0.011465539214171372,61.54743153233143,0.70256846766857,62.501641754580476,0.25164175458047566
ASOS_210207371,62.25,59.64462439024389,2.605375609756109,62.20857141835093,0.041428581649071816,61.59709064681887,0.6529093531811299,62.51980560594534,0.26980560594534353
ASOS_210207371,62.25,59.64462439024389,2.605375609756109,62.27282854827632,0.022828548276322636,61.43647387611605,0.8135261238839533,62.511918178620064,0.26191817862006417
ASOS_210788771,39.5,59.64462439024389,20.14462439024389,39.45861055666559,0.04138944333440975,40.2812930687851,0.7812930687850965,40.18728676095513,0.6872867609551321
ASOS_210788771,39.5,59.64462439024389,20.14462439024389,39.54858715015065,0.04858715015065229,39.29824786461798,0.20175213538202286,40.3344001557977,0.8344001557977023
ASOS_210788771,39.5,59.64462439024389,20.14462439024389,39.51150482142124,0.011504821421240763,39.19303606789173,0.30696393210826756,40.32494837164973,0.8249483716497323
ASOS_210788771,39.5,59.64462439024389,20.14462439024389,39.458610700558,0.041389299442002425,40.441219403024085,0.9412194030240855,40.17755810142793,0.6775581014279268
ASOS_210788771,39.5,59.64462439024389,20.14462439024389,39.52286783048338,0.022867830483377816,38.62785117303096,0.8721488269690383,40.16838394395468,0.6683839439546801
ASOS_210788626,45.83,59.64462439024389,13.814624390243893,45.857362765906444,0.02736276590644593,45.62187784720824,0.20812215279175916,45.531320247567116,0.29867975243288214
ASOS_210788626,37.5,59.64462439024389,22.14462439024389,37.493569741370905,0.006430258629094965,38.08822545791073,0.5882254579107311,36.05041217087262,1.4495878291273812
ASOS_210788626,37.5,59.64462439024389,22.14462439024389,37.45648741264149,0.043512587358506494,38.023181999903315,0.5231819999033149,35.94026837722098,1.5597316227790188
ASOS_210788626,45.83,59.64462439024389,13.814624390243893,45.85736290979885,0.027362909798853252,45.80679244958992,0.023207550410077715,45.43485952285234,0.3951404771476561
ASOS_210788626,25.0,59.64462439024389,34.64462439024389,24.99045395896149,0.009546041038511532,28.458219364132457,3.4582193641324572,25.00914375063505,0.009143750635050907
ASOS_210788689,62.83,59.64462439024389,3.1853756097561075,62.86220730954786,0.03220730954786433,62.126000274312915,0.7039997256870834,59.85966336852957,2.970336631470431
ASOS_210788689,54.5,59.64462439024389,5.144624390243891,54.498414285012316,0.001585714987683673,56.57454783164998,2.07454783164998,56.04922611608722,1.549226116087219
ASOS_210788689,54.5,59.64462439024389,5.144624390243891,54.461331956282905,0.0386680437170952,56.68414858382087,2.184148583820871,56.11402339177747,1.6140233917774722
ASOS_210788689,62.83,59.64462439024389,3.1853756097561075,62.86220745344027,0.03220745344027165,62.19978868185273,0.6302113181472677,59.84672895267889,2.983271047321111
ASOS_210788689,54.5,59.64462439024389,5.144624390243891,54.472694965345056,0.027305034654943938,57.37867699372262,2.878676993722621,56.247544534612445,1.7475445346124445
ASOS_210788754,62.83,59.64462439024389,3.1853756097561075,62.86262375894125,0.03262375894124858,62.101022872393855,0.728977127606143,60.10700055883869,2.7229994411613063
ASOS_210788754,54.5,59.64462439024389,5.144624390243891,54.4988307344057,0.001169265594299418,56.64152941175766,2.1415294117576593,55.77122018874052,1.2712201887405215
ASOS_210788754,54.5,59.64462439024389,5.144624390243891,54.46174840567629,0.03825159432371095,56.78581824872387,2.2858182487238707,55.93175659339019,1.4317565933901903
ASOS_210788754,62.83,59.64462439024389,3.1853756097561075,62.862623902833654,0.032623902833655904,62.15635211236885,0.673647887631148,59.95618573517687,2.8738142648231317
ASOS_210788754,54.5,59.64462439024389,5.144624390243891,54.47311141473844,0.026888585261559683,57.43902153679325,2.9390215367932484,55.95185776193024,1.451857761930242
ASOS_209614682,64.25,59.64462439024389,4.605375609756109,64.20857472531996,0.041425274680037205,63.342308165905564,0.907691834094436,64.3776645966505,0.12766459665050434
ASOS_209614682,64.25,59.64462439024389,4.605375609756109,64.29855131880502,0.048551318805024835,63.21089818718497,1.0391018128150264,64.25478485243016,0.0047848524301628
ASOS_209614682,64.25,59.64462439024389,4.605375609756109,64.26146899007561,0.011468990075613306,63.28539074503403,0.9646092549659713,64.22068704386888,0.029312956131121837
ASOS_209614682,64.25,59.64462439024389,4.605375609756109,64.20857486921237,0.04142513078762988,63.29256175793608,0.9574382420639225,64.2852005053043,0.035200505304302965
ASOS_209614682,64.25,59.64462439024389,4.605375609756109,64.27283199913776,0.02283199913776457,63.30485547976539,0.9451445202346065,64.34647276683202,0.09647276683202222
ASOS_209689657,53.83,59.64462439024389,5.8146243902438925,53.858363525339186,0.028363525339187845,52.846405802416434,0.9835941975835638,53.81972982423901,0.010270175760986433
ASOS_209689657,45.5,59.64462439024389,14.14462439024389,45.494570500803626,0.0054294991963743655,45.15137022998873,0.3486297700112715,45.61351814385433,0.11351814385432846
ASOS_209689657,45.5,59.64462439024389,14.14462439024389,45.45748817207422,0.04251182792577879,45.209892322677526,0.29010767732247444,45.59220638126209,0.09220638126208769
ASOS_209689657,53.83,59.64462439024389,5.8146243902438925,53.858363669231586,0.028363669231588062,52.792041673480185,1.0379583265198136,53.82562750841575,0.004372491584248905
ASOS_209689657,33.0,59.64462439024389,26.64462439024389,32.991454718394216,0.008545281605783828,33.23409157596732,0.23409157596731944,32.58261768408114,0.4173823159188572
ASOS_210674746,57.25,59.64462439024389,2.394624390243891,57.77928986458628,0.529289864586282,58.047225874294284,0.7972258742942842,56.84282641505964,0.4071735849403595
ASOS_210674746,57.25,59.64462439024389,2.394624390243891,57.86926645807134,0.619266458071337,57.8709639907837,0.6209639907837001,56.66523956900367,0.584760430996333
ASOS_210674746,57.25,59.64462439024389,2.394624390243891,57.832184129341925,0.5821841293419254,57.86683756730759,0.6168375673075914,56.71779809446838,0.5322019055316218
ASOS_210674746,57.25,59.64462439024389,2.394624390243891,57.77929000847868,0.5292900084786822,57.90167866335186,0.6516786633518592,56.70492163333826,0.5450783666617411
ASOS_210674746,57.25,59.64462439024389,2.394624390243891,57.84354713840408,0.5935471384040767,57.92404035906353,0.6740403590635324,56.641029106668086,0.6089708933319145
ASOS_209815687,64.25,59.64462439024389,4.605375609756109,64.20857132637343,0.041428673626569434,63.836467091604455,0.41353290839554546,64.31263727839588,0.06263727839588284
ASOS_209815687,64.25,59.64462439024389,4.605375609756109,64.29854791985849,0.048547919858492605,63.86596903536648,0.38403096463351716,64.1708123262739,0.07918767372609636
ASOS_209815687,64.25,59.64462439024389,4.605375609756109,64.26146559112908,0.011465591129081076,63.80890597642262,0.4410940235773779,64.16971459249186,0.08028540750814273
ASOS_209815687,64.25,59.64462439024389,4.605375609756109,64.20857147026584,0.04142852973416211,63.826634127331744,0.4233658726682563,64.25154904211205,0.001549042112046095
ASOS_209815687,64.25,59.64462439024389,4.605375609756109,64.27282860019123,0.02282860019123234,63.85890959095979,0.39109040904020986,64.23500952214775,0.01499047785225116
ASOS_209816086,69.25,59.64462439024389,9.60537560975611,69.20856103831574,0.041438961684264086,68.66561220794081,0.5843877920591893,69.26501157794966,0.015011577949664456
ASOS_209816086,69.25,59.64462439024389,9.60537560975611,69.2985376318008,0.048537631800797953,68.73646324483842,0.5135367551615815,69.2492589523623,0.0007410476377032182
ASOS_209816086,69.25,59.64462439024389,9.60537560975611,69.26145530307139,0.011455303071386425,68.64218333488279,0.6078166651172126,69.2492589523623,0.0007410476377032182
ASOS_209816086,69.25,59.64462439024389,9.60537560975611,69.20856118220814,0.041438817791856764,68.59704392373678,0.6529560762632229,69.26501157794966,0.015011577949664456
ASOS_209816086,69.25,59.64462439024389,9.60537560975611,69.27281831213352,0.022818312133523477,68.65432265506894,0.5956773449310617,69.26289524387765,0.012895243877650842
ASOS_210097136,51.83,59.64462439024389,7.8146243902438925,51.819633946470056,0.010366053529942576,48.878975737019964,2.9510242629800345,50.77430948684813,1.0556905131518661
ASOS_210097136,43.5,59.64462439024389,16.14462439024389,43.4558409219345,0.04415907806549768,41.118826434245,2.381173565754999,42.32176188199465,1.1782381180053534
ASOS_210097136,43.5,59.64462439024389,16.14462439024389,43.41875859320509,0.08124140679490921,41.45348804337339,2.0465119566266097,42.25290060816368,1.247099391836322
ASOS_210097136,51.83,59.64462439024389,7.8146243902438925,51.819634090362456,0.010365909637542359,48.75805071061716,3.071949289382836,50.77721192284497,1.0527880771550286
ASOS_210097136,31.0,59.64462439024389,28.64462439024389,30.952725139525093,0.04727486047490714,30.136559811601447,0.8634401883985525,29.294009426712943,1.7059905732870568
ASOS_209815844,74.25,59.64462439024389,14.60537560975611,74.20850440256231,0.04149559743768805,72.16837121322854,2.0816287867714607,74.10172611662844,0.14827388337155867
ASOS_209815844,74.25,59.64462439024389,14.60537560975611,74.29848099604737,0.04848099604737399,72.38806828573676,1.8619317142632354,74.04523657197065,0.2047634280293522
ASOS_209815844,74.25,59.64462439024389,14.60537560975611,74.26139866731795,0.011398667317948252,72.37660259194925,1.8733974080507494,74.04523657197065,0.2047634280293522
ASOS_209815844,74.25,59.64462439024389,14.60537560975611,74.20850454645472,0.041495453545280725,72.29985087110249,1.9501491288975075,74.10172611662844,0.14827388337155867
ASOS_209815844,74.25,59.64462439024389,14.60537560975611,74.2727616763801,0.022761676380099516,72.22341316179737,2.0265868382026326,73.6813223624009,0.5686776375990945
ASOS_209792545,40.5,59.64462439024389,19.14462439024389,40.45857012246867,0.04142987753132843,41.05962059881796,0.5596205988179577,40.37883500111602,0.1211649988839767
ASOS_209792545,40.5,59.64462439024389,19.14462439024389,40.54854671595372,0.0485467159537194,40.58375435657838,0.08375435657838182,40.38826355665882,0.11173644334117938
ASOS_209792545,40.5,59.64462439024389,19.14462439024389,40.51146438722431,0.01146438722430787,40.57416886869063,0.07416886869062722,40.38826355665882,0.11173644334117938
ASOS_209792545,40.5,59.64462439024389,19.14462439024389,40.458570266361065,0.04142973363893532,41.056115062900936,0.5561150629009362,40.37883500111602,0.1211649988839767
ASOS_209792545,40.5,59.64462439024389,19.14462439024389,40.52282739628646,0.022827396286459134,40.12200951396407,0.37799048603592666,40.388804252950585,0.1111957470494147
ASOS_209792192,62.25,59.64462439024389,2.605375609756109,62.20857108770126,0.04142891229874124,64.07175881926784,1.821758819267842,62.538976396378914,0.2889763963789136
ASOS_209792192,62.25,59.64462439024389,2.605375609756109,62.29854768118631,0.04854768118630659,64.03208197755356,1.7820819775535597,62.5700167088739,0.32001670887390077
ASOS_209792192,62.25,59.64462439024389,2.605375609756109,62.261465352456895,0.011465352456895062,64.04241300686543,1.7924130068654307,62.5700167088739,0.32001670887390077
ASOS_209792192,62.25,59.64462439024389,2.605375609756109,62.20857123159366,0.04142876840634102,64.22778712323185,1.977787123231849,62.538976396378914,0.2889763963789136
ASOS_209792192,62.25,59.64462439024389,2.605375609756109,62.272828361519046,0.022828361519046325,63.935675492584174,1.6856754925841742,62.63490880173249,0.3849088017324931
ASOS_210517836,62.25,59.64462439024389,2.605375609756109,62.208602486906756,0.04139751309324424,63.40342361198451,1.1534236119845076,62.1458354864941,0.10416451350589995
ASOS_210517836,62.25,59.64462439024389,2.605375609756109,62.29857908039181,0.04857908039181069,63.214679230489,0.9646792304889971,62.16769480643439,0.08230519356560961
ASOS_210517836,62.25,59.64462439024389,2.605375609756109,62.2614967516624,0.011496751662399163,62.940356220845736,0.6903562208457359,62.16769480643439,0.08230519356560961
ASOS_210517836,62.25,59.64462439024389,2.605375609756109,62.20860263079916,0.04139736920083692,63.337117252455656,1.0871172524556556,62.1458354864941,0.10416451350589995
ASOS_210517836,62.25,59.64462439024389,2.605375609756109,62.27285976072455,0.022859760724550426,63.11313693174805,0.863136931748052,62.26133751244048,0.011337512440476871
ASOS_209946039,69.25,59.64462439024389,9.60537560975611,69.20904086947739,0.04095913052260869,68.41167323122095,0.838326768779055,69.266317463401,0.016317463400994825
ASOS_209946039,69.25,59.64462439024389,9.60537560975611,69.29901746296244,0.04901746296243914,68.47512468699942,0.7748753130005781,69.23620336181362,0.013796638186377663
ASOS_209946039,69.25,59.64462439024389,9.60537560975611,69.26193513423303,0.011935134233027611,68.52786593320042,0.7221340667995833,69.23620336181362,0.013796638186377663
ASOS_209946039,69.25,59.64462439024389,9.60537560975611,69.20904101336978,0.04095898663021558,68.34659543614474,0.9034045638552612,69.266317463401,0.016317463400994825
ASOS_209946039,69.25,59.64462439024389,9.60537560975611,69.27329814329518,0.023298143295178875,68.50825294123362,0.7417470587663786,69.25131101199138,0.0013110119913761764
ASOS_210097070,51.83,59.64462439024389,7.8146243902438925,51.85824640135504,0.028246401355040973,49.153455548534005,2.6765444514659933,51.59494764310555,0.2350523568944496
ASOS_210097070,43.5,59.64462439024389,16.14462439024389,43.494453376819486,0.005546623180514132,41.55166419962907,1.948335800370927,43.01194718025497,0.4880528197450289
ASOS_210097070,43.5,59.64462439024389,16.14462439024389,43.45737104809008,0.042628951909918555,41.677723646828035,1.822276353171965,42.943085906424,0.5569140935759975
ASOS_210097070,51.83,59.64462439024389,7.8146243902438925,51.85824654524744,0.02824654524744119,49.108601338501614,2.721398661498384,51.597850079102386,0.2321499208976121
ASOS_210097070,31.0,59.64462439024389,28.64462439024389,30.991337594410076,0.008662405589923594,30.270103127346236,0.7298968726537645,29.748658783520916,1.2513412164790836
ASOS_210606174,57.25,59.64462439024389,2.394624390243891,57.20856437283089,0.04143562716910765,57.955281688490636,0.7052816884906363,57.28016496336033,0.03016496336032759
ASOS_210606174,57.25,59.64462439024389,2.394624390243891,57.29854096631594,0.04854096631594018,57.76493059478814,0.5149305947881402,57.21798149837219,0.03201850162781028
ASOS_210606174,57.25,59.64462439024389,2.394624390243891,57.26145863758653,0.011458637586528653,57.65488078938894,0.40488078938894034,57.275242594187375,0.02524259418737529
ASOS_210606174,57.25,59.64462439024389,2.394624390243891,57.20856451672329,0.04143548327670743,57.78647470666884,0.5364747066688409,57.283246799004665,0.033246799004665206
ASOS_210606174,57.25,59.64462439024389,2.394624390243891,57.27282164664868,0.022821646648679916,57.831733453299314,0.5817334532993144,57.27319174760889,0.023191747608890978
ASOS_210167257,41.5,59.64462439024389,18.14462439024389,41.933240122092016,0.4332401220920161,41.68226734534687,0.1822673453468724,41.592473594327764,0.09247359432776392
ASOS_210167257,49.83,59.64462439024389,9.814624390243893,48.927880593014756,0.9021194069852427,49.618058014257365,0.21194198574263368,49.622323285699444,0.207676714300554
ASOS_210167257,41.5,59.64462439024389,18.14462439024389,41.98613438684765,0.4861343868476524,41.7410449037898,0.24104490378979904,41.45499392185233,0.04500607814767221
ASOS_210167257,41.5,59.64462439024389,18.14462439024389,41.93324026598441,0.43324026598440923,41.476171639652,0.023828360347998512,41.097989948088916,0.4020100519110841
ASOS_210167257,54.0,59.64462439024389,5.644624390243891,53.549478495096245,0.45052150490375453,53.202294105241165,0.7977058947588347,54.31355880271979,0.31355880271978975
ASOS_210047506,58.83,59.64462439024389,0.8146243902438925,58.84947925203312,0.019479252033121952,58.09583267554003,0.7341673244599676,58.890382351137745,0.06038235113774704
ASOS_210047506,50.5,59.64462439024389,9.14462439024389,50.48568622749757,0.014313772502433153,50.45956491486577,0.04043508513422722,50.54494004520449,0.04494004520449124
ASOS_210047506,50.5,59.64462439024389,9.14462439024389,50.448603898768155,0.05139610123184468,50.53935773309512,0.03935773309512314,50.54494004520449,0.04494004520449124
ASOS_210047506,58.83,59.64462439024389,0.8146243902438925,58.84947939592552,0.01947939592552217,58.01240853252266,0.8175914674773352,58.896647509233794,0.06664750923379614
ASOS_210047506,38.0,59.64462439024389,21.64462439024389,37.98257044508815,0.01742955491184972,38.67918475081553,0.67918475081553,37.95536946420645,0.044630535793551473
ASOS_209874385,47.5,59.64462439024389,12.14462439024389,47.45857212761627,0.04142787238372847,47.717694487707696,0.21769448770769628,47.51558126883211,0.015581268832107753
ASOS_209874385,47.5,59.64462439024389,12.14462439024389,47.54854872110132,0.04854872110131936,47.68115273795284,0.1811527379528428,47.571220257478686,0.07122025747868577
ASOS_209874385,47.5,59.64462439024389,12.14462439024389,47.51146639237191,0.01146639237190783,47.63182860616267,0.13182860616267078,47.51674630161139,0.016746301611391345
ASOS_209874385,47.5,59.64462439024389,12.14462439024389,47.458572271508665,0.04142772849133536,47.808724699601605,0.30872469960160487,47.51935941152677,0.019359411526771453
ASOS_209874385,47.5,59.64462439024389,12.14462439024389,47.52282940143406,0.022829401434059093,47.75281414314174,0.252814143141741,47.54925125808162,0.04925125808161823
ASOS_210052285,74.25,59.64462439024389,14.60537560975611,74.20818577513226,0.04181422486773556,74.07042240691662,0.17957759308337984,74.14803919679774,0.10196080320226031
ASOS_210052285,74.25,59.64462439024389,14.60537560975611,74.29816236861731,0.04816236861731227,74.1462506677661,0.10374933223390315,74.1160749300496,0.13392506995039355
ASOS_210052285,74.25,59.64462439024389,14.60537560975611,74.2610800398879,0.011080039887900739,74.15664396929088,0.09335603070911702,74.11384232260696,0.13615767739304374
ASOS_210052285,74.25,59.64462439024389,14.60537560975611,74.20818591902466,0.04181408097534245,74.13562026265797,0.1143797373420341,74.15225162582507,0.09774837417492677
ASOS_210052285,74.25,59.64462439024389,14.60537560975611,74.27244304895005,0.022443048950052003,74.0881753279979,0.1618246720020977,74.08666648468004,0.16333351531996243
H&M_1367091001,77.83,59.64462439024389,18.185375609756107,77.86287724027447,0.03287724027447325,77.74030641097991,0.0896935890200865,77.8231411113304,0.006858888669597718
H&M_1367091001,69.5,59.64462439024389,9.85537560975611,69.49908421573892,0.0009157842610818534,69.4714477798577,0.028552220142302076,69.51199408505325,0.01199408505324584
H&M_1367091001,69.5,59.64462439024389,9.85537560975611,69.4620018870095,0.03799811299049338,69.4945679756946,0.005432024305406458,69.51199408505325,0.01199408505324584
H&M_1367091001,77.83,59.64462439024389,18.185375609756107,77.86287738416686,0.032877384166866364,77.7272004536996,0.10279954630040322,77.8231411113304,0.006858888669597718
H&M_1367091001,69.5,59.64462439024389,9.85537560975611,69.47336489607166,0.02663510392834212,69.48769984313624,0.01230015686375907,69.55021735720346,0.050217357203464985
H&M_1341808001,77.83,59.64462439024389,18.185375609756107,77.86281717977286,0.032817179772862914,77.74349609287654,0.08650390712345768,77.82937925697149,0.000620743028505899
H&M_1341808001,69.5,59.64462439024389,9.85537560975611,69.49902415523731,0.0009758447626921907,69.45839247943336,0.041607520566643075,69.48497363475884,0.015026365241155304
H&M_1341808001,69.5,59.64462439024389,9.85537560975611,69.4619418265079,0.03805817349210372,69.46315950030493,0.03684049969507441,69.48497363475884,0.015026365241155304
H&M_1341808001,77.83,59.64462439024389,18.185375609756107,77.86281732366525,0.032817323665256026,77.72988545955118,0.10011454044881418,77.82937925697149,0.000620743028505899
H&M_1341808001,69.5,59.64462439024389,9.85537560975611,69.47330483557005,0.026695164429952456,69.44779033739157,0.052209662608433405,69.4928207397627,0.007179260237293761
H&M_1351340002,71.83,59.64462439024389,12.185375609756107,71.86306070486643,0.03306070486642909,71.90466264730624,0.07466264730624061,71.83189564098215,0.0018956409821555553
H&M_1351340002,63.5,59.64462439024389,3.855375609756109,63.499267680330874,0.0007323196691260137,63.610366074011445,0.11036607401144494,63.62802326161753,0.1280232616175283
H&M_1351340002,63.5,59.64462439024389,3.855375609756109,63.46218535160146,0.03781464839853754,63.60492899477722,0.10492899477721807,63.62802326161753,0.1280232616175283
H&M_1351340002,71.83,59.64462439024389,12.185375609756107,71.86306084875883,0.033060848758836414,72.00439334143192,0.17439334143192298,71.83189564098215,0.0018956409821555553
H&M_1351340002,63.5,59.64462439024389,3.855375609756109,63.473548360663614,0.02645163933638628,63.57075352519067,0.07075352519066769,63.27592058973995,0.22407941026005318
H&M_1366053001,75.83,59.64462439024389,16.185375609756107,75.8629073651205,0.03290736512050785,74.71595127069935,1.1140487293006487,75.27032683764962,0.5596731623503786
H&M_1366053001,67.5,59.64462439024389,7.855375609756109,67.49911434058495,0.0008856594150472574,67.0692188809978,0.43078111900220506,67.38507808119157,0.1149219188084345
H&M_1366053001,67.5,59.64462439024389,7.855375609756109,67.46203201185554,0.037967988144458786,67.07338602589054,0.42661397410945767,67.38507808119157,0.1149219188084345
H&M_1366053001,75.83,59.64462439024389,16.185375609756107,75.8629075090129,0.03290750901290096,74.52395086049172,1.306049139508275,75.27032683764962,0.5596731623503786
H&M_1366053001,67.5,59.64462439024389,7.855375609756109,67.47339502091769,0.026604979082307523,66.70296665748043,0.797033342519569,67.39300137159705,0.10699862840294827
H&M_1351683001,77.83,59.64462439024389,18.185375609756107,77.86293331706028,0.032933317060283684,77.73366926540143,0.09633073459856689,77.8231411113304,0.006858888669597718
H&M_1351683001,69.5,59.64462439024389,9.85537560975611,69.49914029252473,0.0008597074752714207,69.48452999152018,0.015470008479823605,69.49836957879373,0.0016304212062721035
H&M_1351683001,69.5,59.64462439024389,9.85537560975611,69.46205796379533,0.03794203620466874,69.47927476890536,0.020725231094644414,69.49836957879373,0.0016304212062721035
H&M_1351683001,77.83,59.64462439024389,18.185375609756107,77.86293346095269,0.03293346095269101,77.78319813642027,0.04680186357973071,77.8231411113304,0.006858888669597718
H&M_1351683001,69.5,59.64462439024389,9.85537560975611,69.47342097285747,0.026579027142531686,69.45443487291317,0.04556512708683158,69.53556976895551,0.03556976895551145
H&M_1345795001,54.5,59.64462439024389,5.144624390243891,54.462745651379315,0.03725434862068511,51.00793568017574,3.4920643198242587,52.788209138693176,1.7117908613068238
H&M_1345795001,54.5,59.64462439024389,5.144624390243891,54.55272224486437,0.05272224486436983,50.515292351199705,3.9847076488002955,52.78313471215741,1.7168652878425874
H&M_1345795001,54.5,59.64462439024389,5.144624390243891,54.51563991613496,0.015639916134958298,50.47304105981123,4.02695894018877,52.78313471215741,1.7168652878425874
H&M_1345795001,54.5,59.64462439024389,5.144624390243891,54.462745795271715,0.03725420472828489,51.22331123052349,3.2766887694765074,52.788209138693176,1.7117908613068238
H&M_1345795001,54.5,59.64462439024389,5.144624390243891,54.5270029251971,0.027002925197102456,49.832101722473595,4.667898277526405,52.75612267380019,1.743877326199808
H&M_579541221,42.5,59.64462439024389,17.14462439024389,42.44737280937891,0.052627190621088005,43.34671059723631,0.84671059723631,42.37691048350783,0.12308951649217192
H&M_579541221,55.0,59.64462439024389,4.644624390243891,55.014745865606116,0.014745865606116126,55.08329998541765,0.08329998541765349,55.234777270277434,0.23477727027743356
H&M_579541221,55.0,59.64462439024389,4.644624390243891,54.977663536876705,0.022336463123295403,54.91775211080815,0.08224788919184789,55.21420018535431,0.21420018535430785
H&M_579541221,42.5,59.64462439024389,17.14462439024389,42.447372953271305,0.05262704672869489,43.382762431152535,0.8827624311525355,42.37691048350783,0.12308951649217192
H&M_579541221,63.33,59.64462439024389,3.6853756097561075,63.44279616395946,0.1127961639594588,61.293606300991755,2.0363936990082436,63.32724326468733,0.0027567353126656258
H&M_1351648001,63.33,59.64462439024389,3.6853756097561075,63.3583040272517,0.028304027251699893,63.25911949617907,0.07088050382093058,63.424237820078275,0.09423782007827697
H&M_1351648001,55.0,59.64462439024389,4.644624390243891,54.99451100271615,0.005488997283848107,54.98293089743688,0.017069102563119998,55.00954105540043,0.009541055400433152
H&M_1351648001,55.0,59.64462439024389,4.644624390243891,54.95742867398674,0.042571326013259636,55.0855519295795,0.08555192957950197,55.011296205407824,0.011296205407823834
H&M_1351648001,63.33,59.64462439024389,3.6853756097561075,63.358304171144106,0.028304171144107215,63.212379975654024,0.11762002434597463,63.423143000084245,0.09314300008424681
H&M_1351648001,42.5,59.64462439024389,17.14462439024389,42.491395220306735,0.008604779693264675,43.87876123221854,1.3787612322185367,42.39611542545172,0.1038845745482817
H&M_1343831002,77.83,59.64462439024389,18.185375609756107,77.86288158495235,0.032881584952349385,77.75609065657437,0.07390934342562616,77.8231411113304,0.006858888669597718
H&M_1343831002,69.5,59.64462439024389,9.85537560975611,69.4990885604168,0.0009114395832057198,69.47913679868448,0.020863201315520996,69.49836957879373,0.0016304212062721035
H&M_1343831002,69.5,59.64462439024389,9.85537560975611,69.46200623168738,0.03799376831261725,69.4724635721234,0.027536427876597713,69.49836957879373,0.0016304212062721035
H&M_1343831002,77.83,59.64462439024389,18.185375609756107,77.86288172884474,0.0328817288447425,77.79184649134869,0.0381535086513054,77.8231411113304,0.006858888669597718
H&M_1343831002,69.5,59.64462439024389,9.85537560975611,69.47336924074953,0.026630759250465985,69.4598038850662,0.04019611493380637,69.53556976895551,0.03556976895551145
H&M_1246290002,77.83,59.64462439024389,18.185375609756107,77.86281548561534,0.03281548561534464,77.74849609287655,0.08150390712344802,77.82937925697149,0.000620743028505899
H&M_1246290002,69.5,59.64462439024389,9.85537560975611,69.49902246107979,0.0009775389202104634,69.46844009848097,0.03155990151903154,69.48497363475884,0.015026365241155304
H&M_1246290002,69.5,59.64462439024389,9.85537560975611,69.46194013235038,0.03805986764962199,69.46987993041245,0.030120069587553644,69.48497363475884,0.015026365241155304
H&M_1246290002,77.83,59.64462439024389,18.185375609756107,77.86281562950774,0.032815629507737754,77.75886392515964,0.07113607484035356,77.82937925697149,0.000620743028505899
H&M_1246290002,69.5,59.64462439024389,9.85537560975611,69.47330314141253,0.02669685858747073,69.46907238867362,0.030927611326376336,69.4928207397627,0.007179260237293761
H&M_1152096001,78.33,59.64462439024389,18.685375609756107,78.3583844470167,0.028384447016705394,76.46092989139672,1.8690701086032817,79.34723304025346,1.0172330402534584
H&M_1152096001,70.0,59.64462439024389,10.35537560975611,69.99459142248114,0.005408577518863922,68.35326358077117,1.64673641922883,68.97651730290602,1.023482697093982
H&M_1152096001,70.0,59.64462439024389,10.35537560975611,69.95750909375174,0.04249090624826124,68.5106403283208,1.4893596716791961,68.97651730290602,1.023482697093982
H&M_1152096001,78.33,59.64462439024389,18.685375609756107,78.3583845909091,0.028384590909098506,76.17573240063997,2.1542675993600255,79.34723304025346,1.0172330402534584
H&M_1152096001,57.5,59.64462439024389,2.144624390243891,57.49147564007173,0.008524359928273384,59.830916011297354,2.3309160112973544,58.537144740566276,1.0371447405662764
H&M_1356122001,61.33,59.64462439024389,1.6853756097561075,61.36292348873739,0.032923488737388595,61.573414256976214,0.24341425697621588,61.12930428619024,0.2006957138097576
H&M_1356122001,53.0,59.64462439024389,6.644624390243891,52.99913046420183,0.0008695357981665097,53.64961521924543,0.6496152192454332,52.807679987240796,0.19232001275920396
H&M_1356122001,53.0,59.64462439024389,6.644624390243891,52.96204813547242,0.03795186452757804,53.495378358130154,0.49537835813015363,52.77451837104933,0.2254816289506678
H&M_1356122001,61.33,59.64462439024389,1.6853756097561075,61.36292363262979,0.03292363262978881,61.66426475174448,0.33426475174448456,61.08158165706495,0.2484183429350466
H&M_1356122001,53.0,59.64462439024389,6.644624390243891,52.97341114453457,0.026588855465426775,53.121395657847806,0.12139565784780615,52.87751585381413,0.12248414618586878
H&M_1356458001,77.83,59.64462439024389,18.185375609756107,77.86146386549055,0.0314638654905508,77.52516860014714,0.30483139985285845,77.70720650636606,0.12279349363393521
H&M_1356458001,69.5,59.64462439024389,9.85537560975611,69.49767084095501,0.0023291590449900923,69.2935308726908,0.2064691273092052,69.14183880243354,0.35816119756646003
H&M_1356458001,69.5,59.64462439024389,9.85537560975611,69.4605885122256,0.03941148777440162,69.331896335657,0.1681036643429934,69.14183880243354,0.35816119756646003
H&M_1356458001,77.83,59.64462439024389,18.185375609756107,77.86146400938296,0.031464009382958125,77.53682849192678,0.2931715080732147,77.70720650636606,0.12279349363393521
H&M_1356458001,69.5,59.64462439024389,9.85537560975611,69.47195152128775,0.028048478712250358,69.3490658172328,0.15093418276720172,69.27340922624438,0.22659077375561765
H&M_1142908008,77.83,59.64462439024389,18.185375609756107,77.86281548561534,0.03281548561534464,77.74849609287655,0.08150390712344802,77.82937925697149,0.000620743028505899
H&M_1142908008,69.5,59.64462439024389,9.85537560975611,69.49902246107979,0.0009775389202104634,69.46844009848097,0.03155990151903154,69.48497363475884,0.015026365241155304
H&M_1142908008,69.5,59.64462439024389,9.85537560975611,69.46194013235038,0.03805986764962199,69.46987993041245,0.030120069587553644,69.48497363475884,0.015026365241155304
H&M_1142908008,77.83,59.64462439024389,18.185375609756107,77.86281562950774,0.032815629507737754,77.75886392515964,0.07113607484035356,77.82937925697149,0.000620743028505899
H&M_1142908008,69.5,59.64462439024389,9.85537560975611,69.47330314141253,0.02669685858747073,69.46907238867362,0.030927611326376336,69.4928207397627,0.007179260237293761
H&M_1359213001,75.83,59.64462439024389,16.185375609756107,75.86293108753507,0.032931087535075676,75.09976904632876,0.7302309536712386,75.60831886499176,0.2216811350082395
H&M_1359213001,67.5,59.64462439024389,7.855375609756109,67.49913806299952,0.0008619370004794291,67.35181401577132,0.14818598422867524,67.29691496484783,0.2030850351521707
H&M_1359213001,67.5,59.64462439024389,7.855375609756109,67.46205573427011,0.03794426572989096,67.37638413811935,0.12361586188065132,67.29691496484783,0.2030850351521707
H&M_1359213001,75.83,59.64462439024389,16.185375609756107,75.86293123142747,0.03293123142746879,74.86053009958013,0.9694699004198668,75.60831886499176,0.2216811350082395
H&M_1359213001,67.5,59.64462439024389,7.855375609756109,67.47341874333226,0.026581256667739694,67.01608784485408,0.4839121551459158,67.28837481466017,0.21162518533982677
H&M_1365117003,63.33,59.64462439024389,3.6853756097561075,63.367322433778405,0.037322433778406605,63.23550016814165,0.09449983185835009,63.37021969462886,0.04021969462885977
H&M_1365117003,55.0,59.64462439024389,4.644624390243891,55.00352940924286,0.0035294092428586055,54.99582235348445,0.004177646515550748,55.02022882305679,0.02022882305679019
H&M_1365117003,55.0,59.64462439024389,4.644624390243891,54.96644708051345,0.03355291948655292,55.01272989379446,0.012729893794457325,55.02198397306418,0.021983973064180873
H&M_1365117003,63.33,59.64462439024389,3.6853756097561075,63.36732257767081,0.03732257767081393,63.259970193184685,0.07002980681531312,63.36912487463483,0.03912487463482961
H&M_1365117003,42.5,59.64462439024389,17.14462439024389,42.50041362683344,0.0004136268334420379,43.619486091102665,1.1194860911026652,42.39118612714158,0.10881387285841981
H&M_1341076003,77.83,59.64462439024389,18.185375609756107,77.86278459242304,0.03278459242304166,77.73166853923253,0.09833146076746857,77.82937925697149,0.000620743028505899
H&M_1341076003,69.5,59.64462439024389,9.85537560975611,69.49899156788749,0.0010084321125134466,69.45408622616564,0.04591377383435713,69.48776120115316,0.01223879884683754
H&M_1341076003,69.5,59.64462439024389,9.85537560975611,69.46190923915808,0.038090760841924975,69.47674751305927,0.02325248694073423,69.48776120115316,0.01223879884683754
H&M_1341076003,77.83,59.64462439024389,18.185375609756107,77.86278473631543,0.03278473631543477,77.6785278914893,0.1514721085107027,77.82937925697149,0.000620743028505899
H&M_1341076003,69.5,59.64462439024389,9.85537560975611,69.47327224822023,0.026727751779773712,69.43614565359782,0.0638543464021808,69.50591806334018,0.005918063340175195
H&M_1329670010,77.83,59.64462439024389,18.185375609756107,77.86275711815107,0.03275711815106774,77.78144924945309,0.048550750546908716,77.8231411113304,0.006858888669597718
H&M_1329670010,69.5,59.64462439024389,9.85537560975611,69.49896409361551,0.0010359063844873617,69.49443928228965,0.005560717710352492,69.49836957879373,0.0016304212062721035
H&M_1329670010,69.5,59.64462439024389,9.85537560975611,69.4618817648861,0.03811823511389889,69.49763280393131,0.0023671960686897364,69.49836957879373,0.0016304212062721035
H&M_1329670010,77.83,59.64462439024389,18.185375609756107,77.86275726204346,0.032757262043460855,77.73922055480614,0.09077944519385994,77.8231411113304,0.006858888669597718
H&M_1329670010,69.5,59.64462439024389,9.85537560975611,69.47324477394825,0.026755226051747627,69.49504081572847,0.004959184271527306,69.53556976895551,0.03556976895551145
H&M_1350359002,57.33,59.64462439024389,2.3146243902438925,57.36282547083988,0.03282547083988163,57.72764070993267,0.39764070993267353,58.08914026941304,0.7591402694130451
H&M_1350359002,49.0,59.64462439024389,10.64462439024389,48.99903244630433,0.0009675536956734732,51.45777415754064,2.4577741575406407,48.474417910113935,0.5255820898860648
H&M_1350359002,49.0,59.64462439024389,10.64462439024389,48.961950117574915,0.038049882425085,51.11418440336266,2.114184403362657,48.385027188047786,0.6149728119522138
H&M_1350359002,57.33,59.64462439024389,2.3146243902438925,57.36282561473228,0.03282561473228185,57.83883709031687,0.5088370903168737,58.047156934148276,0.717156934148278
H&M_1350359002,49.0,59.64462439024389,10.64462439024389,48.973313126637066,0.02668687336293374,51.9381944986548,2.938194498654802,48.66577620453787,0.33422379546212966
H&M_1343919001,77.83,59.64462439024389,18.185375609756107,77.86311026118763,0.033110261187630385,77.76269615511828,0.06730384488172092,77.83234317848562,0.002343178485617159
H&M_1343919001,69.5,59.64462439024389,9.85537560975611,69.49931723665208,0.0006827633479247197,69.48091353676422,0.019086463235780116,69.49004689238083,0.009953107619168122
H&M_1343919001,69.5,59.64462439024389,9.85537560975611,69.46223490792268,0.03776509207732204,69.47784166268221,0.02215833731779071,69.49004689238083,0.009953107619168122
H&M_1343919001,77.83,59.64462439024389,18.185375609756107,77.86311040508002,0.0331104050800235,77.76340390749235,0.06659609250765186,77.83234317848562,0.002343178485617159
H&M_1343919001,69.5,59.64462439024389,9.85537560975611,69.47359791698483,0.026402083015170774,69.47975416342454,0.0202458365754552,69.52674242585726,0.026742425857264607
H&M_1260556031,77.83,59.64462439024389,18.185375609756107,77.86282964522418,0.03282964522418297,77.76100124916032,0.06899875083968254,77.8231411113304,0.006858888669597718
H&M_1260556031,69.5,59.64462439024389,9.85537560975611,69.49903662068863,0.0009633793113721367,69.4836110386519,0.016388961348098974,69.49836957879373,0.0016304212062721035
H&M_1260556031,69.5,59.64462439024389,9.85537560975611,69.46195429195922,0.038045708040783666,69.48028309089895,0.019716909101049396,69.49836957879373,0.0016304212062721035
H&M_1260556031,77.83,59.64462439024389,18.185375609756107,77.86282978911657,0.03282978911657608,77.78508068940032,0.04491931059968124,77.8231411113304,0.006858888669597718
H&M_1260556031,69.5,59.64462439024389,9.85537560975611,69.47331730102137,0.026682698978632402,69.45855761973259,0.041442380267412204,69.53556976895551,0.03556976895551145
H&M_1347085005,77.83,59.64462439024389,18.185375609756107,77.86282792060376,0.03282792060376494,77.7082670354115,0.12173296458850302,77.8231411113304,0.006858888669597718
H&M_1347085005,69.5,59.64462439024389,9.85537560975611,69.49903489606821,0.0009651039317901677,69.42732574516246,0.07267425483753698,69.51446523446187,0.014465234461866316
H&M_1347085005,69.5,59.64462439024389,9.85537560975611,69.46195256733881,0.038047432661187486,69.39307878914678,0.1069212108532156,69.51446523446187,0.014465234461866316
H&M_1347085005,77.83,59.64462439024389,18.185375609756107,77.86282806449616,0.03282806449615805,77.68276833900572,0.14723166099427942,77.8231411113304,0.006858888669597718
H&M_1347085005,69.5,59.64462439024389,9.85537560975611,69.47331557640095,0.026684423599050433,69.46022017892983,0.03977982107016942,69.36721930918006,0.13278069081994204
H&M_1348111001,61.5,59.64462439024389,1.8553756097561092,61.43490162230094,0.06509837769905857,62.47741874829666,0.9774187482966568,60.60545485861455,0.8945451413854499
H&M_1348111001,61.5,59.64462439024389,1.8553756097561092,61.524878215785996,0.02487821578599636,61.80294717708304,0.3029471770830412,60.99094027474491,0.5090597252550921
H&M_1348111001,61.5,59.64462439024389,1.8553756097561092,61.48779588705658,0.012204112943422274,61.780484126226945,0.28048412622694485,61.07698116134828,0.4230188386517213
H&M_1348111001,61.5,59.64462439024389,1.8553756097561092,61.43490176619335,0.06509823380665125,62.36599696515707,0.8659969651570734,60.7150672538216,0.7849327461783986
H&M_1348111001,69.83,59.64462439024389,10.185375609756107,69.95292851413933,0.12292851413933192,67.61842242156969,2.211577578430308,71.23549390572764,1.4054939057276385
H&M_1330170060,77.83,59.64462439024389,18.185375609756107,77.86251646801786,0.032516468017860234,77.77876080775034,0.05123919224965334,77.8231411113304,0.006858888669597718
H&M_1330170060,69.5,59.64462439024389,9.85537560975611,69.4987234434823,0.0012765565176948712,69.48701129915659,0.012988700843408196,69.49934293589659,0.0006570641034073788
H&M_1330170060,69.5,59.64462439024389,9.85537560975611,69.4616411147529,0.0383588852471064,69.48356599423232,0.016434005767678173,69.49934293589659,0.0006570641034073788
H&M_1330170060,77.83,59.64462439024389,18.185375609756107,77.86251661191025,0.032516611910253346,77.77167007498822,0.05832992501177614,77.8231411113304,0.006858888669597718
H&M_1330170060,69.5,59.64462439024389,9.85537560975611,69.47300412381504,0.026995876184955137,69.45733937650138,0.04266062349861954,69.5385922557196,0.03859225571960678
H&M_1260556032,77.83,59.64462439024389,18.185375609756107,77.86276656952745,0.03276656952745327,77.77729232972209,0.052707670277911234,77.8231411113304,0.006858888669597718
H&M_1260556032,69.5,59.64462439024389,9.85537560975611,69.4989735449919,0.0010264550081018342,69.47794572017409,0.022054279825908907,69.49836957879373,0.0016304212062721035
H&M_1260556032,69.5,59.64462439024389,9.85537560975611,69.46189121626249,0.03810878373751336,69.499543976464,0.00045602353600315837,69.49836957879373,0.0016304212062721035
H&M_1260556032,77.83,59.64462439024389,18.185375609756107,77.86276671341984,0.03276671341984638,77.77093552508751,0.05906447491248912,77.8231411113304,0.006858888669597718
H&M_1260556032,69.5,59.64462439024389,9.85537560975611,69.47325422532464,0.0267457746753621,69.47325187585312,0.026748124146877217,69.53556976895551,0.03556976895551145
H&M_1347186002,77.83,59.64462439024389,18.185375609756107,77.85922599872387,0.02922599872387366,77.78112003134608,0.04887996865392097,77.8231411113304,0.006858888669597718
H&M_1347186002,69.5,59.64462439024389,9.85537560975611,69.49543297418832,0.004567025811681447,69.49448690133727,0.0055130986627318634,69.49836957879373,0.0016304212062721035
H&M_1347186002,69.5,59.64462439024389,9.85537560975611,69.4583506454589,0.041649354541092976,69.49763280393131,0.0023671960686897364,69.49836957879373,0.0016304212062721035
H&M_1347186002,77.83,59.64462439024389,18.185375609756107,77.85922614261627,0.02922614261626677,77.73913925399314,0.09086074600685379,77.8231411113304,0.006858888669597718
H&M_1347186002,69.5,59.64462439024389,9.85537560975611,69.46971365452106,0.030286345478941712,69.49504081572847,0.004959184271527306,69.53556976895551,0.03556976895551145
H&M_1340697001,77.83,59.64462439024389,18.185375609756107,77.86299859284458,0.032998592844577956,77.77412264770385,0.05587735229615021,77.83234317848562,0.002343178485617159
H&M_1340697001,69.5,59.64462439024389,9.85537560975611,69.49920556830904,0.0007944316909629379,69.48655543454896,0.01344456545103867,69.49004689238083,0.009953107619168122
H&M_1340697001,69.5,59.64462439024389,9.85537560975611,69.46212323957963,0.03787676042037447,69.48266018297036,0.017339817029636606,69.49004689238083,0.009953107619168122
H&M_1340697001,77.83,59.64462439024389,18.185375609756107,77.86299873673698,0.03299873673698528,77.77128168200677,0.058718317993225355,77.83234317848562,0.002343178485617159
H&M_1340697001,69.5,59.64462439024389,9.85537560975611,69.47348624864178,0.026513751358223203,69.48312559199599,0.016874408004014185,69.52674242585726,0.026742425857264607
H&M_1142908087,77.83,59.64462439024389,18.185375609756107,77.86273069119648,0.03273069119647687,77.77610716989456,0.05389283010543977,77.8231411113304,0.006858888669597718
H&M_1142908087,69.5,59.64462439024389,9.85537560975611,69.49893766666091,0.0010623333390924472,69.4844302851485,0.01556971485149461,69.49836957879373,0.0016304212062721035
H&M_1142908087,69.5,59.64462439024389,9.85537560975611,69.4618553379315,0.038144662068503976,69.47991981553008,0.02008018446991855,69.49836957879373,0.0016304212062721035
H&M_1142908087,77.83,59.64462439024389,18.185375609756107,77.86273083508887,0.03273083508886998,77.76854191268934,0.06145808731065472,77.8231411113304,0.006858888669597718
H&M_1142908087,69.5,59.64462439024389,9.85537560975611,69.47321834699365,0.026781653006352713,69.46154564578381,0.03845435421618504,69.53556976895551,0.03556976895551145
H&M_1330170058,77.83,59.64462439024389,18.185375609756107,77.86228228161286,0.03228228161286495,77.78984860450139,0.040151395498611464,77.8231411113304,0.006858888669597718
H&M_1330170058,69.5,59.64462439024389,9.85537560975611,69.49848925707731,0.0015107429226901559,69.48803925835672,0.011960741643278539,69.49934293589659,0.0006570641034073788
H&M_1330170058,69.5,59.64462439024389,9.85537560975611,69.4614069283479,0.038593071652101685,69.48440058564391,0.015599414356088914,69.49934293589659,0.0006570641034073788
H&M_1330170058,77.83,59.64462439024389,18.185375609756107,77.86228242550526,0.03228242550525806,77.76789020084254,0.062109799157454404,77.8231411113304,0.006858888669597718
H&M_1330170058,69.5,59.64462439024389,9.85537560975611,69.47276993741005,0.02723006258995042,69.4783299425391,0.02167005746089501,69.5385922557196,0.03859225571960678
H&M_925212001,71.83,59.64462439024389,12.185375609756107,71.86289925429242,0.03289925429241691,71.78460338868258,0.04539661131741468,71.86203761065289,0.03203761065289257
H&M_925212001,63.5,59.64462439024389,3.855375609756109,63.49910622975686,0.0008937702431381922,63.464513212561265,0.035486787438735234,63.52408553687931,0.02408553687931203
H&M_925212001,63.5,59.64462439024389,3.855375609756109,63.46202390102745,0.03797609897254972,63.42748839614021,0.0725116038597875,63.52408553687931,0.02408553687931203
H&M_925212001,71.83,59.64462439024389,12.185375609756107,71.86289939818482,0.032899398184824236,71.87977883835079,0.049778838350789556,71.86203761065289,0.03203761065289257
H&M_925212001,63.5,59.64462439024389,3.855375609756109,63.4733869100896,0.026613089910398458,63.40073503480988,0.09926496519012318,63.3111647344717,0.1888352655282972
H&M_1290209018,77.83,59.64462439024389,18.185375609756107,77.86276135354487,0.03276135354487053,77.76378538390686,0.06621461609313428,77.8231411113304,0.006858888669597718
H&M_1290209018,69.5,59.64462439024389,9.85537560975611,69.49896832900932,0.0010316709906845745,69.49443928228965,0.005560717710352492,69.49836957879373,0.0016304212062721035
H&M_1290209018,69.5,59.64462439024389,9.85537560975611,69.4618860002799,0.0381139997200961,69.49774391504242,0.0022560849575796738,69.49836957879373,0.0016304212062721035
H&M_1290209018,77.83,59.64462439024389,18.185375609756107,77.86276149743728,0.03276149743727785,77.73922055480614,0.09077944519385994,77.8231411113304,0.006858888669597718
H&M_1290209018,69.5,59.64462439024389,9.85537560975611,69.47324900934206,0.02675099065794484,69.49504081572847,0.004959184271527306,69.53556976895551,0.03556976895551145
H&M_1343919002,77.83,59.64462439024389,18.185375609756107,77.85748449632815,0.027484496328156638,77.75113712952437,0.07886287047563201,77.8231411113304,0.006858888669597718
H&M_1343919002,69.5,59.64462439024389,9.85537560975611,69.4936914717926,0.006308528207398467,69.4901470156579,0.009852984342103355,69.49836957879373,0.0016304212062721035
H&M_1343919002,69.5,59.64462439024389,9.85537560975611,69.45660914306319,0.043390856936809996,69.48007479231484,0.01992520768516215,69.49836957879373,0.0016304212062721035
H&M_1343919002,77.83,59.64462439024389,18.185375609756107,77.85748464022055,0.02748464022054975,77.78992150803172,0.04007849196827351,77.8231411113304,0.006858888669597718
H&M_1343919002,69.5,59.64462439024389,9.85537560975611,69.46797215212534,0.03202784787465873,69.47149701161965,0.028502988380353145,69.53556976895551,0.03556976895551145
H&M_1350139003,63.33,59.64462439024389,3.6853756097561075,63.35516602006832,0.02516602006831903,63.24957412295587,0.08042587704412796,63.332615069627714,0.002615069627715627
H&M_1350139003,55.0,59.64462439024389,4.644624390243891,54.99137299553277,0.008627004467228971,54.98519767333459,0.014802326665410703,54.95945513533696,0.040544864663040414
H&M_1350139003,55.0,59.64462439024389,4.644624390243891,54.95429066680336,0.0457093331966405,55.02932530578989,0.029325305789889455,54.96121028534435,0.03878971465564973
H&M_1350139003,63.33,59.64462439024389,3.6853756097561075,63.35516616396072,0.025166163960719246,63.082993043915366,0.24700695608463263,63.33778540772973,0.0077854077297345725
H&M_1350139003,42.5,59.64462439024389,17.14462439024389,42.48825721312335,0.011742786876652644,43.62775740858741,1.1277574085874065,42.394879687764885,0.10512031223511542
H&M_1142908001,77.83,59.64462439024389,18.185375609756107,77.8628257180925,0.03282571809249646,77.76251308995644,0.06748691004355578,77.83234317848562,0.002343178485617159
H&M_1142908001,69.5,59.64462439024389,9.85537560975611,69.49903269355694,0.0009673064430586464,69.4986613835259,0.0013386164741007178,69.48969877133509,0.010301228664914674
H&M_1142908001,69.5,59.64462439024389,9.85537560975611,69.46195036482753,0.038049635172470175,69.50168368191221,0.0016836819122119095,69.48969877133509,0.010301228664914674
H&M_1142908001,77.83,59.64462439024389,18.185375609756107,77.86282586198489,0.03282586198488957,77.71061491060858,0.11938508939141457,77.83234317848562,0.002343178485617159
H&M_1142908001,69.5,59.64462439024389,9.85537560975611,69.47331337388968,0.026686626110318912,69.49728819497295,0.002711805027047376,69.52844343447275,0.028443434472748663
H&M_1360820001,71.83,59.64462439024389,12.185375609756107,71.86299061402967,0.032990614029671406,71.7954944490651,0.03450555093489527,71.83557023627196,0.005570236271964291
H&M_1360820001,63.5,59.64462439024389,3.855375609756109,63.49919758949411,0.0008024105058908049,63.491853462510214,0.008146537489785999,63.53245980844546,0.03245980844545926
H&M_1360820001,63.5,59.64462439024389,3.855375609756109,63.4621152607647,0.037884739235302334,63.56762156796107,0.06762156796106922,63.53245980844546,0.03245980844545926
H&M_1360820001,71.83,59.64462439024389,12.185375609756107,71.86299075792206,0.03299075792206452,71.87741538146095,0.04741538146095081,71.83557023627196,0.005570236271964291
H&M_1360820001,63.5,59.64462439024389,3.855375609756109,63.47347826982685,0.02652173017315107,63.47011220314114,0.02988779685885845,63.32599035645328,0.174009643546718
H&M_1352971003,61.5,59.64462439024389,1.8553756097561092,61.43490162230094,0.06509837769905857,62.47741874829666,0.9774187482966568,60.60545485861455,0.8945451413854499
H&M_1352971003,61.5,59.64462439024389,1.8553756097561092,61.524878215785996,0.02487821578599636,61.80294717708304,0.3029471770830412,60.99094027474491,0.5090597252550921
H&M_1352971003,61.5,59.64462439024389,1.8553756097561092,61.48779588705658,0.012204112943422274,61.780484126226945,0.28048412622694485,61.07698116134828,0.4230188386517213
H&M_1352971003,61.5,59.64462439024389,1.8553756097561092,61.43490176619335,0.06509823380665125,62.36599696515707,0.8659969651570734,60.7150672538216,0.7849327461783986
H&M_1352971003,69.83,59.64462439024389,10.185375609756107,69.95292851413933,0.12292851413933192,67.61842242156969,2.211577578430308,71.23549390572764,1.4054939057276385
H&M_1341688019,77.83,59.64462439024389,18.185375609756107,77.8638011634895,0.033801163489499686,77.73185352847733,0.09814647152266787,77.85604424446423,0.026044244464230815
H&M_1341688019,69.5,59.64462439024389,9.85537560975611,69.50000813895394,8.138953944580862e-06,69.47789970512471,0.022100294875286863,69.51242811009338,0.012428110093381406
H&M_1341688019,69.5,59.64462439024389,9.85537560975611,69.46292581022453,0.03707418977546695,69.49083926167363,0.009160738326372098,69.51242811009338,0.012428110093381406
H&M_1341688019,77.83,59.64462439024389,18.185375609756107,77.86380130738189,0.0338013073818928,77.73351423350184,0.0964857664981622,77.85604424446423,0.026044244464230815
H&M_1341688019,69.5,59.64462439024389,9.85537560975611,69.47428881928668,0.025711180713315684,69.50632286809743,0.0063228680974276585,69.5506513822436,0.05065138224360055
H&M_1348331001,61.33,59.64462439024389,1.6853756097561075,61.37544743967656,0.04544743967656473,60.86900062890613,0.46099937109386957,61.12827021381936,0.20172978618063553
H&M_1348331001,53.0,59.64462439024389,6.644624390243891,53.01165441514101,0.011654415141009622,53.702692770727346,0.7026927707273458,53.296322322959725,0.2963223229597247
H&M_1348331001,53.0,59.64462439024389,6.644624390243891,52.9745720864116,0.025427913588401907,53.64522399136858,0.6452239913685816,53.26316070676826,0.26316070676826087
H&M_1348331001,61.33,59.64462439024389,1.6853756097561075,61.37544758356897,0.04544758356897205,60.536779441750625,0.7932205582493737,61.08767907396195,0.24232092603804745
H&M_1348331001,53.0,59.64462439024389,6.644624390243891,52.98593509547375,0.014064904526250643,53.520650137493824,0.5206501374938242,53.35835771874645,0.35835771874644706
H&M_1340768001,71.0,59.64462439024389,11.35537560975611,70.93385633931823,0.06614366068177446,70.85638308128246,0.1436169187175409,70.98919472923856,0.010805270761437669
H&M_1340768001,71.0,59.64462439024389,11.35537560975611,71.02383293280327,0.023832932803273366,70.93170320215796,0.0682967978420379,70.97886951175671,0.021130488243287004
H&M_1340768001,71.0,59.64462439024389,11.35537560975611,70.98675060407388,0.013249395926123952,70.93318329353608,0.0668167064639249,70.97886951175671,0.021130488243287004
H&M_1340768001,71.0,59.64462439024389,11.35537560975611,70.93385648321063,0.06614351678936714,70.90674082341395,0.0932591765860451,70.99683977882637,0.003160221173629907
H&M_1340768001,79.33,59.64462439024389,19.685375609756107,79.45188323115661,0.12188323115661603,78.45632937546671,0.8736706245332897,79.45230768069622,0.122307680696224
H&M_1322041001,77.83,59.64462439024389,18.185375609756107,77.86249538449157,0.0324953844915683,77.68529815450556,0.14470184549443843,77.83001912751888,1.9127518882555705e-05
H&M_1322041001,69.5,59.64462439024389,9.85537560975611,69.49870235995601,0.001297640043986803,69.41686537365669,0.08313462634330904,69.51480794839738,0.01480794839737598
H&M_1322041001,69.5,59.64462439024389,9.85537560975611,69.4616200312266,0.03837996877339833,69.42889735577526,0.07110264422473733,69.51480794839738,0.01480794839737598
H&M_1322041001,77.83,59.64462439024389,18.185375609756107,77.86249552838396,0.032495528383961414,77.66721478239089,0.16278521760911246,77.83001912751888,1.9127518882555705e-05
H&M_1322041001,69.5,59.64462439024389,9.85537560975611,69.47298304028875,0.02701695971124707,69.38804191079346,0.1119580892065386,69.36551289345434,0.13448710654566298
H&M_1268221019,47.5,59.64462439024389,12.14462439024389,47.526266794655754,0.02626679465575421,48.151724987558595,0.6517249875585946,48.610455310977535,1.1104553109775352
H&M_1268221019,47.5,59.64462439024389,12.14462439024389,47.6162433881408,0.11624338814080204,48.03161725181852,0.5316172518185169,48.65795723142582,1.1579572314258186
H&M_1268221019,47.5,59.64462439024389,12.14462439024389,47.57916105941139,0.07916105941139051,47.87431617025156,0.3743161702515607,48.64602189069407,1.1460218906940725
H&M_1268221019,47.5,59.64462439024389,12.14462439024389,47.52626693854815,0.026266938548147323,47.96344228302089,0.4634422830208891,48.618100360565336,1.118100360565336
H&M_1268221019,47.5,59.64462439024389,12.14462439024389,47.59052406847354,0.09052406847354177,47.60614762402485,0.10614762402484956,48.64466802749907,1.1446680274990726
H&M_1351671005,77.83,59.64462439024389,18.185375609756107,77.86381279049266,0.03381279049266084,77.72856471727478,0.10143528272521962,77.85604424446423,0.026044244464230815
H&M_1351671005,69.5,59.64462439024389,9.85537560975611,69.5000197659571,1.9765957105732923e-05,69.47529252875441,0.02470747124559125,69.51242811009338,0.012428110093381406
H&M_1351671005,69.5,59.64462439024389,9.85537560975611,69.4629374372277,0.037062562772305796,69.5061033882976,0.006103388297603374,69.51242811009338,0.012428110093381406
H&M_1351671005,77.83,59.64462439024389,18.185375609756107,77.86381293438505,0.03381293438505395,77.72136237372162,0.10863762627838014,77.85604424446423,0.026044244464230815
H&M_1351671005,69.5,59.64462439024389,9.85537560975611,69.47430044628985,0.025699553710154532,69.46869804299737,0.03130195700262561,69.5506513822436,0.05065138224360055
H&M_1350154003,77.83,59.64462439024389,18.185375609756107,77.86304154189965,0.033041541899649474,77.7878881007261,0.04211189927390535,77.8231411113304,0.006858888669597718
H&M_1350154003,69.5,59.64462439024389,9.85537560975611,69.4992485173641,0.0007514826359056315,69.49563290751472,0.004367092485281887,69.49836957879373,0.0016304212062721035
H&M_1350154003,69.5,59.64462439024389,9.85537560975611,69.46216618863468,0.03783381136531716,69.48786711806758,0.01213288193241624,69.49836957879373,0.0016304212062721035
H&M_1350154003,77.83,59.64462439024389,18.185375609756107,77.86304168579204,0.033041685792042585,77.76697836204606,0.06302163795393767,77.8231411113304,0.006858888669597718
H&M_1350154003,69.5,59.64462439024389,9.85537560975611,69.47352919769683,0.026470802303165897,69.48130677450581,0.01869322549418939,69.53556976895551,0.03556976895551145
H&M_1260556033,77.83,59.64462439024389,18.185375609756107,77.86277975930159,0.03277975930159016,77.7761678608376,0.053832139162395265,77.8231411113304,0.006858888669597718
H&M_1260556033,69.5,59.64462439024389,9.85537560975611,69.49898673476604,0.001013265233964944,69.4844302851485,0.01556971485149461,69.49836957879373,0.0016304212062721035
H&M_1260556033,69.5,59.64462439024389,9.85537560975611,69.46190440603664,0.03809559396336226,69.47980870441897,0.020191295581028612,69.49836957879373,0.0016304212062721035
H&M_1260556033,77.83,59.64462439024389,18.185375609756107,77.862779903194,0.032779903193997484,77.76893873808618,0.061061261913820886,77.8231411113304,0.006858888669597718
H&M_1260556033,69.5,59.64462439024389,9.85537560975611,69.47326741509877,0.02673258490122521,69.46522011624087,0.03477988375912844,69.53556976895551,0.03556976895551145
H&M_1357162002,77.83,59.64462439024389,18.185375609756107,77.92000022832643,0.0900002283264314,77.7428533358854,0.0871466641145986,77.8231411113304,0.006858888669597718
H&M_1357162002,69.5,59.64462439024389,9.85537560975611,69.55620720379088,0.05620720379087629,69.47514276845443,0.024857231545567515,69.51296744215611,0.012967442156110565
H&M_1357162002,69.5,59.64462439024389,9.85537560975611,69.51912487506148,0.019124875061478974,69.49119664142162,0.00880335857837622,69.51296744215611,0.012967442156110565
H&M_1357162002,77.83,59.64462439024389,18.185375609756107,77.92000037221882,0.09000037221882451,77.73029846165946,0.09970153834053974,77.8231411113304,0.006858888669597718
H&M_1357162002,69.5,59.64462439024389,9.85537560975611,69.53048788412363,0.030487884123630238,69.48813573435864,0.011864265641364113,69.55323984396756,0.05323984396756032
H&M_1346460001,69.83,59.64462439024389,10.185375609756107,69.86300764658607,0.03300764658607136,69.95961168503182,0.12961168503181852,70.1364463503899,0.30644635038990486
H&M_1346460001,61.5,59.64462439024389,1.8553756097561092,61.499214622050516,0.0007853779494837454,61.87757269815943,0.3775726981594332,61.71717664359926,0.21717664359925948
H&M_1346460001,61.5,59.64462439024389,1.8553756097561092,61.462132293321105,0.037867706678895274,61.945550672555996,0.4455506725559957,61.71717664359926,0.21717664359925948
H&M_1346460001,69.83,59.64462439024389,10.185375609756107,69.86300779047848,0.03300779047847868,69.88992943487419,0.05992943487419211,70.1364463503899,0.30644635038990486
H&M_1346460001,61.5,59.64462439024389,1.8553756097561092,61.473495302383256,0.02650469761674401,61.89878664735467,0.39878664735466884,61.49522529607793,0.004774703922066692
H&M_1351651002,63.33,59.64462439024389,3.6853756097561075,63.358175613693376,0.028175613693377954,63.26641483105834,0.06358516894165689,63.31544733968819,0.01455266031180713
H&M_1351651002,55.0,59.64462439024389,4.644624390243891,54.99438258915783,0.005617410842170045,55.03591023790368,0.03591023790367842,54.963469298769226,0.03653070123077384
H&M_1351651002,55.0,59.64462439024389,4.644624390243891,54.95730026042842,0.042699739571581574,55.0835297545215,0.08352975452149991,54.96522444877662,0.03477555122338316
H&M_1351651002,63.33,59.64462439024389,3.6853756097561075,63.358175757585784,0.028175757585785277,63.12601894478943,0.2039810552105692,63.31435251969416,0.01564748030583729
H&M_1351651002,42.5,59.64462439024389,17.14462439024389,42.49126680674841,0.008733193251586613,43.56939773001867,1.0693977300186717,42.371990075500236,0.12800992449976434
H&M_1199249058,55.0,59.64462439024389,4.644624390243891,54.958710386833225,0.04128961316677504,55.83366942311854,0.8336694231185433,54.94295351915695,0.05704648084304864
H&M_1199249058,55.0,59.64462439024389,4.644624390243891,55.04868698031827,0.04868698031827279,55.02776607973403,0.027766079734028892,54.84021619097877,0.1597838090212278
H&M_1199249058,55.0,59.64462439024389,4.644624390243891,55.01160465158886,0.011604651588861259,55.091535850757076,0.09153585075707582,54.84014394152132,0.159856058478681
H&M_1199249058,55.0,59.64462439024389,4.644624390243891,54.958710530725625,0.041289469274374824,55.010030604291195,0.010030604291195289,54.96585811038277,0.03414188961723141
H&M_1199249058,55.0,59.64462439024389,4.644624390243891,55.02296766065101,0.022967660651012523,55.151831247728516,0.15183124772851642,54.84730486912156,0.1526951308784419
H&M_941666096,61.5,59.64462439024389,1.8553756097561092,61.40860271542035,0.09139728457964935,62.19899634006562,0.6989963400656194,61.055382401524554,0.44461759847544613
H&M_941666096,61.5,59.64462439024389,1.8553756097561092,61.498579308905406,0.0014206910945944173,62.06709984102975,0.5670998410297514,61.47466649284964,0.025333507150357093
H&M_941666096,61.5,59.64462439024389,1.8553756097561092,61.461496980175994,0.038503019824005946,62.0782851383185,0.578285138318499,61.55213788471909,0.052137884719087424
H&M_941666096,61.5,59.64462439024389,1.8553756097561092,61.40860285931276,0.09139714068724203,62.19837820515911,0.6983782051591092,61.160782367704265,0.3392176322957354
H&M_941666096,69.83,59.64462439024389,10.185375609756107,69.92662960725875,0.09662960725874825,68.64613434654744,1.183865653452557,70.34723523447826,0.5172352344782638
H&M_1348995002,71.0,59.64462439024389,11.35537560975611,70.9337218047628,0.06627819523720291,70.72827616688284,0.2717238331171643,70.97360335005033,0.02639664994967461
H&M_1348995002,71.0,59.64462439024389,11.35537560975611,71.02369839824784,0.02369839824784492,70.8369275045321,0.16307249546790104,70.98538612469319,0.014613875306807245
H&M_1348995002,71.0,59.64462439024389,11.35537560975611,70.98661606951843,0.013383930481566608,70.86207444704871,0.1379255529512875,70.98538612469319,0.014613875306807245
H&M_1348995002,71.0,59.64462439024389,11.35537560975611,70.93372194865519,0.0662780513448098,70.7473581292759,0.25264187072410493,70.98124839963813,0.01875160036186685
H&M_1348995002,79.33,59.64462439024389,19.685375609756107,79.45174869660117,0.12174869660117338,77.59142317278045,1.7385768272195463,79.48095933742589,0.1509593374258884
H&M_1309848008,61.5,59.64462439024389,1.8553756097561092,61.433900034061985,0.06609996593801526,62.165193287306586,0.665193287306586,61.05248819984701,0.44751180015298786
H&M_1309848008,61.5,59.64462439024389,1.8553756097561092,61.52387662754703,0.02387662754703257,62.03879922864665,0.5387992286466528,61.443447358866486,0.056552641133514214
H&M_1309848008,61.5,59.64462439024389,1.8553756097561092,61.48679429881762,0.01320570118237896,62.02424353857331,0.5242435385733089,61.52091875073593,0.020918750735930303
H&M_1309848008,61.5,59.64462439024389,1.8553756097561092,61.433900177954385,0.06609982204561504,62.19426620728963,0.6942662072896297,61.15788816602672,0.34211183397327716
H&M_1309848008,69.83,59.64462439024389,10.185375609756107,69.95192692590037,0.12192692590036813,68.45270805330674,1.377291946693262,70.35446723788515,0.5244672378851476
H&M_1216645001,71.0,59.64462439024389,11.35537560975611,70.93498057012619,0.06501942987381426,70.75220317164074,0.24779682835925598,70.9876969369328,0.01230306306719342
H&M_1216645001,71.0,59.64462439024389,11.35537560975611,71.02495716361123,0.024957163611233568,71.04457029675362,0.04457029675361923,70.97737171945096,0.022628280549042756
H&M_1216645001,71.0,59.64462439024389,11.35537560975611,70.98787483488184,0.01212516511816375,71.02111617329244,0.021116173292440976,70.97737171945096,0.022628280549042756
H&M_1216645001,71.0,59.64462439024389,11.35537560975611,70.9349807140186,0.06501928598140694,70.83826638418327,0.16173361581672907,70.99534198652061,0.004658013479385659
H&M_1216645001,79.33,59.64462439024389,19.685375609756107,79.45300746196457,0.12300746196457624,77.84515558448912,1.484844415510878,79.46678238895036,0.13678238895036543
H&M_1347697003,77.83,59.64462439024389,18.185375609756107,77.86295153699103,0.03295153699103537,77.79023647706987,0.03976352293013008,77.8231411113304,0.006858888669597718
H&M_1347697003,69.5,59.64462439024389,9.85537560975611,69.4991585124555,0.0008414875445055259,69.49466490476914,0.005335095230861953,69.49934293589659,0.0006570641034073788
H&M_1347697003,69.5,59.64462439024389,9.85537560975611,69.46207618372608,0.037923816273917055,69.48284364282604,0.01715635717395969,69.49934293589659,0.0006570641034073788
H&M_1347697003,77.83,59.64462439024389,18.185375609756107,77.86295168088344,0.03295168088344269,77.76958616433038,0.06041383566962111,77.8231411113304,0.006858888669597718
H&M_1347697003,69.5,59.64462439024389,9.85537560975611,69.47343919278823,0.02656080721176579,69.48216014337714,0.017839856622856587,69.5385922557196,0.03859225571960678
H&M_1348870002,64.33,59.64462439024389,4.6853756097561075,64.36292273845633,0.03292273845633531,63.54295968790106,0.787040312098938,64.25563371369589,0.07436628630411235
H&M_1348870002,56.0,59.64462439024389,3.644624390243891,55.999129713920794,0.0008702860792055844,55.73849832585929,0.26150167414071035,56.03305792611958,0.03305792611958225
H&M_1348870002,56.0,59.64462439024389,3.644624390243891,55.96204738519138,0.03795261480861711,55.751249296919234,0.2487507030807663,56.03481307612697,0.03481307612697293
H&M_1348870002,64.33,59.64462439024389,4.6853756097561075,64.36292288234874,0.03292288234874263,63.52719916388785,0.8028008361121479,64.26317475564525,0.0668252443547459
H&M_1348870002,56.0,59.64462439024389,3.644624390243891,55.97341039425353,0.026589605746472955,55.16466551416556,0.8353344858344371,56.15441632359859,0.15441632359858914
H&M_1359542001,69.83,59.64462439024389,10.185375609756107,69.86317839714924,0.033178397149242755,70.31225861289876,0.48225861289876093,69.91900574903748,0.08900574903748293
H&M_1359542001,61.5,59.64462439024389,1.8553756097561092,61.49938537261368,0.0006146273863194551,62.20375313577479,0.7037531357747895,61.800868803333074,0.3008688033330742
H&M_1359542001,61.5,59.64462439024389,1.8553756097561092,61.46230304388427,0.037696956115730984,62.309668471690735,0.8096684716907347,61.800868803333074,0.3008688033330742
H&M_1359542001,69.83,59.64462439024389,10.185375609756107,69.86317854104163,0.03317854104163587,70.25119356193535,0.42119356193535396,69.91900574903748,0.08900574903748293
H&M_1359542001,61.5,59.64462439024389,1.8553756097561092,61.47366605294642,0.02633394705357972,62.29482828064549,0.7948282806454898,61.53903918886251,0.03903918886251034
H&M_1343852002,47.5,59.64462439024389,12.14462439024389,47.527270949313724,0.027270949313724202,48.350693353673165,0.8506933536731651,48.63455410754944,1.134554107549441
H&M_1343852002,47.5,59.64462439024389,12.14462439024389,47.61724754279877,0.11724754279877203,48.30514339474824,0.8051433947482423,48.682056027997724,1.1820560279977244
H&M_1343852002,47.5,59.64462439024389,12.14462439024389,47.58016521406936,0.0801652140693605,48.19487463195362,0.694874631953617,48.67012068726598,1.1701206872659782
H&M_1343852002,47.5,59.64462439024389,12.14462439024389,47.527271093206124,0.02727109320612442,48.21144402282791,0.7114440228279122,48.64219915713724,1.1421991571372416
H&M_1343852002,47.5,59.64462439024389,12.14462439024389,47.59152822313151,0.09152822313151177,47.592250707466455,0.09225070746645514,48.66978990605943,1.1697899060594281
