id_unico,valor_real,prediccion_dummy_regressor,error_dummy_regressor,prediccion_regresion_lineal,error_regresion_lineal,prediccion_random_forest,error_random_forest,prediccion_histgradientboosting,error_histgradientboosting
ASOS_207394233,65.25,59.64462439024389,5.605375609756109,67.79990250778725,2.5499025077872517,68.07305269135084,2.8230526913508385,63.72213097286995,1.527869027130052
ASOS_207394233,65.25,59.64462439024389,5.605375609756109,64.68469925410221,0.5653007458977868,67.88667096345843,2.636670963458428,63.72499643731577,1.5250035626842333
ASOS_207394233,65.25,59.64462439024389,5.605375609756109,64.46798380964577,0.7820161903542271,68.05775727136835,2.807757271368345,63.78259225599728,1.4674077440027204
ASOS_207394233,65.25,59.64462439024389,5.605375609756109,67.79990250656391,2.5499025065639103,67.9879238437636,2.737923843763596,63.69463461065401,1.5553653893459867
ASOS_207394233,65.25,59.64462439024389,5.605375609756109,63.180471613240826,2.069528386759174,67.98801080277576,2.7380108027757615,63.79843920735264,1.4515607926473635
ASOS_210958783,51.83,59.64462439024389,7.8146243902438925,49.02379904353454,2.80620095646546,50.16890494508404,1.661095054915961,49.701357275246146,2.1286427247538526
ASOS_210958783,43.5,59.64462439024389,16.14462439024389,45.9085957898495,2.4085957898494996,42.39652585403203,1.1034741459679722,41.298299933151526,2.201700066848474
ASOS_210958783,43.5,59.64462439024389,16.14462439024389,45.69188034539306,2.1918803453930593,42.552633732252964,0.9473662677470358,41.3869249021016,2.1130750978984025
ASOS_210958783,51.83,59.64462439024389,7.8146243902438925,49.0237990423112,2.8062009576888016,49.89332293028137,1.9366770697186269,49.70255519000733,2.1274448099926673
ASOS_210958783,31.0,59.64462439024389,28.64462439024389,44.40436814898811,13.404368148988112,33.126737682839384,2.1267376828393836,28.81445228107116,2.1855477189288415
ASOS_210442536,64.25,59.64462439024389,4.605375609756109,67.16268266271197,2.9126826627119726,63.62909875244095,0.620901247559047,63.78670323348534,0.46329676651465945
ASOS_210442536,64.25,59.64462439024389,4.605375609756109,64.04747940902693,0.20252059097306585,63.75287165086344,0.4971283491365597,63.881870856021635,0.36812914397836494
ASOS_210442536,64.25,59.64462439024389,4.605375609756109,63.830763964570494,0.41923603542950616,63.87843196360686,0.3715680363931426,63.88287729727329,0.36712270272671077
ASOS_210442536,64.25,59.64462439024389,4.605375609756109,67.16268266148863,2.912682661488631,63.41950369182239,0.830496308177608,63.78670323348534,0.46329676651465945
ASOS_210442536,64.25,59.64462439024389,4.605375609756109,62.54325176816555,1.7067482318344531,63.8623001315819,0.3876998684181032,63.79845576930036,0.4515442306996391
ASOS_211284470,57.25,59.64462439024389,2.394624390243891,59.607892066459016,2.3578920664590157,58.939916904363535,1.6899169043635354,57.15672965878294,0.0932703412170568
ASOS_211284470,57.25,59.64462439024389,2.394624390243891,56.49268881277398,0.7573111872260228,58.78643980923149,1.5364398092314886,57.07986439630921,0.17013560369078817
ASOS_211284470,57.25,59.64462439024389,2.394624390243891,56.27597336831753,0.9740266316824702,58.66123733827324,1.4112373382732386,56.950424762293245,0.29957523770675465
ASOS_211284470,57.25,59.64462439024389,2.394624390243891,59.607892065235674,2.3578920652356743,59.08534752760007,1.8353475276000708,57.11321326723586,0.13678673276414344
ASOS_211284470,57.25,59.64462439024389,2.394624390243891,54.98846117191259,2.26153882808741,58.786105641355604,1.5361056413556042,57.11628852782152,0.1337114721784829
ASOS_210576226,52.5,59.64462439024389,7.144624390243891,54.2484235272153,1.7484235272153015,51.158281518167364,1.3417184818326362,52.65172349851553,0.1517234985155298
ASOS_210576226,52.5,59.64462439024389,7.144624390243891,51.133220273530256,1.366779726469744,50.845895688505756,1.654104311494244,52.43584256806061,0.0641574319393925
ASOS_210576226,52.5,59.64462439024389,7.144624390243891,50.916504829073816,1.5834951709261844,50.79850377588611,1.701496224113889,52.45082480903311,0.049175190966892046
ASOS_210576226,52.5,59.64462439024389,7.144624390243891,54.24842352599197,1.7484235259919672,51.32673152625295,1.1732684737470507,52.652921413276715,0.15292141327671516
ASOS_210576226,52.5,59.64462439024389,7.144624390243891,49.628992632668876,2.8710073673311243,49.5998000588052,2.900199941194799,52.557596135240104,0.05759613524010376
ASOS_210651992,41.5,59.64462439024389,18.14462439024389,48.36388597313352,6.86388597313352,41.654025976335475,0.15402597633547543,40.99509730568483,0.5049026943151702
ASOS_210651992,49.83,59.64462439024389,9.814624390243893,45.248682719448475,4.581317280551524,48.876804897187704,0.9531951028122947,49.780548741663345,0.04945125833665287
ASOS_210651992,41.5,59.64462439024389,18.14462439024389,45.031967274992034,3.5319672749920343,41.97078554714696,0.47078554714695997,41.84768534684123,0.34768534684123154
ASOS_210651992,41.5,59.64462439024389,18.14462439024389,48.36388597191018,6.863885971910179,41.49656733284695,0.0034326671530493513,40.996295220446015,0.5037047795539848
ASOS_210651992,54.0,59.64462439024389,5.644624390243891,43.744455078587094,10.255544921412906,52.25644196915643,1.7435580308435732,54.01431559003834,0.014315590038343373
ASOS_210442617,64.25,59.64462439024389,4.605375609756109,68.16318705464231,3.9131870546423073,64.62662209761456,0.37662209761455756,63.78670323348534,0.46329676651465945
ASOS_210442617,64.25,59.64462439024389,4.605375609756109,65.04798380095727,0.7979838009572688,64.79747465088121,0.5474746508812132,63.881870856021635,0.36812914397836494
ASOS_210442617,64.25,59.64462439024389,4.605375609756109,64.83126835650083,0.5812683565008285,64.80427384460866,0.5542738446086588,63.88287729727329,0.36712270272671077
ASOS_210442617,64.25,59.64462439024389,4.605375609756109,68.16318705341897,3.913187053418966,64.6089017915906,0.358901791590597,63.78670323348534,0.46329676651465945
ASOS_210442617,64.25,59.64462439024389,4.605375609756109,63.54375616009588,0.7062438399041184,64.8673992019875,0.6173992019874959,63.79845576930036,0.4515442306996391
ASOS_210457607,69.25,59.64462439024389,9.60537560975611,70.28697043977516,1.0369704397751605,67.73038054869518,1.5196194513048198,68.04975379832247,1.2002462016775297
ASOS_210457607,69.25,59.64462439024389,9.60537560975611,67.17176718609012,2.078232813909878,67.73835840204706,1.511641597952945,67.81765368525845,1.432346314741551
ASOS_210457607,69.25,59.64462439024389,9.60537560975611,66.95505174163368,2.2949482583663183,67.80057263745482,1.4494273625451797,67.81866012651012,1.4313398734898755
ASOS_210457607,69.25,59.64462439024389,9.60537560975611,70.28697043855182,1.036970438551819,67.55695962895126,1.6930403710487383,68.04975379832247,1.2002462016775297
ASOS_210457607,69.25,59.64462439024389,9.60537560975611,65.66753954522873,3.5824604547712653,67.70081637017644,1.5491836298235597,67.90510353820677,1.3448964617932262
ASOS_210499927,47.5,59.64462439024389,12.14462439024389,52.122701430228666,4.622701430228666,48.40315612918474,0.9031561291847368,47.411704810815344,0.08829518918465595
ASOS_210499927,47.5,59.64462439024389,12.14462439024389,49.00749817654363,1.5074981765436277,48.305787850247384,0.8057878502473841,47.65923608821241,0.15923608821240975
ASOS_210499927,47.5,59.64462439024389,12.14462439024389,48.79078273208718,1.2907827320871803,48.2848763579776,0.7848763579776019,47.331220256674044,0.16877974332595613
ASOS_210499927,47.5,59.64462439024389,12.14462439024389,52.122701429005325,4.622701429005325,48.321017247919244,0.8210172479192437,47.41290272557653,0.0870972744234706
ASOS_210499927,47.5,59.64462439024389,12.14462439024389,47.50327053568224,0.0032705356822404497,47.96904130295337,0.46904130295337154,47.57942125695498,0.07942125695497992
ASOS_210672078,41.5,59.64462439024389,18.14462439024389,48.5075707506079,7.007570750607897,42.613201214597204,1.1132012145972041,40.81062805345402,0.6893719465459824
ASOS_210672078,49.83,59.64462439024389,9.814624390243893,45.39236749692286,4.43763250307714,49.8254850793563,0.004514920643700293,49.659784499351986,0.1702155006480126
ASOS_210672078,41.5,59.64462439024389,18.14462439024389,45.17565205246642,3.6756520524664182,42.816304927362005,1.3163049273620047,41.72692110452987,0.2269211045298718
ASOS_210672078,41.5,59.64462439024389,18.14462439024389,48.50757074938456,7.007570749384563,42.65912374724353,1.1591237472435267,40.8118259682152,0.6881740317847971
ASOS_210672078,54.0,59.64462439024389,5.644624390243891,43.88813985606147,10.111860143938529,53.09543382884205,0.9045661711579527,54.01867916348503,0.01867916348503229
ASOS_210575933,52.5,59.64462439024389,7.144624390243891,54.46342128982895,1.9634212898289505,51.145071699360905,1.354928300639095,52.54550596185581,0.045505961855809574
ASOS_210575933,52.5,59.64462439024389,7.144624390243891,51.34821803614391,1.151781963856088,51.03333667737618,1.4666633226238233,52.43412701067922,0.06587298932078056
ASOS_210575933,52.5,59.64462439024389,7.144624390243891,51.131502591687465,1.3684974083125354,51.05437096019174,1.44562903980826,52.44910925165172,0.05089074834828011
ASOS_210575933,52.5,59.64462439024389,7.144624390243891,54.46342128860561,1.963421288605609,51.272862661127014,1.2271373388729856,52.546703876616995,0.04670387661699493
ASOS_210575933,52.5,59.64462439024389,7.144624390243891,49.843990395282525,2.6560096047174753,49.60114017873797,2.898859821262029,52.47918866506122,0.020811334938777293
ASOS_210262394,69.25,59.64462439024389,9.60537560975611,71.91460844262203,2.6646084426220256,68.19768878670102,1.052311213298978,69.24428306961897,0.005716930381026941
ASOS_210262394,69.25,59.64462439024389,9.60537560975611,68.79940518893699,0.4505948110630129,68.42596078911195,0.8240392108880457,69.22022551780331,0.02977448219668588
ASOS_210262394,69.25,59.64462439024389,9.60537560975611,68.58268974448053,0.6673102555194674,68.47443145890772,0.7755685410922837,69.24679568269751,0.003204317302490267
ASOS_210262394,69.25,59.64462439024389,9.60537560975611,71.91460844139868,2.664608441398684,68.32638205331222,0.9236179466877843,69.18835079149504,0.06164920850496003
ASOS_210262394,69.25,59.64462439024389,9.60537560975611,67.2951775480756,1.9548224519244002,68.39706289913377,0.8529371008662281,69.30473863079884,0.05473863079883756
ASOS_210457228,69.25,59.64462439024389,9.60537560975611,71.05932224679513,1.8093222467951335,67.60862426001023,1.641375739989769,69.44489269685022,0.19489269685021782
ASOS_210457228,69.25,59.64462439024389,9.60537560975611,67.9441189931101,1.305881006889905,67.80441455708804,1.4455854429119626,69.44253660180718,0.19253660180717702
ASOS_210457228,69.25,59.64462439024389,9.60537560975611,67.72740354865365,1.5225964513463452,67.99134755235019,1.2586524476498084,69.44226288155014,0.1922628815501355
ASOS_210457228,69.25,59.64462439024389,9.60537560975611,71.05932224557179,1.809322245571792,67.77233744570961,1.47766255429039,69.4213879413148,0.17138794131480495
ASOS_210457228,69.25,59.64462439024389,9.60537560975611,66.43989135224871,2.810108647751292,67.86349284313931,1.386507156860688,69.34277059825621,0.09277059825620881
ASOS_210576228,58.83,59.64462439024389,0.8146243902438925,52.60952120550182,6.220478794498177,55.16964967950437,3.660350320495631,58.34110777348891,0.48889222651109066
ASOS_210576228,50.5,59.64462439024389,9.14462439024389,49.49431795181678,1.0056820481832176,48.840516037982404,1.659483962017596,50.654701930084045,0.15470193008404465
ASOS_210576228,50.5,59.64462439024389,9.14462439024389,49.27760250736034,1.222397492639658,48.65776884371348,1.8422311562865232,50.66885980078814,0.168859800788141
ASOS_210576228,58.83,59.64462439024389,0.8146243902438925,52.60952120427848,6.220478795721519,55.632557200375246,3.1974427996247528,58.34230568825009,0.4876943117499053
ASOS_210576228,38.0,59.64462439024389,21.64462439024389,47.990090310955395,9.990090310955395,37.25249734644702,0.7475026535529778,38.02200822783869,0.02200822783868972
ASOS_209792240,62.25,59.64462439024389,2.605375609756109,64.31418913632344,2.064189136323435,65.09391379595311,2.8439137959531138,62.24817427849083,0.001825721509170819
ASOS_209792240,62.25,59.64462439024389,2.605375609756109,61.1989858826384,1.0510141173616034,64.70024452101894,2.450244521018945,62.11874236295024,0.13125763704975668
ASOS_209792240,62.25,59.64462439024389,2.605375609756109,60.98227043818195,1.2677295618180509,64.74952393257101,2.499523932571009,62.102534669098254,0.14746533090174552
ASOS_209792240,62.25,59.64462439024389,2.605375609756109,64.3141891351001,2.0641891351000936,64.98745034689856,2.737450346898555,62.255109902787815,0.0051099027878152015
ASOS_209792240,62.25,59.64462439024389,2.605375609756109,59.69475824177701,2.5552417582229907,64.83293037027963,2.5829303702796267,62.0443349109608,0.20566508903920067
ASOS_209792242,46.83,59.64462439024389,12.814624390243893,42.898899544979606,3.931100455020392,48.85097540120466,2.020975401204659,47.05661906941141,0.22661906941141297
ASOS_209792242,38.5,59.64462439024389,21.14462439024389,39.783696291294575,1.283696291294575,41.30420178509098,2.8042017850909815,38.29700129123599,0.2029987087640066
ASOS_209792242,38.5,59.64462439024389,21.14462439024389,39.566980846838135,1.0669808468381348,41.395088059759,2.895088059758997,38.51265126726796,0.012651267267962396
ASOS_209792242,46.83,59.64462439024389,12.814624390243893,42.89889954375627,3.931100456243726,48.64614961354567,1.8161496135456687,47.0578169841726,0.22781698417259832
ASOS_209792242,26.0,59.64462439024389,33.64462439024389,38.27946865043319,12.279468650433188,32.72890942075274,6.728909420752743,26.13215784324454,0.1321578432445385
ASOS_211220651,49.83,59.64462439024389,9.814624390243893,43.81271443228815,6.017285567711845,49.87540071090354,0.04540071090354303,50.515320713158495,0.6853207131584966
ASOS_211220651,41.5,59.64462439024389,18.14462439024389,40.697511178603115,0.802488821396885,42.52942962804698,1.0294296280469766,41.62201149901404,0.12201149901404307
ASOS_211220651,41.5,59.64462439024389,18.14462439024389,40.480795734146675,1.0192042658533254,42.622637203204164,1.1226372032041638,41.65464016969508,0.1546401696950781
ASOS_211220651,49.83,59.64462439024389,9.814624390243893,43.81271443106482,6.017285568935179,49.76157310877911,0.06842689122088785,50.515320713158495,0.6853207131584966
ASOS_211220651,29.0,59.64462439024389,30.64462439024389,39.193283537741735,10.193283537741735,33.72127783643908,4.721277836439079,29.317153011146605,0.31715301114660477
ASOS_202494672,60.83,59.64462439024389,1.1853756097561075,52.90321758137865,7.92678241862135,52.711021067679056,8.118978932320942,52.85644843120201,7.973551568797987
ASOS_202494672,52.5,59.64462439024389,7.144624390243891,49.78801432769361,2.7119856723063904,46.626813346883075,5.873186653116925,46.873213747541726,5.626786252458274
ASOS_202494672,52.5,59.64462439024389,7.144624390243891,49.57129888323717,2.9287011167628307,46.579361616545775,5.920638383454225,46.855727206229076,5.644272793770924
ASOS_202494672,60.83,59.64462439024389,1.1853756097561075,52.90321758015531,7.926782419844692,52.65842285587601,8.171577144123987,52.96001965572727,7.869980344272726
ASOS_202494672,40.0,59.64462439024389,19.64462439024389,48.28378668683222,8.283786686832222,37.40464138462296,2.5953586153770374,37.06697740634171,2.9330225936582934
ASOS_207985354,57.25,59.64462439024389,2.394624390243891,61.87584930794682,4.625849307946822,63.86258280051704,6.612582800517039,57.50835987614882,0.2583598761488233
ASOS_207985354,57.25,59.64462439024389,2.394624390243891,58.760646054261784,1.5106460542617839,63.82344622737682,6.57344622737682,57.40462754373691,0.15462754373690757
ASOS_207985354,57.25,59.64462439024389,2.394624390243891,58.543930609805344,1.2939306098053436,63.8241469678277,6.574146967827701,57.38147204554911,0.13147204554910985
ASOS_207985354,57.25,59.64462439024389,2.394624390243891,61.87584930672348,4.625849306723481,64.06173522930717,6.811735229307175,57.404533490195504,0.15453349019550444
ASOS_207985354,57.25,59.64462439024389,2.394624390243891,57.256418413400404,0.006418413400403722,63.687030606270646,6.437030606270646,57.88961510210793,0.6396151021079319
ASOS_210555072,40.5,59.64462439024389,19.14462439024389,44.83909360360171,4.339093603601711,43.643563272880144,3.1435632728801437,37.67818663622408,2.8218133637759166
ASOS_210555072,40.5,59.64462439024389,19.14462439024389,41.72389034991667,1.2238903499166724,42.1701628772581,1.6701628772581003,37.61613693095945,2.883863069040551
ASOS_210555072,40.5,59.64462439024389,19.14462439024389,41.50717490546023,1.0071749054602321,42.1452502182115,1.6452502182115012,37.395516617483395,3.104483382516605
ASOS_210555072,40.5,59.64462439024389,19.14462439024389,44.83909360237838,4.339093602378377,43.53257602630135,3.0325760263013493,37.67818663622408,2.8218133637759166
ASOS_210555072,40.5,59.64462439024389,19.14462439024389,40.21966270905529,0.2803372909447077,41.67221757896484,1.1722175789648404,38.093917917216075,2.406082082783925
ASOS_210555150,40.5,59.64462439024389,19.14462439024389,43.55790365349716,3.0579036534971635,43.60374266333126,3.1037426633312606,40.572153751257986,0.07215375125798573
ASOS_210555150,40.5,59.64462439024389,19.14462439024389,40.442700399812125,0.057299600187874944,42.0318321457921,1.5318321457921016,40.50508553314122,0.0050855331412194005
ASOS_210555150,40.5,59.64462439024389,19.14462439024389,40.225984955355685,0.27401504464431525,41.93370600228583,1.433706002285831,40.30601056052559,0.19398943947440728
ASOS_210555150,40.5,59.64462439024389,19.14462439024389,43.55790365227382,3.057903652273822,43.48890230300404,2.988902303004039,40.572153751257986,0.07215375125798573
ASOS_210555150,40.5,59.64462439024389,19.14462439024389,38.93847275895074,1.5615272410492622,41.23866411136501,0.7386641113650114,40.44261081113012,0.05738918886987676
ASOS_210555183,67.25,59.64462439024389,7.605375609756109,70.59905055157772,3.3490505515777187,66.8344064685881,0.4155935314119006,67.52460531705061,0.2746053170506144
ASOS_210555183,67.25,59.64462439024389,7.605375609756109,67.48384729789268,0.23384729789268022,66.83268994367134,0.4173100563286596,67.89205493586537,0.6420549358653744
ASOS_210555183,67.25,59.64462439024389,7.605375609756109,67.26713185343623,0.017131853436225697,66.76198848884667,0.4880115111533314,67.72854844973631,0.4785484497363086
ASOS_210555183,67.25,59.64462439024389,7.605375609756109,70.59905055035438,3.3490505503543773,66.81198332228519,0.43801667771481334,67.50571993727841,0.255719937278414
ASOS_210555183,67.25,59.64462439024389,7.605375609756109,65.9796196570313,1.270380342968707,66.70815973230297,0.541840267697026,67.95828350064502,0.7082835006450239
ASOS_209874359,52.5,59.64462439024389,7.144624390243891,55.71581072188351,3.215810721883507,51.871998972335334,0.6280010276646664,52.57012233120995,0.07012233120995148
ASOS_209874359,52.5,59.64462439024389,7.144624390243891,52.60060746819847,0.10060746819846855,51.50913681735735,0.9908631826426486,52.41484270241787,0.08515729758212842
ASOS_209874359,52.5,59.64462439024389,7.144624390243891,52.38389202374203,0.11610797625797176,51.487627725946254,1.012372274053746,52.42982494339037,0.07017505660962797
ASOS_209874359,52.5,59.64462439024389,7.144624390243891,55.715810720660166,3.2158107206601656,51.882407025649236,0.6175929743507638,52.57132024597114,0.07132024597113684
ASOS_209874359,52.5,59.64462439024389,7.144624390243891,51.09637982733708,1.4036201726629187,50.38805960701868,2.1119403929813174,52.4443459132314,0.05565408676859818
ASOS_209874625,52.5,59.64462439024389,7.144624390243891,52.83688282535947,0.3368828253594671,51.378762887690016,1.1212371123099842,52.56402616857437,0.06402616857437238
ASOS_209874625,52.5,59.64462439024389,7.144624390243891,49.72167957167443,2.7783204283255714,51.154283382842664,1.3457166171573363,52.43412701067922,0.06587298932078056
ASOS_209874625,52.5,59.64462439024389,7.144624390243891,49.50496412721799,2.9950358727820117,51.11279881367728,1.38720118632272,52.44910925165172,0.05089074834828011
ASOS_209874625,52.5,59.64462439024389,7.144624390243891,52.836882824136126,0.3368828241361257,51.34450983806453,1.155490161935468,52.56522408333556,0.06522408333555774
ASOS_209874625,52.5,59.64462439024389,7.144624390243891,48.21745193081304,4.282548069186959,49.78924539046709,2.7107546095329127,52.48020489426416,0.019795105735838092
ASOS_210223748,74.25,59.64462439024389,14.60537560975611,74.87326089239633,0.6232608923963312,72.67363424958161,1.5763657504183897,74.35287148561986,0.1028714856198576
ASOS_210223748,74.25,59.64462439024389,14.60537560975611,71.75805763871129,2.4919423612887073,72.94237971881631,1.307620281183688,74.18122901108495,0.06877098891504829
ASOS_210223748,74.25,59.64462439024389,14.60537560975611,71.54134219425484,2.708657805745162,73.03532066285173,1.2146793371482687,74.15528410370952,0.09471589629048083
ASOS_210223748,74.25,59.64462439024389,14.60537560975611,74.87326089117299,0.6232608911729898,72.71417013032331,1.5358298696766894,74.35406940038105,0.10406940038105006
ASOS_210223748,74.25,59.64462439024389,14.60537560975611,70.25382999784992,3.9961700021500803,72.81582908430218,1.4341709156978197,74.28080604371321,0.030806043713212716
ASOS_210535631,51.83,59.64462439024389,7.8146243902438925,45.44459244893024,6.385407551069761,51.61126432190353,0.21873567809646488,51.62850045719166,0.20149954280833526
ASOS_210535631,43.5,59.64462439024389,16.14462439024389,42.3293891952452,1.1706108047548014,44.392853674510846,0.892853674510846,43.492766917287106,0.00723308271289369
ASOS_210535631,43.5,59.64462439024389,16.14462439024389,42.11267375078876,1.3873262492112417,44.54853029955054,1.048530299550542,43.24848786513927,0.2515121348607323
ASOS_210535631,51.83,59.64462439024389,7.8146243902438925,45.444592447706896,6.385407552293103,51.49258528138025,0.3374147186197476,51.62969837195285,0.2003016280471499
ASOS_210535631,31.0,59.64462439024389,28.64462439024389,40.82516155438381,9.825161554383811,34.37492278539384,3.374922785393842,30.17009780964919,0.8299021903508113
ASOS_210899776,40.5,59.64462439024389,19.14462439024389,41.518443923310606,1.0184439233106062,43.14260311589476,2.642603115894758,40.43085717753416,0.06914282246584236
ASOS_210899776,40.5,59.64462439024389,19.14462439024389,38.40324066962557,2.0967593303744323,41.62155150266093,1.1215515026609282,40.55653708060726,0.056537080607256485
ASOS_210899776,40.5,59.64462439024389,19.14462439024389,38.186525225169135,2.3134747748308655,41.78960647745628,1.2896064774562817,40.56259198216465,0.06259198216464767
ASOS_210899776,40.5,59.64462439024389,19.14462439024389,41.51844392208727,1.0184439220872719,42.84030714140463,2.3403071414046295,40.43085717753416,0.06914282246584236
ASOS_210899776,40.5,59.64462439024389,19.14462439024389,36.89901302876419,3.6009869712358125,41.71558274270458,1.2155827427045836,40.36194614414306,0.1380538558569384
ASOS_211192447,43.5,59.64462439024389,16.14462439024389,44.828303115172375,1.3283031151723748,44.39234709481548,0.8923470948154772,43.29050711918876,0.20949288081123996
ASOS_211192447,43.5,59.64462439024389,16.14462439024389,41.713099861487336,1.7869001385126637,43.269797007286265,0.23020299271373545,43.50115050021119,0.0011505002111888984
ASOS_211192447,43.5,59.64462439024389,16.14462439024389,41.496384417030896,2.003615582969104,43.325555687607554,0.1744443123924455,43.5016510819373,0.0016510819372967944
ASOS_211192447,43.5,59.64462439024389,16.14462439024389,44.82830311394904,1.3283031139490404,44.251583747250805,0.7515837472508053,43.29050711918876,0.20949288081123996
ASOS_211192447,43.5,59.64462439024389,16.14462439024389,40.208872220625956,3.291127779374044,43.11800236333735,0.3819976366626534,43.48652992374743,0.013470076252566798
ASOS_210223953,69.25,59.64462439024389,9.60537560975611,74.34266447807416,5.0926644780741555,70.27017216714106,1.0201721671410553,69.28382658781264,0.033826587812640696
ASOS_210223953,69.25,59.64462439024389,9.60537560975611,71.22746122438912,1.977461224389117,70.33131421737409,1.0813142173740857,69.26760246597706,0.017602465977063275
ASOS_210223953,69.25,59.64462439024389,9.60537560975611,71.01074577993266,1.7607457799326625,70.44047942600511,1.190479426005112,69.29754450344956,0.04754450344955785
ASOS_210223953,69.25,59.64462439024389,9.60537560975611,74.34266447685081,5.092664476850814,70.21791119086315,0.9679111908631484,69.28502450257383,0.03502450257383316
ASOS_210223953,69.25,59.64462439024389,9.60537560975611,69.72323358352773,0.4732335835277297,70.17738239513491,0.9273823951349129,69.41279364672741,0.16279364672740826
ASOS_210915330,40.5,59.64462439024389,19.14462439024389,42.72902077006661,2.2290207700666116,43.629358154195415,3.1293581541954154,40.54268558114797,0.04268558114797116
ASOS_210915330,40.5,59.64462439024389,19.14462439024389,39.61381751638157,0.8861824836184269,42.2264240978512,1.7264240978512007,40.67332620483776,0.17332620483775685
ASOS_210915330,40.5,59.64462439024389,19.14462439024389,39.39710207192513,1.1028979280748672,42.383409175516626,1.8834091755166256,40.6731376148356,0.17313761483560342
ASOS_210915330,40.5,59.64462439024389,19.14462439024389,42.72902076884328,2.2290207688432773,43.49107187251628,2.9910718725162795,40.54388349590916,0.04388349590915652
ASOS_210915330,40.5,59.64462439024389,19.14462439024389,38.10958987552019,2.390410124479807,42.25887742839434,1.7588774283943422,40.316301183499874,0.18369881650012587
ASOS_210519164,35.5,59.64462439024389,24.14462439024389,36.26421370053782,0.7642137005378231,42.99743070924725,7.497430709247247,38.883808602440936,3.3838086024409364
ASOS_210519164,35.5,59.64462439024389,24.14462439024389,33.14901044685278,2.3509895531472225,41.355250782970764,5.855250782970764,38.050763004562796,2.5507630045627963
ASOS_210519164,35.5,59.64462439024389,24.14462439024389,32.93229500239634,2.5677049976036628,41.35532340698425,5.8553234069842475,38.1786914056161,2.6786914056160995
ASOS_210519164,35.5,59.64462439024389,24.14462439024389,36.26421369931448,0.7642136993144817,42.641962246126305,7.141962246126305,38.86590093333518,3.3659009333351833
ASOS_210519164,35.5,59.64462439024389,24.14462439024389,31.6447828059914,3.855217194008599,41.24117228686626,5.741172286866259,38.25553092892779,2.75553092892779
ASOS_209976219,51.83,59.64462439024389,7.8146243902438925,46.89508566659284,4.934914333407157,52.05936280070732,0.22936280070732096,52.15766928871786,0.32766928871786405
ASOS_209976219,43.5,59.64462439024389,16.14462439024389,43.779882412907796,0.2798824129077957,44.31368899591443,0.8136889959144327,43.40166887011274,0.09833112988725645
ASOS_209976219,43.5,59.64462439024389,16.14462439024389,43.56316696845136,0.06316696845136249,44.44712225446913,0.9471222544691287,43.3809047999535,0.11909520004650176
ASOS_209976219,51.83,59.64462439024389,7.8146243902438925,46.8950856653695,4.9349143346304984,51.95483133158801,0.12483133158801252,52.17195752939897,0.34195752939897517
ASOS_209976219,31.0,59.64462439024389,28.64462439024389,42.27565477204641,11.275654772046408,34.18437205953269,3.1843720595326914,30.650920667905844,0.3490793320941563
ASOS_210899885,46.83,59.64462439024389,12.814624390243893,41.3106867189356,5.519313281064399,48.75697737456392,1.9269773745639185,47.57009228340443,0.7400922834044295
ASOS_210899885,38.5,59.64462439024389,21.14462439024389,38.19548346525056,0.30451653474943896,41.45976518177446,2.9597651817744577,38.51643369331997,0.0164336933199678
ASOS_210899885,38.5,59.64462439024389,21.14462439024389,37.97876802079412,0.5212319792058793,41.46716171747057,2.9671617174705673,38.632380720422866,0.13238072042286575
ASOS_210899885,46.83,59.64462439024389,12.814624390243893,41.310686717712265,5.519313282287733,48.337175457899576,1.507175457899578,47.57129019816561,0.7412901981656148
ASOS_210899885,26.0,59.64462439024389,33.64462439024389,36.691255824389174,10.691255824389174,33.57451616071675,7.5745161607167475,26.10407546165458,0.10407546165458115
ASOS_209614505,45.5,59.64462439024389,14.14462439024389,51.394863474563195,5.894863474563195,49.4198313369641,3.9198313369641014,46.36074856976073,0.8607485697607302
ASOS_209614505,45.5,59.64462439024389,14.14462439024389,48.27966022087816,2.7796602208781565,48.10745678726367,2.607456787263672,46.186995306947765,0.6869953069477646
ASOS_209614505,45.5,59.64462439024389,14.14462439024389,48.062944776421716,2.562944776421716,47.82906277164735,2.329062771647351,46.188983038250235,0.6889830382502353
ASOS_209614505,45.5,59.64462439024389,14.14462439024389,51.39486347333985,5.8948634733398535,49.47448712382177,3.974487123821767,46.361946484521916,0.8619464845219156
ASOS_209614505,45.5,59.64462439024389,14.14462439024389,46.77543258001677,1.2754325800167692,45.88628996785578,0.38628996785578096,44.53867575559744,0.9613242444025616
ASOS_209816019,69.25,59.64462439024389,9.60537560975611,69.86383777227803,0.6138377722780319,67.0522705016529,2.197729498347101,68.75990754630566,0.49009245369434495
ASOS_209816019,69.25,59.64462439024389,9.60537560975611,66.74863451859298,2.5013654814070208,67.42750189733864,1.8224981026613563,68.35541921594873,0.8945807840512714
ASOS_209816019,69.25,59.64462439024389,9.60537560975611,66.53191907413654,2.718080925863461,67.47164561465576,1.7783543853442438,68.39529292214947,0.8547070778505343
ASOS_209816019,69.25,59.64462439024389,9.60537560975611,69.86383777105468,0.6138377710546763,67.1557316357397,2.0942683642603015,68.68627932928983,0.5637206707101683
ASOS_209816019,69.25,59.64462439024389,9.60537560975611,65.24440687773159,4.005593122268408,67.36037009418142,1.8896299058185804,68.36497950877684,0.885020491223159
ASOS_210097764,58.83,59.64462439024389,0.8146243902438925,52.965324840320235,5.864675159679763,55.14413445730725,3.6858655426927456,58.694380633835,0.13561936616499537
ASOS_210097764,50.5,59.64462439024389,9.14462439024389,49.8501215866352,0.649878413364803,48.329751011775905,2.1702489882240954,50.62205094195041,0.12205094195041255
ASOS_210097764,50.5,59.64462439024389,9.14462439024389,49.63340614217875,0.8665938578212504,48.317837398074104,2.1821626019258957,50.63620881265451,0.1362088126545089
ASOS_210097764,58.83,59.64462439024389,0.8146243902438925,52.965324839096894,5.864675160903104,55.531865241857936,3.298134758142062,58.69557854859619,0.13442145140381
ASOS_210097764,38.0,59.64462439024389,21.64462439024389,48.34589394577381,10.34589394577381,36.394057706045174,1.6059422939548256,38.008497133490835,0.008497133490834585
ASOS_209815686,69.25,59.64462439024389,9.60537560975611,74.20416251003849,4.954162510038486,67.86676652965022,1.3832334703497793,69.46721172513209,0.21721172513208842
ASOS_209815686,69.25,59.64462439024389,9.60537560975611,71.08895925635345,1.8389592563534478,67.91787517526076,1.332124824739239,69.34229621366782,0.09229621366782226
ASOS_209815686,69.25,59.64462439024389,9.60537560975611,70.872243811897,1.6222438118969933,67.94890958461295,1.3010904153870513,69.37704348930012,0.12704348930012088
ASOS_209815686,69.25,59.64462439024389,9.60537560975611,74.20416250881514,4.954162508815145,67.8657072106842,1.3842927893157935,69.46840963989328,0.21840963989328088
ASOS_209815686,69.25,59.64462439024389,9.60537560975611,69.58473161549207,0.33473161549207475,67.80631419410042,1.4436858058995767,69.40398394273238,0.15398394273238125
ASOS_210519190,35.5,59.64462439024389,24.14462439024389,37.78223561552227,2.282235615522268,43.464264851736125,7.964264851736125,37.006848142554304,1.506848142554304
ASOS_210519190,35.5,59.64462439024389,24.14462439024389,34.66703236183723,0.8329676381627706,41.87270647654506,6.372706476545062,36.21380860731089,0.713808607310888
ASOS_210519190,35.5,59.64462439024389,24.14462439024389,34.45031691738079,1.049683082619211,41.839708183437175,6.339708183437175,36.32642618706049,0.8264261870604912
ASOS_210519190,35.5,59.64462439024389,24.14462439024389,37.78223561429893,2.2822356142989335,43.06328152211037,7.563281522110373,36.98894047344855,1.488940473448551
ASOS_210519190,35.5,59.64462439024389,24.14462439024389,33.162804720975856,2.3371952790241437,41.658062965812576,6.158062965812576,36.40390240349445,0.903902403494449
ASOS_210555165,67.25,59.64462439024389,7.605375609756109,68.98822062018921,1.7382206201892103,65.70898885820746,1.5410111417925378,67.09049865234641,0.15950134765358825
ASOS_210555165,67.25,59.64462439024389,7.605375609756109,65.87301736650417,1.3769826334958282,65.76180333958006,1.4881966604199448,67.10904008007935,0.14095991992064683
ASOS_210555165,67.25,59.64462439024389,7.605375609756109,65.65630192204773,1.5936980779522685,65.67737081005521,1.5726291899447915,66.90769284020091,0.3423071597990912
ASOS_210555165,67.25,59.64462439024389,7.605375609756109,68.98822061896587,1.7382206189658689,65.57954016739393,1.6704598326060704,67.09049865234641,0.15950134765358825
ASOS_210555165,67.25,59.64462439024389,7.605375609756109,64.36878972564278,2.8812102743572154,65.76110344403521,1.4888965559647858,67.39788289900193,0.14788289900192808
ASOS_209815688,69.25,59.64462439024389,9.60537560975611,73.45820659395908,4.208206593959076,67.40143736772998,1.848562632270017,69.18498463515844,0.06501536484155679
ASOS_209815688,69.25,59.64462439024389,9.60537560975611,70.34300334027404,1.0930033402740378,67.79724141207642,1.452758587923583,69.1748673159324,0.07513268406759721
ASOS_209815688,69.25,59.64462439024389,9.60537560975611,70.1262878958176,0.8762878958175975,67.76536447199734,1.4846355280026557,69.22637055079436,0.023629449205643027
ASOS_209815688,69.25,59.64462439024389,9.60537560975611,73.45820659273573,4.208206592735735,67.60751983807887,1.642480161921128,69.18618254991964,0.06381745008036432
ASOS_209815688,69.25,59.64462439024389,9.60537560975611,68.83877569941265,0.4112243005873495,67.65879218488303,1.5912078151169737,69.2984561644689,0.04845616446890233
ASOS_210159625,62.25,59.64462439024389,2.605375609756109,67.33459139671864,5.084591396718636,65.57991542200615,3.3299154220061524,63.75464864927112,1.5046486492711182
ASOS_210159625,62.25,59.64462439024389,2.605375609756109,64.2193881430336,1.9693881430335978,65.29553010540347,3.045530105403472,63.79506210695447,1.545062106954468
ASOS_210159625,62.25,59.64462439024389,2.605375609756109,64.00267269857716,1.7526726985771575,65.20605017417033,2.956050174170329,63.84719715284625,1.597197152846249
ASOS_210159625,62.25,59.64462439024389,2.605375609756109,67.3345913954953,5.084591395495295,65.30404668090851,3.054046680908513,63.72715228705518,1.4771522870551834
ASOS_210159625,62.25,59.64462439024389,2.605375609756109,62.71516050217222,0.4651605021722176,65.28706671988797,3.0370667198879744,63.906908575332,1.6569085753319968
ASOS_210915339,40.5,59.64462439024389,19.14462439024389,40.23609349785744,0.26390650214256084,43.04505704982795,2.545057049827953,40.79931556768951,0.2993155676895114
ASOS_210915339,40.5,59.64462439024389,19.14462439024389,37.12089024417241,3.379109755827592,41.64054176495552,1.1405417649555218,40.723949345083405,0.2239493450834047
ASOS_210915339,40.5,59.64462439024389,19.14462439024389,36.90417479971597,3.5958252002840325,41.68541707786029,1.1854170778602935,40.92858853833624,0.42858853833624266
ASOS_210915339,40.5,59.64462439024389,19.14462439024389,40.23609349663411,0.26390650336588806,42.83809539612674,2.3380953961267394,40.8005134824507,0.30051348245069676
ASOS_210915339,40.5,59.64462439024389,19.14462439024389,35.61666260331103,4.883337396688972,41.7042545885681,1.204254588568098,40.92012676542494,0.4201267654249392
ASOS_210370507,40.5,59.64462439024389,19.14462439024389,45.532750655994136,5.0327506559941355,44.921160213659064,4.421160213659064,40.551265514768424,0.051265514768424225
ASOS_210370507,40.5,59.64462439024389,19.14462439024389,42.4175474023091,1.917547402309097,43.14290149966107,2.642901499661072,40.24316483002892,0.25683516997108313
ASOS_210370507,40.5,59.64462439024389,19.14462439024389,42.20083195785266,1.7008319578526567,43.31217581208662,2.812175812086622,40.50422992442507,0.004229924425068532
ASOS_210370507,40.5,59.64462439024389,19.14462439024389,45.5327506547708,5.032750654770801,44.77453288417554,4.274532884175542,40.55246342952961,0.052463429529609584
ASOS_210370507,40.5,59.64462439024389,19.14462439024389,40.91331976144771,0.41331976144770977,43.15699978997441,2.6569997899744067,40.567915185188944,0.06791518518894435
ASOS_210398135,38.5,59.64462439024389,21.14462439024389,44.45307397420216,5.953073974202162,48.55634549909733,10.056345499097333,45.94838293623047,7.448382936230473
ASOS_210398135,38.5,59.64462439024389,21.14462439024389,41.337870720517124,2.837870720517124,45.242750824147265,6.742750824147265,45.919156103578366,7.419156103578366
ASOS_210398135,38.5,59.64462439024389,21.14462439024389,41.12115527606068,2.6211552760606835,45.141850714241464,6.641850714241464,45.91786630603424,7.417866306034242
ASOS_210398135,38.5,59.64462439024389,21.14462439024389,44.45307397297883,5.953073972978828,48.325069844304195,9.825069844304195,45.94958085099166,7.449580850991659
ASOS_210398135,38.5,59.64462439024389,21.14462439024389,39.833643079655744,1.3336430796557437,41.6185771749713,3.1185771749713,44.174432986005364,5.674432986005364
ASOS_210517920,46.83,59.64462439024389,12.814624390243893,42.4196661934722,4.410333806527795,48.91771191646564,2.0877119164656435,47.651413340569555,0.8214133405695563
ASOS_210517920,38.5,59.64462439024389,21.14462439024389,39.30446293978717,0.8044629397871716,41.691711957375375,3.191711957375375,38.75547373093985,0.2554737309398476
ASOS_210517920,38.5,59.64462439024389,21.14462439024389,39.08774749533073,0.5877474953307313,41.639839493126495,3.1398394931264946,38.97388735909616,0.4738873590961603
ASOS_210517920,46.83,59.64462439024389,12.814624390243893,42.41966619224887,4.41033380775113,48.54859839542499,1.7185983954249906,47.65261125533074,0.8226112553307416
ASOS_210517920,26.0,59.64462439024389,33.64462439024389,37.800235298925784,11.800235298925784,32.99412474002836,6.9941247400283615,26.378035769004555,0.3780357690045548
ASOS_210105822,51.83,59.64462439024389,7.8146243902438925,45.327195288666005,6.502804711333994,52.247315652468814,0.4173156524688153,51.75344585540749,0.07655414459250665
ASOS_210105822,43.5,59.64462439024389,16.14462439024389,42.21199203498097,1.2880079650190268,44.8830273638824,1.3830273638823982,43.630712278565504,0.13071227856550394
ASOS_210105822,43.5,59.64462439024389,16.14462439024389,41.99527659052453,1.5047234094754671,44.88594003011661,1.3859400301166076,43.60994820840626,0.10994820840625863
ASOS_210105822,51.83,59.64462439024389,7.8146243902438925,45.32719528744268,6.502804712557321,52.26492129357462,0.43492129357462517,51.75464377016868,0.07535622983132129
ASOS_210105822,31.0,59.64462439024389,28.64462439024389,40.70776439411959,9.707764394119593,34.16908835550109,3.1690883555010885,30.716027029258086,0.28397297074191385
ASOS_210232665,69.25,59.64462439024389,9.60537560975611,72.44422007383322,3.194220073833222,67.65269587868106,1.5973041213189418,69.20840267019062,0.04159732980937747
ASOS_210232665,69.25,59.64462439024389,9.60537560975611,69.32901682014818,0.07901682014818334,67.7702924578747,1.479707542125297,69.21258978537455,0.03741021462545291
ASOS_210232665,69.25,59.64462439024389,9.60537560975611,69.11230137569173,0.13769862430827118,67.57156763059929,1.67843236940071,69.2640930202365,0.014093020236501275
ASOS_210232665,69.25,59.64462439024389,9.60537560975611,72.44422007260988,3.1942200726098804,67.50654790762859,1.7434520923714132,69.20960058495181,0.040399415048185006
ASOS_210232665,69.25,59.64462439024389,9.60537560975611,67.8247891792868,1.425210820713204,67.59022576862326,1.659774231376744,69.30651568641322,0.05651568641322058
ASOS_210370554,40.5,59.64462439024389,19.14462439024389,45.532750655994136,5.0327506559941355,44.921160213659064,4.421160213659064,40.551265514768424,0.051265514768424225
ASOS_210370554,40.5,59.64462439024389,19.14462439024389,42.4175474023091,1.917547402309097,43.14290149966107,2.642901499661072,40.24316483002892,0.25683516997108313
ASOS_210370554,40.5,59.64462439024389,19.14462439024389,42.20083195785266,1.7008319578526567,43.31217581208662,2.812175812086622,40.50422992442507,0.004229924425068532
ASOS_210370554,40.5,59.64462439024389,19.14462439024389,45.5327506547708,5.032750654770801,44.77453288417554,4.274532884175542,40.55246342952961,0.052463429529609584
ASOS_210370554,40.5,59.64462439024389,19.14462439024389,40.91331976144771,0.41331976144770977,43.15699978997441,2.6569997899744067,40.567915185188944,0.06791518518894435
ASOS_209815974,64.25,59.64462439024389,4.605375609756109,67.5962603693029,3.3462603693028967,64.44098926552182,0.1909892655218215,64.5247212224312,0.27472122243119657
ASOS_209815974,64.25,59.64462439024389,4.605375609756109,64.48105711561786,0.23105711561785824,64.46519051728501,0.21519051728500926,64.43516661192253,0.1851666119225257
ASOS_209815974,64.25,59.64462439024389,4.605375609756109,64.26434167116142,0.014341671161417935,64.4088674007971,0.15886740079710648,64.42137566080186,0.17137566080185707
ASOS_209815974,64.25,59.64462439024389,4.605375609756109,67.59626036807956,3.3462603680795553,64.27563051392657,0.025630513926572007,64.5247212224312,0.27472122243119657
ASOS_209815974,64.25,59.64462439024389,4.605375609756109,62.97682947475647,1.273170525243529,64.43326635851365,0.1832663585136487,64.44954004236018,0.19954004236018363
ASOS_209844695,45.5,59.64462439024389,14.14462439024389,47.409539926239844,1.9095399262398445,47.85058150067957,2.350581500679567,46.033526286947,0.5335262869470014
ASOS_209844695,45.5,59.64462439024389,14.14462439024389,44.2943366725548,1.205663327445201,45.919417001055486,0.4194170010554856,46.72540071533684,1.2254007153368391
ASOS_209844695,45.5,59.64462439024389,14.14462439024389,44.07762122809836,1.4223787719016414,46.076189432299586,0.5761894322995857,46.694875751248254,1.1948757512482544
ASOS_209844695,45.5,59.64462439024389,14.14462439024389,47.4095399250165,1.909539925016503,47.67948470779632,2.1794847077963198,46.04781452762811,0.5478145276281126
ASOS_209844695,45.5,59.64462439024389,14.14462439024389,42.79010903169342,2.7098909683065813,44.88770448242082,0.6122955175791773,45.451023095646,0.04897690435399937
ASOS_209946123,69.25,59.64462439024389,9.60537560975611,72.0636598135138,2.8136598135137945,68.51576641957709,0.7342335804229094,69.30794611558545,0.05794611558545171
ASOS_209946123,69.25,59.64462439024389,9.60537560975611,68.94845655982874,0.3015434401712582,68.83283237887639,0.4171676211236104,69.27880939833662,0.02880939833661955
ASOS_209946123,69.25,59.64462439024389,9.60537560975611,68.7317411153723,0.5182588846276985,68.9660151849141,0.28398481508590123,69.28477547555504,0.034775475555036905
ASOS_209946123,69.25,59.64462439024389,9.60537560975611,72.06365981229045,2.813659812290453,68.66396300848334,0.5860369915166643,69.30794611558545,0.05794611558545171
ASOS_209946123,69.25,59.64462439024389,9.60537560975611,67.44422891896737,1.8057710810326313,68.78871337003287,0.4612866299671339,69.28312026907716,0.03312026907715904
ASOS_209879722,52.5,59.64462439024389,7.144624390243891,53.12167825481425,0.621678254814249,51.20743068788966,1.2925693121103379,52.54550596185581,0.045505961855809574
ASOS_209879722,52.5,59.64462439024389,7.144624390243891,50.00647500112921,2.4935249988707895,51.08991741201293,1.4100825879870698,52.43412701067922,0.06587298932078056
ASOS_209879722,52.5,59.64462439024389,7.144624390243891,49.78975955667277,2.71024044332723,51.14013686785333,1.3598631321466712,52.44910925165172,0.05089074834828011
ASOS_209879722,52.5,59.64462439024389,7.144624390243891,53.121678253590915,0.6216782535909147,51.243120085753176,1.2568799142468237,52.546703876616995,0.04670387661699493
ASOS_209879722,52.5,59.64462439024389,7.144624390243891,48.50224736026782,3.9977526397321768,49.823673352628425,2.6763266473715746,52.47918866506122,0.020811334938777293
ASOS_210223882,52.5,59.64462439024389,7.144624390243891,52.974412616284184,0.47441261628418374,50.996189895260095,1.5038101047399053,52.6168293203244,0.11682932032439908
ASOS_210223882,52.5,59.64462439024389,7.144624390243891,49.859209362599145,2.6407906374008547,50.69350093994347,1.806499060056531,52.459585835943585,0.04041416405641485
ASOS_210223882,52.5,59.64462439024389,7.144624390243891,49.642493918142705,2.857506081857295,50.70258406858764,1.7974159314123597,52.478054010332094,0.021945989667905508
ASOS_210223882,52.5,59.64462439024389,7.144624390243891,52.97441261506085,0.4744126150608494,51.084141824384,1.4158581756160018,52.618027235085584,0.11802723508558444
ASOS_210223882,52.5,59.64462439024389,7.144624390243891,48.354981721737765,4.145018278262235,49.33340438116261,3.166595618837391,52.405019679608294,0.09498032039170567
ASOS_209360460,69.25,59.64462439024389,9.60537560975611,71.87367477777723,2.623674777777225,67.47952835612583,1.770471643874174,69.2507135753587,0.0007135753587022009
ASOS_209360460,69.25,59.64462439024389,9.60537560975611,68.75847152409219,0.49152847590781334,67.56757154168942,1.6824284583105822,69.25758819229586,0.0075881922958558334
ASOS_209360460,69.25,59.64462439024389,9.60537560975611,68.54175607963575,0.7082439203642537,67.61428234453206,1.6357176554679427,69.26355426951427,0.013554269514273187
ASOS_209360460,69.25,59.64462439024389,9.60537560975611,71.87367477655388,2.6236747765538837,67.61917569481868,1.6308243051813207,69.2507135753587,0.0007135753587022009
ASOS_209360460,69.25,59.64462439024389,9.60537560975611,67.2542438832308,1.9957561167692006,67.52407833702883,1.7259216629711744,69.22870553392657,0.021294466073427998
ASOS_209816055,74.25,59.64462439024389,14.60537560975611,76.02974732007787,1.779747320077874,71.02699694649723,3.223003053502765,73.44987009665097,0.8001299033490312
ASOS_209816055,74.25,59.64462439024389,14.60537560975611,72.91454406639284,1.3354559336071645,71.13654490972439,3.1134550902756075,74.08301477616894,0.1669852238310625
ASOS_209816055,74.25,59.64462439024389,14.60537560975611,72.69782862193638,1.552171378063619,71.15172706261683,3.0982729373831717,74.07187340761087,0.17812659238913398
ASOS_209816055,74.25,59.64462439024389,14.60537560975611,76.02974731885453,1.7797473188545325,71.00719526204821,3.2428047379517864,73.48281915228125,0.7671808477187483
ASOS_209816055,74.25,59.64462439024389,14.60537560975611,71.41031642553145,2.839683574468552,71.14647254171604,3.1035274582839634,74.15795268455923,0.09204731544076594
ASOS_209874610,52.5,59.64462439024389,7.144624390243891,52.58713861921307,0.08713861921307142,51.220390491548144,1.2796095084518555,52.6168293203244,0.11682932032439908
ASOS_209874610,52.5,59.64462439024389,7.144624390243891,49.47193536552803,3.028064634471967,51.013172271731555,1.4868277282684446,52.459585835943585,0.04041416405641485
ASOS_209874610,52.5,59.64462439024389,7.144624390243891,49.255219921071586,3.2447800789284145,50.95599722637569,1.5440027736243067,52.478054010332094,0.021945989667905508
ASOS_209874610,52.5,59.64462439024389,7.144624390243891,52.58713861798973,0.08713861798973,51.23512709414179,1.264872905858212,52.618027235085584,0.11802723508558444
ASOS_209874610,52.5,59.64462439024389,7.144624390243891,47.967707724666646,4.532292275333354,49.62396761268931,2.876032387310687,52.405019679608294,0.09498032039170567
ASOS_209880010,52.5,59.64462439024389,7.144624390243891,53.08662703150586,0.5866270315058628,51.41987399880113,1.0801260011988703,52.54550596185581,0.045505961855809574
ASOS_209880010,52.5,59.64462439024389,7.144624390243891,49.971423777820824,2.5285762221791757,51.154283382842664,1.3457166171573363,52.43412701067922,0.06587298932078056
ASOS_209880010,52.5,59.64462439024389,7.144624390243891,49.75470833336438,2.745291666635623,51.12113214701061,1.3788678529893872,52.44910925165172,0.05089074834828011
ASOS_209880010,52.5,59.64462439024389,7.144624390243891,53.08662703028252,0.5866270302825214,51.352843171397865,1.1471568286021352,52.546703876616995,0.04670387661699493
ASOS_209880010,52.5,59.64462439024389,7.144624390243891,48.46719613695944,4.032803863040563,49.78924539046709,2.7107546095329127,52.47918866506122,0.020811334938777293
ASOS_210131795,69.25,59.64462439024389,9.60537560975611,74.69846811289257,5.44846811289257,69.75172796520279,0.5017279652027895,69.32468603117034,0.07468603117034434
ASOS_210131795,69.25,59.64462439024389,9.60537560975611,71.58326485920753,2.3332648592075316,70.29739571520814,1.0473957152081397,69.25864934651923,0.008649346519234768
ASOS_210131795,69.25,59.64462439024389,9.60537560975611,71.36654941475108,2.116549414751077,70.21360885038116,0.9636088503811635,69.28859138399173,0.038591383991729344
ASOS_210131795,69.25,59.64462439024389,9.60537560975611,74.69846811166923,5.448468111669229,69.7005983864323,0.4505983864323042,69.32588394593154,0.0758839459315368
ASOS_210131795,69.25,59.64462439024389,9.60537560975611,70.07903721834614,0.8290372183461443,69.74749593168553,0.49749593168553474,69.33044575794942,0.08044575794941977
ASOS_209874866,52.5,59.64462439024389,7.144624390243891,52.62218984252146,0.12218984252145759,51.17568527587478,1.324314724125223,52.6168293203244,0.11682932032439908
ASOS_209874866,52.5,59.64462439024389,7.144624390243891,49.50698658883642,2.993013411163581,51.05979836439389,1.4402016356061083,52.459585835943585,0.04041416405641485
ASOS_209874866,52.5,59.64462439024389,7.144624390243891,49.29027114437998,3.209728855620021,51.12085115356762,1.3791488464323791,52.478054010332094,0.021945989667905508
ASOS_209874866,52.5,59.64462439024389,7.144624390243891,52.62218984129812,0.12218984129812327,51.22645341908651,1.2735465809134894,52.618027235085584,0.11802723508558444
ASOS_209874866,52.5,59.64462439024389,7.144624390243891,48.00275894797504,4.497241052024961,49.781243458448536,2.718756541551464,52.405019679608294,0.09498032039170567
ASOS_210048789,47.5,59.64462439024389,12.14462439024389,52.122701430228666,4.622701430228666,48.40315612918474,0.9031561291847368,47.411704810815344,0.08829518918465595
ASOS_210048789,47.5,59.64462439024389,12.14462439024389,49.00749817654363,1.5074981765436277,48.305787850247384,0.8057878502473841,47.65923608821241,0.15923608821240975
ASOS_210048789,47.5,59.64462439024389,12.14462439024389,48.79078273208718,1.2907827320871803,48.2848763579776,0.7848763579776019,47.331220256674044,0.16877974332595613
ASOS_210048789,47.5,59.64462439024389,12.14462439024389,52.122701429005325,4.622701429005325,48.321017247919244,0.8210172479192437,47.41290272557653,0.0870972744234706
ASOS_210048789,47.5,59.64462439024389,12.14462439024389,47.50327053568224,0.0032705356822404497,47.96904130295337,0.46904130295337154,47.57942125695498,0.07942125695497992
ASOS_210138670,47.5,59.64462439024389,12.14462439024389,52.20798904111738,4.707989041117379,48.529452252172625,1.029452252172625,47.42768967382531,0.07231032617468713
ASOS_210138670,47.5,59.64462439024389,12.14462439024389,49.092785787432334,1.5927857874323337,48.622509243789885,1.1225092437898851,47.67522095122238,0.17522095122237857
ASOS_210138670,47.5,59.64462439024389,12.14462439024389,48.87607034297589,1.3760703429758934,48.415750867824016,0.9157508678240163,47.34720511968401,0.1527948803159873
ASOS_210138670,47.5,59.64462439024389,12.14462439024389,52.20798903989404,4.707989039894038,48.47252111165253,0.972521111652533,47.4288875885865,0.07111241141350177
ASOS_210138670,47.5,59.64462439024389,12.14462439024389,47.58855814657095,0.08855814657095351,48.0790453684237,0.5790453684236994,47.606402858176715,0.10640285817671469
ASOS_210167338,52.5,59.64462439024389,7.144624390243891,52.62218984252146,0.12218984252145759,51.17568527587478,1.324314724125223,52.6168293203244,0.11682932032439908
ASOS_210167338,52.5,59.64462439024389,7.144624390243891,49.50698658883642,2.993013411163581,51.05979836439389,1.4402016356061083,52.459585835943585,0.04041416405641485
ASOS_210167338,52.5,59.64462439024389,7.144624390243891,49.29027114437998,3.209728855620021,51.12085115356762,1.3791488464323791,52.478054010332094,0.021945989667905508
ASOS_210167338,52.5,59.64462439024389,7.144624390243891,52.62218984129812,0.12218984129812327,51.22645341908651,1.2735465809134894,52.618027235085584,0.11802723508558444
ASOS_210167338,52.5,59.64462439024389,7.144624390243891,48.00275894797504,4.497241052024961,49.781243458448536,2.718756541551464,52.405019679608294,0.09498032039170567
ASOS_210555081,49.5,59.64462439024389,10.14462439024389,55.82647141553498,6.326471415534982,52.3801024807999,2.8801024807998985,50.19030497149533,0.6903049714953298
ASOS_210555081,49.5,59.64462439024389,10.14462439024389,52.711268161849944,3.2112681618499437,52.20073706869471,2.700737068694707,50.29088024439063,0.7908802443906282
ASOS_210555081,49.5,59.64462439024389,10.14462439024389,52.494552717393496,2.9945527173934963,52.098067095696365,2.598067095696365,50.05433290118014,0.554332901180139
ASOS_210555081,49.5,59.64462439024389,10.14462439024389,55.82647141431164,6.326471414311641,52.10887101946655,2.608871019466548,50.19030497149533,0.6903049714953298
ASOS_210555081,57.83,59.64462439024389,1.8146243902438925,51.207040520988556,6.622959479011442,58.97237561763131,1.1423756176313091,54.8285136277106,3.001486372289399
ASOS_210436909,69.25,59.64462439024389,9.60537560975611,75.15924888889478,5.90924888889478,70.36127828926737,1.111278289267375,69.73918332829999,0.4891833282999869
ASOS_210436909,69.25,59.64462439024389,9.60537560975611,72.04404563520974,2.7940456352097414,70.59352212673177,1.34352212673177,69.52830566462984,0.2783056646298405
ASOS_210436909,69.25,59.64462439024389,9.60537560975611,71.8273301907533,2.577330190753301,70.6187042334024,1.368704233402397,69.56305294026214,0.31305294026213915
ASOS_210436909,69.25,59.64462439024389,9.60537560975611,75.15924888767144,5.909248887671438,70.26057686041378,1.010576860413778,69.74038124306118,0.49038124306117936
ASOS_210436909,69.25,59.64462439024389,9.60537560975611,70.53981799434837,1.2898179943483683,70.55776125545266,1.307761255452661,69.59551823817013,0.34551823817012917
ASOS_210535448,53.5,59.64462439024389,6.144624390243891,57.000475067005404,3.5004750670054037,53.73523724595946,0.2352372459594605,53.31955839241943,0.18044160758056904
ASOS_210535448,53.5,59.64462439024389,6.144624390243891,53.88527181332036,0.3852718133203581,53.791533602880776,0.2915336028807758,53.952032544311606,0.45203254431160644
ASOS_210535448,53.5,59.64462439024389,6.144624390243891,53.66855636886392,0.16855636886391778,53.63439244217036,0.13439244217035906,52.84828097026405,0.6517190297359505
ASOS_210535448,53.5,59.64462439024389,6.144624390243891,57.00047506578206,3.5004750657820622,53.82084783404082,0.3208478340408192,53.31955839241943,0.18044160758056904
ASOS_210535448,61.83,59.64462439024389,2.1853756097561075,52.38104417245898,9.44895582754102,61.31905235769933,0.5109476423006711,63.06509016160435,1.2350901616043544
ASOS_210198736,57.25,59.64462439024389,2.394624390243891,61.50976856248447,4.259768562484467,59.506278639477266,2.256278639477266,57.48858430394142,0.2385843039414226
ASOS_210198736,57.25,59.64462439024389,2.394624390243891,58.39456530879943,1.1445653087994287,59.25136955992893,2.001369559928932,57.393267073525344,0.14326707352534385
ASOS_210198736,57.25,59.64462439024389,2.394624390243891,58.17784986434299,0.9278498643429884,59.11702643151484,1.8670264315148373,57.34958120885303,0.09958120885303146
ASOS_210198736,57.25,59.64462439024389,2.394624390243891,61.509768561261126,4.259768561261126,59.41853100068859,2.1685310006885885,57.445067912394336,0.19506791239433596
ASOS_210198736,57.25,59.64462439024389,2.394624390243891,56.89033766793805,0.3596623320619514,59.31292578635808,2.062925786358079,57.30012576976667,0.050125769766673045
ASOS_210206923,62.25,59.64462439024389,2.605375609756109,64.18065271620932,1.9306527162093232,61.96614114410921,0.2838588558907915,62.695354811640826,0.4453548116408257
ASOS_210206923,62.25,59.64462439024389,2.605375609756109,61.065449462524285,1.1845505374757153,61.74618650541773,0.5038134945822677,62.52218673491039,0.2721867349103917
ASOS_210206923,62.25,59.64462439024389,2.605375609756109,60.848734018067844,1.4012659819321556,61.8045299136002,0.44547008639980135,62.538236069329756,0.28823606932975565
ASOS_210206923,62.25,59.64462439024389,2.605375609756109,64.180652714986,1.930652714985996,62.04000181383533,0.20999818616466825,62.633484497886,0.3834844978860019
ASOS_210206923,62.25,59.64462439024389,2.605375609756109,59.561221821662905,2.6887781783370954,61.74748383628628,0.5025161637137217,62.38849826844975,0.13849826844975155
ASOS_210303756,56.83,59.64462439024389,2.8146243902438925,49.673133979515164,7.156866020484834,51.5391519167937,5.290848083206299,52.79821312588613,4.03178687411387
ASOS_210303756,48.5,59.64462439024389,11.14462439024389,46.557930725830126,1.9420692741698744,43.7153546375425,4.784645362457503,44.65609162659734,3.8439083734026624
ASOS_210303756,48.5,59.64462439024389,11.14462439024389,46.341215281373685,2.1587847186263147,43.9402687371656,4.559731262834397,44.62467766099184,3.8753223390081573
ASOS_210303756,56.83,59.64462439024389,2.8146243902438925,49.67313397829183,7.1568660217081685,51.45045223463887,5.379547765361131,52.799411040647314,4.030588959352684
ASOS_210303756,36.0,59.64462439024389,23.64462439024389,45.053703084968745,9.053703084968745,33.95480978141958,2.045190218580423,31.35000101606145,4.6499989839385485
ASOS_209976460,45.5,59.64462439024389,14.14462439024389,46.78253831457735,1.2825383145773515,47.276457067991316,1.7764570679913163,45.29939242357459,0.20060757642541205
ASOS_209976460,45.5,59.64462439024389,14.14462439024389,43.667335060892306,1.8326649391076941,45.85752599788396,0.3575259978839611,46.088733766441145,0.5887337664411447
ASOS_209976460,45.5,59.64462439024389,14.14462439024389,43.450619616435866,2.0493803835641344,45.92106446443032,0.42106446443032297,46.05820880235256,0.55820880235256
ASOS_209976460,45.5,59.64462439024389,14.14462439024389,46.78253831335401,1.28253831335401,47.16447811610029,1.664478116100291,45.3136806642557,0.18631933574430093
ASOS_209976460,45.5,59.64462439024389,14.14462439024389,42.163107420030926,3.3368925799690743,44.578830413871415,0.9211695861285847,44.30811422398125,1.1918857760187507
ASOS_210645866,46.83,59.64462439024389,12.814624390243893,40.88983260113204,5.940167398867956,49.2252081929244,2.3952081929244002,46.86329120649335,0.03329120649335238
ASOS_210645866,38.5,59.64462439024389,21.14462439024389,37.774629347447004,0.7253706525529964,41.821091004191125,3.321091004191125,38.48214779497768,0.01785220502232221
ASOS_210645866,38.5,59.64462439024389,21.14462439024389,37.55791390299057,0.9420860970094296,41.89516855515704,3.395168555157042,38.49780902089716,0.00219097910284205
ASOS_210645866,46.83,59.64462439024389,12.814624390243893,40.889832599908715,5.940167400091283,48.889976998037724,2.059976998037726,46.864489121254536,0.034489121254537736
ASOS_210645866,26.0,59.64462439024389,33.64462439024389,36.27040170658562,10.270401706585623,33.505487520585504,7.505487520585504,26.096431626846087,0.09643162684608697
ASOS_210131784,46.5,59.64462439024389,13.14462439024389,50.861328034597484,4.361328034597484,43.88504485828482,2.6149551417151784,50.398253689557805,3.898253689557805
ASOS_210131784,54.83,59.64462439024389,4.8146243902438925,47.746124780912446,7.0838752190875525,49.93909330966042,4.890906690339577,52.894068837597324,1.9359311624026745
ASOS_210131784,46.5,59.64462439024389,13.14462439024389,47.529409336456,1.0294093364559984,43.364740927696424,3.135259072303576,50.08648771897941,3.586487718979413
ASOS_210131784,46.5,59.64462439024389,13.14462439024389,50.86132803337414,4.361328033374143,43.689923464533564,2.810076535466436,50.5015906808052,4.001590680805201
ASOS_210131784,59.0,59.64462439024389,0.6446243902438908,46.24189714005105,12.758102859948949,52.954853672203605,6.045146327796395,57.19243547404685,1.807564525953147
ASOS_210257265,69.25,59.64462439024389,9.60537560975611,70.97462561985193,1.7246256198519347,67.29247755675091,1.9575224432490899,70.0382089829516,0.7882089829516019
ASOS_210257265,69.25,59.64462439024389,9.60537560975611,67.8594223661669,1.3905776338331037,67.17515833955254,2.0748416604474613,71.72883692321851,2.478836923218509
ASOS_210257265,69.25,59.64462439024389,9.60537560975611,67.64270692171044,1.6072930782895583,66.73155056573249,2.5184494342675094,71.73202914646467,2.4820291464646687
ASOS_210257265,69.25,59.64462439024389,9.60537560975611,70.9746256186286,1.7246256186285933,67.19492600445952,2.055073995540482,70.19703900294932,0.9470390029493245
ASOS_210257265,69.25,59.64462439024389,9.60537560975611,66.35519472530551,2.894805274694491,66.98394508425194,2.2660549157480574,72.59107819760908,3.341078197609079
ASOS_210606194,57.25,59.64462439024389,2.394624390243891,58.40077293844671,1.150772938446707,60.133476496980514,2.8834764969805136,57.51276892553266,0.2627689255326615
ASOS_210606194,57.25,59.64462439024389,2.394624390243891,55.28556968476167,1.9644303152383316,60.07500327216314,2.825003272163137,57.377950657062115,0.12795065706211517
ASOS_210606194,57.25,59.64462439024389,2.394624390243891,55.06885424030522,2.181145759694779,59.941272073573565,2.6912720735735647,57.282976725529906,0.03297672552990605
ASOS_210606194,57.25,59.64462439024389,2.394624390243891,58.400772937223365,1.1507729372233655,60.30458283934211,3.0545828393421104,57.45701131657861,0.20701131657860827
ASOS_210606194,57.25,59.64462439024389,2.394624390243891,53.78134204390028,3.468657956099719,60.068334453523626,2.818334453523626,57.38075433252902,0.13075433252902258
ASOS_209516947,57.25,59.64462439024389,2.394624390243891,63.0786720878823,5.828672087882303,62.75185688293841,5.501856882938412,57.595548663549515,0.34554866354951486
ASOS_209516947,57.25,59.64462439024389,2.394624390243891,59.963468834197265,2.713468834197265,62.402133841324876,5.152133841324876,57.72269197819739,0.47269197819738906
ASOS_209516947,57.25,59.64462439024389,2.394624390243891,59.746753389740825,2.4967533897408245,62.39184205297668,5.141842052976678,57.7036392997284,0.4536392997284011
ASOS_209516947,57.25,59.64462439024389,2.394624390243891,63.07867208665897,5.828672086658969,62.46675974906881,5.216759749068807,57.585433789145405,0.3354337891454051
ASOS_209516947,57.25,59.64462439024389,2.394624390243891,58.459241193335885,1.2092411933358846,62.60834813053942,5.358348130539419,58.176634824845,0.9266348248450029
ASOS_210131514,52.5,59.64462439024389,7.144624390243891,53.493782167262665,0.9937821672626654,50.84235916479469,1.6576408352053065,52.91587413475479,0.4158741347547874
ASOS_210131514,52.5,59.64462439024389,7.144624390243891,50.37857891357763,2.121421086422373,50.42272662401545,2.0772733759845465,52.725222522321594,0.22522252232159445
ASOS_210131514,52.5,59.64462439024389,7.144624390243891,50.16186346912119,2.3381365308788133,50.482471517055714,2.017528482944286,52.740204763294095,0.2402047632940949
ASOS_210131514,52.5,59.64462439024389,7.144624390243891,53.49378216603933,0.9937821660393311,50.90141839665267,1.598581603347327,52.91587413475479,0.4158741347547874
ASOS_210131514,52.5,59.64462439024389,7.144624390243891,48.87435127271624,3.6256487272837603,49.074314646246826,3.425685353753174,52.977023181173955,0.4770231811739549
ASOS_210257395,69.25,59.64462439024389,9.60537560975611,71.47411403214473,2.224114032144726,67.22581089008426,2.0241891099157385,70.3207879677702,1.070787967770201
ASOS_210257395,69.25,59.64462439024389,9.60537560975611,68.35891077845969,0.8910892215403123,67.03349167288587,2.216508327114127,71.97635652690974,2.72635652690974
ASOS_210257395,69.25,59.64462439024389,9.60537560975611,68.14219533400323,1.1078046659967669,66.58432834351026,2.665671656489735,72.01294777131939,2.7629477713193893
ASOS_210257395,69.25,59.64462439024389,9.60537560975611,71.47411403092138,2.2241140309213847,67.12955563408916,2.120444365910842,70.47961798776792,1.2296179877679236
ASOS_210257395,69.25,59.64462439024389,9.60537560975611,66.8546831375983,2.3953168624016996,66.79316730647417,2.4568326935258256,72.83454545757601,3.584545457576013
ASOS_210207371,62.25,59.64462439024389,2.605375609756109,62.296212977188326,0.04621297718832551,62.71087707329255,0.4608770732925507,62.52847351447056,0.2784735144705621
ASOS_210207371,62.25,59.64462439024389,2.605375609756109,59.18100972350329,3.068990276496713,62.62044408716923,0.3704440871692327,62.507393476167614,0.2573934761676142
ASOS_210207371,62.25,59.64462439024389,2.605375609756109,58.96429427904685,3.2857057209531533,62.570599203244164,0.32059920324416424,62.405043877818386,0.15504387781838602
ASOS_210207371,62.25,59.64462439024389,2.605375609756109,62.29621297596499,0.04621297596499119,62.55463395330501,0.3046339533050073,62.49832103515218,0.2483210351521805
ASOS_210207371,62.25,59.64462439024389,2.605375609756109,57.67678208264191,4.573217917358093,62.80145722972237,0.5514572297223665,62.418378897508894,0.16837889750889445
ASOS_210788771,39.5,59.64462439024389,20.14462439024389,43.787527463747786,4.287527463747786,43.24174886096646,3.74174886096646,40.25514389339957,0.7551438933995698
ASOS_210788771,39.5,59.64462439024389,20.14462439024389,40.67232421006275,1.1723242100627473,41.40417146456133,1.9041714645613297,39.38016935859289,0.11983064140711264
ASOS_210788771,39.5,59.64462439024389,20.14462439024389,40.455608765606314,0.9556087656063141,41.60191735437155,2.101917354371551,39.60023578446589,0.10023578446588743
ASOS_210788771,39.5,59.64462439024389,20.14462439024389,43.78752746252445,4.2875274625244515,43.187824305171674,3.6878243051716737,40.23723622429382,0.7372362242938166
ASOS_210788771,39.5,59.64462439024389,20.14462439024389,39.16809656920137,0.3319034307986328,41.0429861661984,1.5429861661984035,39.4433504103081,0.056649589691900815
ASOS_210788626,45.83,59.64462439024389,13.814624390243893,39.68567651216461,6.144323487835386,49.247380784227744,3.4173807842277455,44.8062233981401,1.0237766018599004
ASOS_210788626,37.5,59.64462439024389,22.14462439024389,36.570473258479566,0.9295267415204336,41.9209351552907,4.4209351552906995,36.96741080660415,0.5325891933958502
ASOS_210788626,37.5,59.64462439024389,22.14462439024389,36.35375781402313,1.1462421859768668,41.71581255098739,4.215812550987387,37.21055513022789,0.2894448697721117
ASOS_210788626,45.83,59.64462439024389,13.814624390243893,39.68567651094128,6.144323489058721,49.15474048829434,3.3247404882943385,44.788315729034345,1.0416842709656535
ASOS_210788626,25.0,59.64462439024389,34.64462439024389,35.06624561761819,10.066245617618193,33.0195613511711,8.019561351171099,25.831116937554874,0.8311169375548744
ASOS_210788689,62.83,59.64462439024389,3.1853756097561075,61.23854186615134,1.5914581338486613,66.34819399064372,3.5181939906437236,57.068490543465145,5.761509456534853
ASOS_210788689,54.5,59.64462439024389,5.144624390243891,58.12333861246629,3.6233386124662914,59.2221721301612,4.722172130161198,55.77308674385182,1.2730867438518203
ASOS_210788689,54.5,59.64462439024389,5.144624390243891,57.90662316800985,3.406623168009851,59.461792337710044,4.961792337710044,55.904774486044516,1.4047744860445164
ASOS_210788689,62.83,59.64462439024389,3.1853756097561075,61.238541864927996,1.5914581350720027,65.39890299319553,2.568902993195536,57.00489085738466,5.825109142615339
ASOS_210788689,54.5,59.64462439024389,5.144624390243891,56.61911097160491,2.1191109716049112,60.09450916950444,5.594509169504441,54.75594344453169,0.25594344453168816
ASOS_210788754,62.83,59.64462439024389,3.1853756097561075,59.83412855780118,2.995871442198819,65.82577160969134,2.995771609691346,57.67534345797326,5.154656542026736
ASOS_210788754,54.5,59.64462439024389,5.144624390243891,56.71892530411614,2.2189253041161408,58.60114848010756,4.101148480107561,55.93351202089974,1.433512020899741
ASOS_210788754,54.5,59.64462439024389,5.144624390243891,56.5022098596597,2.0022098596597004,58.81599146248066,4.31599146248066,56.14415415807851,1.644154158078507
ASOS_210788754,62.83,59.64462439024389,3.1853756097561075,59.83412855657784,2.9958714434221605,64.64658216815795,1.8165821681579502,57.52587433747,5.304125662529998
ASOS_210788754,54.5,59.64462439024389,5.144624390243891,55.21469766325476,0.7146976632547606,59.2092988197748,4.709298819774801,54.953197925680485,0.45319792568048456
ASOS_209614682,64.25,59.64462439024389,4.605375609756109,68.19856856934447,3.9485685693444736,64.33269433737328,0.08269433737328313,64.26542026721783,0.015420267217834294
ASOS_209614682,64.25,59.64462439024389,4.605375609756109,65.08336531565944,0.8333653156594352,64.64011953337524,0.3901195333752412,64.34981994854293,0.09981994854292964
ASOS_209614682,64.25,59.64462439024389,4.605375609756109,64.866649871203,0.6166498712029949,64.54708380723108,0.2970838072310755,64.25805784285137,0.008057842851371788
ASOS_209614682,64.25,59.64462439024389,4.605375609756109,68.19856856812115,3.9485685681211464,64.37343422589154,0.12343422589154329,64.25315305037334,0.0031530503733421256
ASOS_209614682,64.25,59.64462439024389,4.605375609756109,63.579137674798055,0.670862325201945,64.36865706048206,0.11865706048206448,64.35286447218769,0.10286447218769013
ASOS_209689657,53.83,59.64462439024389,5.8146243902438925,48.54589486273838,5.284105137261619,52.97386495500905,0.8561350449909497,53.85030454454136,0.02030454454136077
ASOS_209689657,45.5,59.64462439024389,14.14462439024389,45.43069160905333,0.06930839094666652,45.61004075057433,0.11004075057432772,45.28055390992446,0.21944609007554305
ASOS_209689657,45.5,59.64462439024389,14.14462439024389,45.21397616459689,0.28602383540310683,45.68675586206526,0.18675586206526162,45.560692829126886,0.06069282912688578
ASOS_209689657,53.83,59.64462439024389,5.8146243902438925,48.54589486151504,5.284105138484961,53.14502242974195,0.6849775702580487,53.86459278522247,0.03459278522247189
ASOS_209689657,33.0,59.64462439024389,26.64462439024389,43.926463968191946,10.926463968191946,34.410908123719054,1.4109081237190537,32.46962845027146,0.5303715497285424
ASOS_210674746,57.25,59.64462439024389,2.394624390243891,56.13315941090961,1.116840589090387,59.3686580994315,2.1186580994314994,57.23108813272428,0.01891186727571892
ASOS_210674746,57.25,59.64462439024389,2.394624390243891,53.01795615722457,4.2320438427754326,59.15709480180558,1.9070948018055773,57.20259257287175,0.04740742712824897
ASOS_210674746,57.25,59.64462439024389,2.394624390243891,52.80124071276813,4.448759287231873,58.95363444099422,1.7036344409942217,57.09217026669278,0.15782973330721717
ASOS_210674746,57.25,59.64462439024389,2.394624390243891,56.13315940968627,1.1168405903137284,59.22231984555705,1.9723198455570525,57.20306558921442,0.046934410785581804
ASOS_210674746,57.25,59.64462439024389,2.394624390243891,51.51372851636319,5.736271483636813,59.21654466207618,1.9665446620761813,57.165066776164984,0.08493322383501578
ASOS_209815687,64.25,59.64462439024389,4.605375609756109,69.57776095259396,5.327760952593962,65.11596802439219,0.8659680243921883,64.1915831651758,0.05841683482420024
ASOS_209815687,64.25,59.64462439024389,4.605375609756109,66.46255769890891,2.2125576989089097,65.1425316227309,0.8925316227308997,64.11949735232444,0.13050264767555575
ASOS_209815687,64.25,59.64462439024389,4.605375609756109,66.24584225445247,1.9958422544524694,65.11513120357334,0.8651312035733412,64.10570640120378,0.1442935987962244
ASOS_209815687,64.25,59.64462439024389,4.605375609756109,69.5777609513706,5.327760951370607,65.09702992464213,0.8470299246421291,64.1915831651758,0.05841683482420024
ASOS_209815687,64.25,59.64462439024389,4.605375609756109,64.95833005804752,0.7083300580475225,65.17121712005834,0.9212171200583441,64.10712618725073,0.14287381274927213
ASOS_209816086,69.25,59.64462439024389,9.60537560975611,71.57571460176513,2.325714601765128,67.71620352813945,1.5337964718605548,69.21654295241893,0.03345704758106649
ASOS_209816086,69.25,59.64462439024389,9.60537560975611,68.46051134808009,0.7894886519199105,67.927074283052,1.3229257169480064,69.22319914828776,0.026800851712238227
ASOS_209816086,69.25,59.64462439024389,9.60537560975611,68.24379590362364,1.006204096376365,67.96260922351975,1.287390776480251,69.26500456708438,0.015004567084375253
ASOS_209816086,69.25,59.64462439024389,9.60537560975611,71.57571460054177,2.3257146005417724,67.75915641142257,1.4908435885774338,69.21774086718013,0.032259132819874026
ASOS_209816086,69.25,59.64462439024389,9.60537560975611,66.9562837072187,2.2937162927812977,67.83722361382999,1.412776386170009,69.29961195219063,0.04961195219063086
ASOS_210097136,51.83,59.64462439024389,7.8146243902438925,47.083181075760194,4.746818924239804,49.72453225514105,2.1054677448589487,50.8612659658175,0.9687340341824964
ASOS_210097136,43.5,59.64462439024389,16.14462439024389,43.967977822075156,0.4679778220751558,42.364000299439326,1.1359997005606743,42.16222298992032,1.3377770100796766
ASOS_210097136,43.5,59.64462439024389,16.14462439024389,43.751262377618716,0.2512623776187155,42.4826080980691,1.0173919019308997,41.97223335922868,1.5277666407713184
ASOS_210097136,51.83,59.64462439024389,7.8146243902438925,47.08318107453685,4.746818925463145,49.738588944532076,2.0914110554679226,50.86246388057869,0.967536119421311
ASOS_210097136,31.0,59.64462439024389,28.64462439024389,42.46375018121377,11.463750181213769,33.03318890581119,2.033188905811187,29.965657645569934,1.0343423544300663
ASOS_209815844,74.25,59.64462439024389,14.60537560975611,74.20408414075767,0.04591585924232788,70.19145657222461,4.0585434277753905,73.28589354541724,0.9641064545827618
ASOS_209815844,74.25,59.64462439024389,14.60537560975611,71.08888088707263,3.1611191129273664,70.23420827492198,4.015791725078017,73.63275156672972,0.6172484332702766
ASOS_209815844,74.25,59.64462439024389,14.60537560975611,70.87216544261618,3.377834557383821,70.40405630184738,3.845943698152624,73.63312619695154,0.6168738030484633
ASOS_209815844,74.25,59.64462439024389,14.60537560975611,74.20408413953433,0.04591586046566931,70.16759370410325,4.082406295896746,73.28589354541724,0.9641064545827618
ASOS_209815844,74.25,59.64462439024389,14.60537560975611,69.58465324621125,4.665346753788754,70.22162897242615,4.028371027573854,73.80628198565377,0.44371801434623137
ASOS_209792545,40.5,59.64462439024389,19.14462439024389,42.20258151982137,1.702581519821372,42.629502768023464,2.129502768023464,40.29261692943667,0.20738307056333127
ASOS_209792545,40.5,59.64462439024389,19.14462439024389,39.087378266136334,1.4126217338636664,41.38856437768208,0.88856437768208,40.4510755636527,0.04892443634729915
ASOS_209792545,40.5,59.64462439024389,19.14462439024389,38.87066282167989,1.6293371783201067,41.443496909047056,0.943496909047056,40.45493825555434,0.045061744445661134
ASOS_209792545,40.5,59.64462439024389,19.14462439024389,42.20258151859804,1.7025815185980377,42.229835536305124,1.7298355363051243,40.29261692943667,0.20738307056333127
ASOS_209792545,40.5,59.64462439024389,19.14462439024389,37.58315062527495,2.9168493747250466,40.896561321040735,0.3965613210407355,40.3236171022518,0.17638289774819782
ASOS_209792192,62.25,59.64462439024389,2.605375609756109,64.78188934123978,2.5318893412397756,64.60856447870076,2.3585644787007567,62.28661072037812,0.036610720378121187
ASOS_209792192,62.25,59.64462439024389,2.605375609756109,61.666686087554744,0.5833139124452558,64.1960917436366,1.9460917436366003,62.16119888580966,0.08880111419033909
ASOS_209792192,62.25,59.64462439024389,2.605375609756109,61.4499706430983,0.8000293569017032,64.13422932925401,1.884229329254012,62.14499119195767,0.10500880804232793
ASOS_209792192,62.25,59.64462439024389,2.605375609756109,64.78188934001645,2.5318893400164484,64.16099759200911,1.9109975920091102,62.26201679657424,0.012016796574236821
ASOS_209792192,62.25,59.64462439024389,2.605375609756109,60.16245844669336,2.087541553306643,64.43940609313131,2.1894060931313106,62.08679143382022,0.16320856617978308
ASOS_210517836,62.25,59.64462439024389,2.605375609756109,64.3196134320997,2.0696134320997004,64.16574339611634,1.9157433961163406,62.202058007623734,0.047941992376266285
ASOS_210517836,62.25,59.64462439024389,2.605375609756109,61.20441017841466,1.045589821585338,63.68201623831221,1.4320162383122081,62.15771584019543,0.09228415980457072
ASOS_210517836,62.25,59.64462439024389,2.605375609756109,60.98769473395822,1.2623052660417784,63.63528753622976,1.385287536229761,62.19053611062593,0.05946388937407221
ASOS_210517836,62.25,59.64462439024389,2.605375609756109,64.31961343087636,2.069613430876359,64.14618249924115,1.8961824992411493,62.09734815798929,0.15265184201071236
ASOS_210517836,62.25,59.64462439024389,2.605375609756109,59.700182537553275,2.5498174624467254,63.84072983421581,1.5907298342158072,62.07011147364194,0.17988852635806296
ASOS_209946039,69.25,59.64462439024389,9.60537560975611,72.31497645067809,3.0649764506780883,67.44017785314394,1.8098221468560638,69.2507135753587,0.0007135753587022009
ASOS_209946039,69.25,59.64462439024389,9.60537560975611,69.19977319699305,0.05022680300695015,67.48781720002917,1.7621827999708302,69.25758819229586,0.0075881922958558334
ASOS_209946039,69.25,59.64462439024389,9.60537560975611,68.9830577525366,0.26694224746340467,67.49498682786387,1.755013172136131,69.26355426951427,0.013554269514273187
ASOS_209946039,69.25,59.64462439024389,9.60537560975611,72.31497644945473,3.0649764494547327,67.60137035945348,1.6486296405465168,69.2507135753587,0.0007135753587022009
ASOS_209946039,69.25,59.64462439024389,9.60537560975611,67.69554555613166,1.5544544438683374,67.48093509431897,1.7690649056810344,69.22870553392657,0.021294466073427998
ASOS_210097070,51.83,59.64462439024389,7.8146243902438925,46.64535506861944,5.184644931380561,49.83837669159717,1.9916233084028292,51.36593556620971,0.4640644337902913
ASOS_210097070,43.5,59.64462439024389,16.14462439024389,43.5301518149344,0.030151814934399113,42.37927466282242,1.120725337177582,43.001557320751985,0.498442679248015
ASOS_210097070,43.5,59.64462439024389,16.14462439024389,43.31343637047796,0.1865636295220412,42.4765529852583,1.0234470147416985,42.89975230913496,0.6002476908650394
ASOS_210097070,51.83,59.64462439024389,7.8146243902438925,46.645355067396096,5.184644932603902,49.7814088174402,2.0485911825597967,51.36713348097089,0.4628665190291059
ASOS_210097070,31.0,59.64462439024389,28.64462439024389,42.02592417407301,11.025924174073012,32.75862762209909,1.758627622099091,30.47376773126349,0.5262322687365106
ASOS_210606174,57.25,59.64462439024389,2.394624390243891,58.926841655836895,1.6768416558368955,59.20963508821406,1.959635088214057,57.22441315669503,0.025586843304971296
ASOS_210606174,57.25,59.64462439024389,2.394624390243891,55.81163840215186,1.438361597848143,58.98207028961994,1.7320702896199407,57.261384088564434,0.011384088564433625
ASOS_210606174,57.25,59.64462439024389,2.394624390243891,55.59492295769542,1.6550770423045833,59.03830512984371,1.7883051298437067,57.179671076828264,0.07032892317173634
ASOS_210606174,57.25,59.64462439024389,2.394624390243891,58.926841654613554,1.676841654613554,59.173063243790686,1.9230632437906863,57.18089676514794,0.06910323485205794
ASOS_210606174,57.25,59.64462439024389,2.394624390243891,54.30741076129048,2.942589238709523,59.08243166497644,1.8324316649764398,57.198645469182544,0.05135453081745567
ASOS_210167257,41.5,59.64462439024389,18.14462439024389,48.36388597313352,6.86388597313352,41.654025976335475,0.15402597633547543,40.99509730568483,0.5049026943151702
ASOS_210167257,49.83,59.64462439024389,9.814624390243893,45.248682719448475,4.581317280551524,48.876804897187704,0.9531951028122947,49.780548741663345,0.04945125833665287
ASOS_210167257,41.5,59.64462439024389,18.14462439024389,45.031967274992034,3.5319672749920343,41.97078554714696,0.47078554714695997,41.84768534684123,0.34768534684123154
ASOS_210167257,41.5,59.64462439024389,18.14462439024389,48.36388597191018,6.863885971910179,41.49656733284695,0.0034326671530493513,40.996295220446015,0.5037047795539848
ASOS_210167257,54.0,59.64462439024389,5.644624390243891,43.744455078587094,10.255544921412906,52.25644196915643,1.7435580308435732,54.01431559003834,0.014315590038343373
ASOS_210047506,58.83,59.64462439024389,0.8146243902438925,52.975661024566314,5.854338975433684,55.21961926916978,3.610380730830215,58.69298577166985,0.13701422833014476
ASOS_210047506,50.5,59.64462439024389,9.14462439024389,49.860457770881276,0.6395422291187245,48.565902448873636,1.9340975511263636,50.62065607978526,0.12065607978526316
ASOS_210047506,50.5,59.64462439024389,9.14462439024389,49.643742326424835,0.8562576735751648,48.53951464251794,1.9604853574820567,50.63481395048936,0.1348139504893595
ASOS_210047506,58.83,59.64462439024389,0.8146243902438925,52.97566102334298,5.854338976657019,55.44018582949348,3.3898141705065186,58.69418368643104,0.1358163135689594
ASOS_210047506,38.0,59.64462439024389,21.64462439024389,48.356230130019895,10.356230130019895,36.73337497752062,1.2666250224793814,38.007102271325685,0.007102271325685194
ASOS_209874385,47.5,59.64462439024389,12.14462439024389,52.33739441306667,4.837394413066669,48.89832351760079,1.3983235176007867,47.521394892903906,0.021394892903906282
ASOS_209874385,47.5,59.64462439024389,12.14462439024389,49.22219115938163,1.7221911593816301,49.101823390175696,1.6018233901756957,47.73292467361095,0.23292467361095248
ASOS_209874385,47.5,59.64462439024389,12.14462439024389,49.00547571492519,1.5054757149251898,48.976615802986046,1.4766158029860463,47.38143534055655,0.11856465944345018
ASOS_209874385,47.5,59.64462439024389,12.14462439024389,52.337394411843334,4.837394411843334,49.04705838602094,1.547058386020943,47.52259280766509,0.02259280766509164
ASOS_209874385,47.5,59.64462439024389,12.14462439024389,47.71796351852025,0.21796351852024998,48.43805693506999,0.9380569350699872,47.678354789461736,0.17835478946173566
ASOS_210052285,74.25,59.64462439024389,14.60537560975611,75.52045276885869,1.2704527688586893,72.95534595757391,1.2946540424260888,74.10244130210988,0.1475586978901191
ASOS_210052285,74.25,59.64462439024389,14.60537560975611,72.40524951517365,1.8447504848263492,73.25601461912508,0.9939853808749177,74.10017319950897,0.14982680049102726
ASOS_210052285,74.25,59.64462439024389,14.60537560975611,72.1885340707172,2.0614659292828037,73.28844633035109,0.9615536696489073,74.08061071566095,0.1693892843390472
ASOS_210052285,74.25,59.64462439024389,14.60537560975611,75.52045276763535,1.2704527676353479,73.02221309427696,1.2277869057230362,74.11530706320677,0.13469293679322902
ASOS_210052285,74.25,59.64462439024389,14.60537560975611,70.90102187431228,3.3489781256877222,73.05445167870671,1.1955483212932876,74.04270389916059,0.20729610083941452
H&M_1367091001,77.83,59.64462439024389,18.185375609756107,75.04656819042377,2.7834318095762285,77.39175387489061,0.4382461251093872,77.8380609611843,0.008060961184298776
H&M_1367091001,69.5,59.64462439024389,9.85537560975611,71.93136493673873,2.4313649367387313,69.3818970928323,0.118102907167696,69.48599765676046,0.014002343239539528
H&M_1367091001,69.5,59.64462439024389,9.85537560975611,71.71464949228229,2.214649492282291,69.41442248862626,0.08557751137374225,69.48362352068122,0.016376479318779502
H&M_1367091001,77.83,59.64462439024389,18.185375609756107,75.04656818920043,2.78343181079957,77.27967330127274,0.550326698727261,77.87193561348673,0.041935613486728585
H&M_1367091001,69.5,59.64462439024389,9.85537560975611,70.42713729587734,0.9271372958773441,69.31206206119724,0.18793793880276155,69.52657721915621,0.026577219156209253
H&M_1341808001,77.83,59.64462439024389,18.185375609756107,74.9302336133587,2.8997663866413035,77.56743870077263,0.2625612992273716,77.82335952803335,0.006640471966647965
H&M_1341808001,69.5,59.64462439024389,9.85537560975611,71.81503035967364,2.315030359673642,69.45222078072638,0.04777921927362172,69.48929603231304,0.010703967686964688
H&M_1341808001,69.5,59.64462439024389,9.85537560975611,71.5983149152172,2.098314915217202,69.47132312095118,0.028676879048816772,69.4836443673872,0.016355632612800264
H&M_1341808001,77.83,59.64462439024389,18.185375609756107,74.93023361213534,2.899766387864659,77.5406524734674,0.28934752653259466,77.81560760357756,0.01439239642243706
H&M_1341808001,69.5,59.64462439024389,9.85537560975611,70.31080271881227,0.8108027188122691,69.40789067558084,0.09210932441915531,69.5157182643129,0.015718264312894803
H&M_1351340002,71.83,59.64462439024389,12.185375609756107,69.25880627531382,2.5711937246861822,71.32164376332955,0.5083562366704513,72.14829142806823,0.3182914280682354
H&M_1351340002,63.5,59.64462439024389,3.855375609756109,66.14360302162876,2.6436030216287634,63.66401606928314,0.16401606928314294,63.68361178993467,0.1836117899346732
H&M_1351340002,63.5,59.64462439024389,3.855375609756109,65.92688757717232,2.426887577172323,63.62135687794069,0.12135687794069128,63.64249934566212,0.14249934566211664
H&M_1351340002,71.83,59.64462439024389,12.185375609756107,69.25880627409046,2.571193725909538,71.08232712973134,0.7476728702686586,72.26661196329364,0.43661196329364316
H&M_1351340002,63.5,59.64462439024389,3.855375609756109,64.63937538076739,1.1393753807673903,63.3268203955897,0.17317960441030067,63.21408100894313,0.28591899105686736
H&M_1366053001,75.83,59.64462439024389,16.185375609756107,74.38522752585948,1.444772474140521,75.29422486242579,0.5357751375742055,76.0793211588316,0.24932115883160577
H&M_1366053001,67.5,59.64462439024389,7.855375609756109,71.27002427217444,3.770024272174439,67.64812838319543,0.1481283831954272,67.45141099783574,0.048589002164263206
H&M_1366053001,67.5,59.64462439024389,7.855375609756109,71.053308827718,3.5533088277179985,67.77965249067616,0.27965249067615616,67.46734502397702,0.032654976022982396
H&M_1366053001,75.83,59.64462439024389,16.185375609756107,74.38522752463615,1.4447724753638482,75.35440105391768,0.47559894608231446,76.04935679302544,0.2193567930254403
H&M_1366053001,67.5,59.64462439024389,7.855375609756109,69.76579663131307,2.2657966313130657,67.72408006193997,0.2240800619399721,68.10183112497546,0.6018311249754618
H&M_1351683001,77.83,59.64462439024389,18.185375609756107,75.44884072884767,2.3811592711523275,77.56548517194827,0.26451482805173043,77.81659123772093,0.013408762279070174
H&M_1351683001,69.5,59.64462439024389,9.85537560975611,72.33363747516262,2.833637475162618,69.4760144974522,0.023985502547802184,69.44604041524117,0.05395958475882878
H&M_1351683001,69.5,59.64462439024389,9.85537560975611,72.11692203070618,2.616922030706178,69.4663207947401,0.03367920525990087,69.4459200496955,0.05407995030449797
H&M_1351683001,77.83,59.64462439024389,18.185375609756107,75.44884072762433,2.381159272375669,77.52595897694778,0.30404102305222125,77.80883931326514,0.02116068673485927
H&M_1351683001,69.5,59.64462439024389,9.85537560975611,70.82940983430125,1.329409834301245,69.4488433388705,0.05115666112949668,69.47906425867828,0.020935741321721935
H&M_1345795001,54.5,59.64462439024389,5.144624390243891,56.59624944864734,2.0962494486473418,50.5951593711103,3.9048406288897013,51.965533890017326,2.5344661099826737
H&M_1345795001,54.5,59.64462439024389,5.144624390243891,53.48104619496229,1.018953805037711,49.5561053429868,4.943894657013203,50.94499481415875,3.555005185841253
H&M_1345795001,54.5,59.64462439024389,5.144624390243891,53.264330750505856,1.2356692494941441,49.56110104621271,4.938898953787287,50.95855614882636,3.5414438511736392
H&M_1345795001,54.5,59.64462439024389,5.144624390243891,56.59624944742399,2.096249447423993,50.46023595807239,4.0397640419276115,52.046470062241795,2.453529937758205
H&M_1345795001,54.5,59.64462439024389,5.144624390243891,51.97681855410091,2.523181445899091,48.78585007634928,5.714149923650723,47.983167606770486,6.516832393229514
H&M_579541221,42.5,59.64462439024389,17.14462439024389,53.984147623084844,11.484147623084844,45.826867267220756,3.3268672672207558,43.28896611867754,0.7889661186775427
H&M_579541221,55.0,59.64462439024389,4.644624390243891,50.868944369399806,4.131055630600194,55.239330791644264,0.23933079164426374,54.02275804749544,0.9772419525045635
H&M_579541221,55.0,59.64462439024389,4.644624390243891,50.65222892494336,4.347771075056642,55.08909527552891,0.08909527552891205,53.83500784175404,1.1649921582459584
H&M_579541221,42.5,59.64462439024389,17.14462439024389,53.9841476218615,11.484147621861503,46.35996831707718,3.8599683170771826,43.84560591263094,1.345605912630937
H&M_579541221,63.33,59.64462439024389,3.6853756097561075,49.36471672853842,13.96528327146158,59.61294043067855,3.7170595693214494,61.23040045542495,2.0995995445750495
H&M_1351648001,63.33,59.64462439024389,3.6853756097561075,58.50217823270921,4.827821767290786,63.060651717640795,0.2693482823592035,63.21417392709585,0.1158260729041487
H&M_1351648001,55.0,59.64462439024389,4.644624390243891,55.38697497902417,0.386974979024167,55.12435765296552,0.12435765296552148,54.93663245906486,0.06336754093513974
H&M_1351648001,55.0,59.64462439024389,4.644624390243891,55.17025953456773,0.1702595345677267,55.14107979757526,0.14107979757525868,54.94246021496071,0.057539785039288915
H&M_1351648001,63.33,59.64462439024389,3.6853756097561075,58.50217823148587,4.827821768514127,62.87333106589667,0.45666893410332676,63.289722425019775,0.04027757498022311
H&M_1351648001,42.5,59.64462439024389,17.14462439024389,53.88274733816279,11.382747338162787,45.27822679335958,2.778226793359579,42.11218195615576,0.38781804384424134
H&M_1343831002,77.83,59.64462439024389,18.185375609756107,75.44884072884767,2.3811592711523275,77.56548517194827,0.26451482805173043,77.81659123772093,0.013408762279070174
H&M_1343831002,69.5,59.64462439024389,9.85537560975611,72.33363747516262,2.833637475162618,69.4760144974522,0.023985502547802184,69.44604041524117,0.05395958475882878
H&M_1343831002,69.5,59.64462439024389,9.85537560975611,72.11692203070618,2.616922030706178,69.4663207947401,0.03367920525990087,69.4459200496955,0.05407995030449797
H&M_1343831002,77.83,59.64462439024389,18.185375609756107,75.44884072762433,2.381159272375669,77.52595897694778,0.30404102305222125,77.80883931326514,0.02116068673485927
H&M_1343831002,69.5,59.64462439024389,9.85537560975611,70.82940983430125,1.329409834301245,69.4488433388705,0.05115666112949668,69.47906425867828,0.020935741321721935
H&M_1246290002,77.83,59.64462439024389,18.185375609756107,75.0369694209693,2.793030579030699,77.56743870077263,0.2625612992273716,77.82335952803335,0.006640471966647965
H&M_1246290002,69.5,59.64462439024389,9.85537560975611,71.92176616728426,2.421766167284261,69.45293116324005,0.047068836759947885,69.48929603231304,0.010703967686964688
H&M_1246290002,69.5,59.64462439024389,9.85537560975611,71.70505072282782,2.2050507228278207,69.47576756539561,0.024232434604385844,69.4836443673872,0.016355632612800264
H&M_1246290002,77.83,59.64462439024389,18.185375609756107,75.03696941974596,2.7930305802540403,77.54161646882164,0.28838353117835425,77.81560760357756,0.01439239642243706
H&M_1246290002,69.5,59.64462439024389,9.85537560975611,70.41753852642287,0.9175385264228737,69.41566845335862,0.08433154664137987,69.5157182643129,0.015718264312894803
H&M_1152096001,78.33,59.64462439024389,18.685375609756107,73.10913122793694,5.220868772063056,74.10717609463788,4.2228239053621195,78.49493932221799,0.16493932221798957
H&M_1152096001,70.0,59.64462439024389,10.35537560975611,69.99392797425189,0.006072025748110832,66.94735785878544,3.0526421412145623,68.19110334852492,1.8088966514750808
H&M_1152096001,70.0,59.64462439024389,10.35537560975611,69.77721252979545,0.22278747020455114,67.15184603812175,2.8481539618782534,68.10607719417258,1.8939228058274153
H&M_1152096001,78.33,59.64462439024389,18.685375609756107,73.10913122671359,5.220868773286412,73.76624512285866,4.563754877141335,78.55996922003405,0.22996922003405018
H&M_1152096001,57.5,59.64462439024389,2.144624390243891,68.48970033339052,10.989700333390516,61.737711310873635,4.237711310873635,61.89792284782249,4.3979228478224925
H&M_1356122001,61.33,59.64462439024389,1.6853756097561075,59.14916494194471,2.180835058055287,61.73044648334885,0.40044648334885125,62.05876179529916,0.7287617952991639
H&M_1356122001,53.0,59.64462439024389,6.644624390243891,56.03396168825967,3.033961688259673,54.397810951379746,1.3978109513797463,52.878220676970756,0.12177932302924432
H&M_1356122001,53.0,59.64462439024389,6.644624390243891,55.81724624380323,2.8172462438032326,54.25045140974287,1.2504514097428725,52.89905705634477,0.10094294365522671
H&M_1356122001,61.33,59.64462439024389,1.6853756097561075,59.14916494072137,2.1808350592786283,61.818673969896,0.48867396989599854,62.05696312567804,0.72696312567804
H&M_1356122001,53.0,59.64462439024389,6.644624390243891,54.52973404739829,1.5297340473982928,53.53711317305101,0.5371131730510115,53.81207368121801,0.8120736812180098
H&M_1356458001,77.83,59.64462439024389,18.185375609756107,75.76634413198605,2.063655868013953,76.91916684415644,0.9108331558435623,77.40549896300118,0.42450103699881936
H&M_1356458001,69.5,59.64462439024389,9.85537560975611,72.651140878301,3.151140878301007,69.10836156670528,0.39163843329471604,69.21707717259794,0.28292282740206076
H&M_1356458001,69.5,59.64462439024389,9.85537560975611,72.43442543384457,2.9344254338445666,69.08277596415397,0.41722403584603285,68.84238066704023,0.6576193329597686
H&M_1356458001,77.83,59.64462439024389,18.185375609756107,75.76634413076272,2.06365586923728,76.92478326224521,0.9052167377547846,77.38963702383514,0.4403629761648631
H&M_1356458001,69.5,59.64462439024389,9.85537560975611,71.14691323743963,1.6469132374396338,69.17461718024815,0.32538281975185157,69.51164398877721,0.011643988777208847
H&M_1142908008,77.83,59.64462439024389,18.185375609756107,75.0369694209693,2.793030579030699,77.56743870077263,0.2625612992273716,77.82335952803335,0.006640471966647965
H&M_1142908008,69.5,59.64462439024389,9.85537560975611,71.92176616728426,2.421766167284261,69.45293116324005,0.047068836759947885,69.48929603231304,0.010703967686964688
H&M_1142908008,69.5,59.64462439024389,9.85537560975611,71.70505072282782,2.2050507228278207,69.47576756539561,0.024232434604385844,69.4836443673872,0.016355632612800264
H&M_1142908008,77.83,59.64462439024389,18.185375609756107,75.03696941974596,2.7930305802540403,77.54161646882164,0.28838353117835425,77.81560760357756,0.01439239642243706
H&M_1142908008,69.5,59.64462439024389,9.85537560975611,70.41753852642287,0.9175385264228737,69.41566845335862,0.08433154664137987,69.5157182643129,0.015718264312894803
H&M_1359213001,75.83,59.64462439024389,16.185375609756107,73.5985066139431,2.231493386056897,75.59645549451328,0.23354450548671934,75.85861873900537,0.028618739005366933
H&M_1359213001,67.5,59.64462439024389,7.855375609756109,70.48330336025805,2.9833033602580485,67.67184150001475,0.17184150001475018,67.38056842120947,0.11943157879052535
H&M_1359213001,67.5,59.64462439024389,7.855375609756109,70.26658791580161,2.7665879158016082,67.87256679322924,0.3725667932292396,67.39875621788433,0.10124378211567375
H&M_1359213001,75.83,59.64462439024389,16.185375609756107,73.59850661271975,2.2314933872802527,75.65862964264865,0.17137035735134987,75.8286543731992,0.0013456268007985273
H&M_1359213001,67.5,59.64462439024389,7.855375609756109,68.97907571939666,1.4790757193966613,67.90229164181392,0.4022916418139175,68.11692659887422,0.6169265988742154
H&M_1365117003,63.33,59.64462439024389,3.6853756097561075,58.44431084224916,4.885689157750839,63.3846387160968,0.05463871609680382,63.29820141736571,0.0317985826342877
H&M_1365117003,55.0,59.64462439024389,4.644624390243891,55.32910758856412,0.3291075885641206,55.12075179833498,0.12075179833497884,54.897406607036054,0.10259339296394643
H&M_1365117003,55.0,59.64462439024389,4.644624390243891,55.11239214410768,0.11239214410768028,55.0940108129226,0.09401081292259761,54.903234362931904,0.0967656370680956
H&M_1365117003,63.33,59.64462439024389,3.6853756097561075,58.44431084102582,4.885689158974181,63.25014026559442,0.0798597344055807,63.29640274774459,0.03359725225541155
H&M_1365117003,42.5,59.64462439024389,17.14462439024389,53.82487994770274,11.32487994770274,44.647937727234606,2.1479377272346056,42.25490570132287,0.24509429867713095
H&M_1341076003,77.83,59.64462439024389,18.185375609756107,74.84233913589514,2.9876608641048534,77.51577395714698,0.31422604285302214,77.81582451764599,0.014175482354005453
H&M_1341076003,69.5,59.64462439024389,9.85537560975611,71.72713588221009,2.227135882210092,69.39678053297733,0.10321946702266871,69.47092975851635,0.02907024148365167
H&M_1341076003,69.5,59.64462439024389,9.85537560975611,71.51042043775365,2.010420437753652,69.44861987873342,0.05138012126657543,69.46855562243711,0.031444377562891646
H&M_1341076003,77.83,59.64462439024389,18.185375609756107,74.8423391346718,2.987660865328195,77.44452285020611,0.3854771497938856,77.84969916994842,0.019699169948424355
H&M_1341076003,69.5,59.64462439024389,9.85537560975611,70.22290824134872,0.7229082413487191,69.36790979812203,0.13209020187797194,69.5684552658305,0.06845526583049377
H&M_1329670010,77.83,59.64462439024389,18.185375609756107,75.29333444940241,2.53666555059759,77.59147031000369,0.2385296899963123,77.83496246231692,0.004962462316925098
H&M_1329670010,69.5,59.64462439024389,9.85537560975611,72.17813119571736,2.6781311957173557,69.4711390841779,0.028860915822093602,69.47702434017047,0.022975659829526762
H&M_1329670010,69.5,59.64462439024389,9.85537560975611,71.96141575126092,2.4614157512609154,69.48316991249224,0.016830087507756275,69.47137267524464,0.028627324755362338
H&M_1329670010,77.83,59.64462439024389,18.185375609756107,75.29333444817907,2.5366655518209313,77.57383023581319,0.2561697641868079,77.82663291649278,0.0033670835072143745
H&M_1329670010,69.5,59.64462439024389,9.85537560975611,70.67390355485598,1.1739035548559826,69.45494730982713,0.045052690172866505,69.4929770754927,0.00702292450729658
H&M_1350359002,57.33,59.64462439024389,2.3146243902438925,57.877856970843,0.5478569708430001,59.93615380977768,2.6061538097776804,50.86629243318461,6.463707566815387
H&M_1350359002,49.0,59.64462439024389,10.64462439024389,54.76265371715796,5.76265371715796,53.653888057337795,4.653888057337795,47.24397290226386,1.756027097736137
H&M_1350359002,49.0,59.64462439024389,10.64462439024389,54.54593827270152,5.54593827270152,53.283699515657936,4.283699515657936,46.232077080473054,2.7679229195269457
H&M_1350359002,57.33,59.64462439024389,2.3146243902438925,57.877856969619664,0.5478569696196658,59.87258024230608,2.54258024230608,50.8375981562075,6.4924018437925
H&M_1350359002,49.0,59.64462439024389,10.64462439024389,53.25842607629658,4.25842607629658,53.45009353564272,4.450093535642722,45.600438270880254,3.399561729119746
H&M_1343919001,77.83,59.64462439024389,18.185375609756107,75.30534532851092,2.524654671489074,77.6574930702465,0.1725069297534958,77.8410159750944,0.011015975094395003
H&M_1343919001,69.5,59.64462439024389,9.85537560975611,72.19014207482589,2.6901420748258857,69.43836701267895,0.061632987321047494,69.48281724113197,0.017182758868031556
H&M_1343919001,69.5,59.64462439024389,9.85537560975611,71.97342663036945,2.4734266303694454,69.45351419368461,0.046485806315388345,69.47716557620613,0.02283442379386713
H&M_1343919001,77.83,59.64462439024389,18.185375609756107,75.3053453272876,2.5246546727124013,77.65140317131232,0.1785968286876738,77.8332640506386,0.0032640506386059087
H&M_1343919001,69.5,59.64462439024389,9.85537560975611,70.68591443396451,1.1859144339645127,69.43635107476949,0.06364892523050969,69.50988140164884,0.009881401648840438
H&M_1260556031,77.83,59.64462439024389,18.185375609756107,75.73416259342932,2.0958374065706806,77.66418283048084,0.16581716951915837,77.98660537899288,0.15660537899287874
H&M_1260556031,69.5,59.64462439024389,9.85537560975611,72.61895933974426,3.118959339744265,69.49352306570867,0.006476934291328007,69.5800770125511,0.08007701255110078
H&M_1260556031,69.5,59.64462439024389,9.85537560975611,72.40224389528782,2.9022438952878247,69.47903936276454,0.020960637235461377,69.57442534762527,0.0744253476252652
H&M_1260556031,77.83,59.64462439024389,18.185375609756107,75.73416259220596,2.0958374077940363,77.5424599170167,0.28754008298329836,77.98526227863539,0.15526227863539077
H&M_1260556031,69.5,59.64462439024389,9.85537560975611,71.11473169888289,1.614731698882892,69.48873124527026,0.011268754729741204,69.51974929450668,0.01974929450668128
H&M_1347085005,77.83,59.64462439024389,18.185375609756107,74.39774863842453,3.4322513615754673,77.22572891041987,0.6042710895801235,77.76100996548291,0.06899003451708552
H&M_1347085005,69.5,59.64462439024389,9.85537560975611,71.28254538473948,1.7825453847394783,69.21345267051116,0.2865473294888403,69.44630331617715,0.05369668382284942
H&M_1347085005,69.5,59.64462439024389,9.85537560975611,71.06582994028304,1.565829940283038,69.29212839990001,0.20787160009999184,69.44290542178489,0.05709457821511421
H&M_1347085005,77.83,59.64462439024389,18.185375609756107,74.39774863720119,3.4322513627988087,77.19729448503094,0.6327055149690608,77.74514802631687,0.08485197368312924
H&M_1347085005,69.5,59.64462439024389,9.85537560975611,69.7783177438781,0.27831774387810526,69.2949781249986,0.20502187500140678,69.21034405060432,0.28965594939568007
H&M_1348111001,61.5,59.64462439024389,1.8553756097561092,64.77547823560441,3.2754782356044103,62.2083671560642,0.7083671560641989,60.51087934391251,0.9891206560874934
H&M_1348111001,61.5,59.64462439024389,1.8553756097561092,61.66027498191937,0.16027498191937184,61.26433494913673,0.23566505086326828,61.18439269530249,0.3156073046975081
H&M_1348111001,61.5,59.64462439024389,1.8553756097561092,61.44355953746293,0.05644046253706847,61.058467483741246,0.44153251625875356,59.75022453987738,1.7497754601226205
H&M_1348111001,61.5,59.64462439024389,1.8553756097561092,64.77547823438107,3.275478234381069,62.1299676695938,0.6299676695938032,60.51265488004205,0.9873451199579506
H&M_1348111001,69.83,59.64462439024389,10.185375609756107,60.156047341057985,9.673952658942014,65.54923605601239,4.280763943987608,67.56669285681083,2.2633071431891665
H&M_1330170060,77.83,59.64462439024389,18.185375609756107,75.12185073217098,2.7081492678290147,77.61155296791702,0.21844703208297744,77.90059397522084,0.0705939752208451
H&M_1330170060,69.5,59.64462439024389,9.85537560975611,72.00664747848595,2.506647478485945,69.46766809280001,0.03233190719998902,69.4588206904685,0.04117930953150051
H&M_1330170060,69.5,59.64462439024389,9.85537560975611,71.7899320340295,2.289932034029505,69.44142713061058,0.05857286938942252,69.45644655438926,0.04355344561074048
H&M_1330170060,77.83,59.64462439024389,18.185375609756107,75.12185073094764,2.708149269052356,77.58228871852124,0.24771128147875743,77.89925087486336,0.06925087486335713
H&M_1330170060,69.5,59.64462439024389,9.85537560975611,70.50241983762456,1.0024198376245579,69.4621633719358,0.03783662806419841,69.56266802074695,0.06266802074695477
H&M_1260556032,77.83,59.64462439024389,18.185375609756107,75.23723110699845,2.592768893001548,77.45551414225302,0.3744858577469756,77.84112221363701,0.011122213637008826
H&M_1260556032,69.5,59.64462439024389,9.85537560975611,72.12202785331341,2.622027853313412,69.42605922384736,0.07394077615263939,69.48267725076552,0.01732274923448074
H&M_1260556032,69.5,59.64462439024389,9.85537560975611,71.90531240885696,2.4053124088569575,69.42115078115056,0.07884921884944163,69.47702558583968,0.022974414160316314
H&M_1260556032,77.83,59.64462439024389,18.185375609756107,75.23723110577511,2.592768894224889,77.33360624488016,0.49639375511983985,77.83337028918122,0.003370289181219732
H&M_1260556032,69.5,59.64462439024389,9.85537560975611,70.61780021245204,1.117800212452039,69.41607641011412,0.08392358988588455,69.50974141128239,0.009741411282391255
H&M_1347186002,77.83,59.64462439024389,18.185375609756107,75.56694773813902,2.2630522618609774,77.61683949461792,0.21316050538207776,77.83496246231692,0.004962462316925098
H&M_1347186002,69.5,59.64462439024389,9.85537560975611,72.45174448445398,2.9517444844539824,69.46802059842135,0.031979401578652755,69.47702434017047,0.022975659829526762
H&M_1347186002,69.5,59.64462439024389,9.85537560975611,72.23502903999754,2.735029039997542,69.46102879004667,0.038971209953331254,69.47137267524464,0.028627324755362338
H&M_1347186002,77.83,59.64462439024389,18.185375609756107,75.56694773691568,2.263052263084319,77.54301297904372,0.2869870209562748,77.82663291649278,0.0033670835072143745
H&M_1347186002,69.5,59.64462439024389,9.85537560975611,70.9475168435926,1.4475168435925951,69.46754431654183,0.03245568345816707,69.4929770754927,0.00702292450729658
H&M_1340697001,77.83,59.64462439024389,18.185375609756107,75.14524161709502,2.684758382904974,77.65740378453222,0.17259621546777737,77.8410159750944,0.011015975094395003
H&M_1340697001,69.5,59.64462439024389,9.85537560975611,72.03003836340997,2.5300383634099717,69.43836701267895,0.061632987321047494,69.48281724113197,0.017182758868031556
H&M_1340697001,69.5,59.64462439024389,9.85537560975611,71.81332291895353,2.3133229189535314,69.45191419368463,0.048085806315370405,69.47716557620613,0.02283442379386713
H&M_1340697001,77.83,59.64462439024389,18.185375609756107,75.14524161587167,2.6847583841283296,77.6512342004982,0.1787657995018037,77.8332640506386,0.0032640506386059087
H&M_1340697001,69.5,59.64462439024389,9.85537560975611,70.52581072254858,1.0258107225485844,69.43611578065185,0.06388421934815369,69.50988140164884,0.009881401648840438
H&M_1142908087,77.83,59.64462439024389,18.185375609756107,75.60819367578551,2.2218063242144837,77.5762737328074,0.2537262671926044,77.83697873892808,0.006978738928083317
H&M_1142908087,69.5,59.64462439024389,9.85537560975611,72.49299042210048,2.992990422100476,69.42211460693888,0.07788539306112341,69.48267725076552,0.01732274923448074
H&M_1142908087,69.5,59.64462439024389,9.85537560975611,72.27627497764404,2.776274977644036,69.4277662338355,0.07223376616450139,69.47702558583968,0.022974414160316314
H&M_1142908087,77.83,59.64462439024389,18.185375609756107,75.60819367456219,2.221806325437811,77.5282965609609,0.3017034390391018,77.82922681447229,0.0007731855277057775
H&M_1142908087,69.5,59.64462439024389,9.85537560975611,70.9887627812391,1.488762781239103,69.42829521038864,0.07170478961135984,69.50974141128239,0.009741411282391255
H&M_1330170058,77.83,59.64462439024389,18.185375609756107,75.40389197656718,2.4261080234328176,77.56192325252218,0.26807674747782073,77.88026515931087,0.05026515931086806
H&M_1330170058,69.5,59.64462439024389,9.85537560975611,72.28868872288214,2.788688722882142,69.43424184710062,0.06575815289937736,69.48599765676046,0.014002343239539528
H&M_1330170058,69.5,59.64462439024389,9.85537560975611,72.0719732784257,2.571973278425702,69.44176016535857,0.05823983464142657,69.48362352068122,0.016376479318779502
H&M_1330170058,77.83,59.64462439024389,18.185375609756107,75.40389197534384,2.426108024656159,77.51369118624712,0.3163088137528831,77.87193561348673,0.041935613486728585
H&M_1330170058,69.5,59.64462439024389,9.85537560975611,70.78446108202075,1.284461082020755,69.44413876437216,0.05586123562784451,69.53155938135497,0.03155938135496683
H&M_925212001,71.83,59.64462439024389,12.185375609756107,68.58639978319866,3.2436002168013403,71.16505245038955,0.6649475496104458,71.6272024015903,0.20279759840970257
H&M_925212001,63.5,59.64462439024389,3.855375609756109,65.47119652951362,1.9711965295136196,63.30742075586664,0.1925792441333627,63.56881896171552,0.06881896171552171
H&M_925212001,63.5,59.64462439024389,3.855375609756109,65.25448108505718,1.7544810850571793,63.20339587489057,0.29660412510943246,63.52442898859637,0.02442898859636955
H&M_925212001,71.83,59.64462439024389,12.185375609756107,68.58639978197532,3.2436002180246817,71.0815074693263,0.7484925306737011,71.69578634534723,0.13421365465276835
H&M_925212001,63.5,59.64462439024389,3.855375609756109,63.96696888865223,0.4669688886522323,63.13200678120937,0.3679932187906303,62.82308363806712,0.6769163619328822
H&M_1290209018,77.83,59.64462439024389,18.185375609756107,75.02649493037589,2.8035050696241086,77.60226171212008,0.2277382878799159,77.83496246231692,0.004962462316925098
H&M_1290209018,69.5,59.64462439024389,9.85537560975611,71.91129167669084,2.411291676690837,69.4711390841779,0.028860915822093602,69.47702434017047,0.022975659829526762
H&M_1290209018,69.5,59.64462439024389,9.85537560975611,71.6945762322344,2.1945762322343967,69.46901991249224,0.030980087507757048,69.47137267524464,0.028627324755362338
H&M_1290209018,77.83,59.64462439024389,18.185375609756107,75.02649492915253,2.8035050708474643,77.58778269357047,0.24221730642952366,77.82663291649278,0.0033670835072143745
H&M_1290209018,69.5,59.64462439024389,9.85537560975611,70.40706403582945,0.9070640358294497,69.45340884828867,0.04659115171132555,69.4929770754927,0.00702292450729658
H&M_1343919002,77.83,59.64462439024389,18.185375609756107,76.31394048653816,1.5160595134618404,77.58400769413306,0.24599230586693466,77.82984441903291,0.00015558096708900848
H&M_1343919002,69.5,59.64462439024389,9.85537560975611,73.1987372328531,3.698737232853105,69.47724397439234,0.022756025607662878,69.4916505673555,0.008349432644493504
H&M_1343919002,69.5,59.64462439024389,9.85537560975611,72.98202178839666,3.482021788396665,69.47178601178258,0.028213988217416386,69.48927643127627,0.010723568723733479
H&M_1343919002,77.83,59.64462439024389,18.185375609756107,76.31394048531482,1.5160595146851819,77.52087995019383,0.30912004980616814,77.82209249457712,0.007907505422878103
H&M_1343919002,69.5,59.64462439024389,9.85537560975611,71.69450959199173,2.194509591991732,69.4812668742204,0.01873312577960462,69.52528303994258,0.025283039942578966
H&M_1350139003,63.33,59.64462439024389,3.6853756097561075,58.023796405941155,5.306203594058843,62.805616472402384,0.5243835275976139,63.21140172861827,0.11859827138172818
H&M_1350139003,55.0,59.64462439024389,4.644624390243891,54.90859315225612,0.09140684774388319,54.9535344253697,0.04646557463029666,54.862744087261284,0.1372559127387163
H&M_1350139003,55.0,59.64462439024389,4.644624390243891,54.69187770779968,0.3081222922003235,55.002798875022684,0.0027988750226839443,54.77194563934668,0.2280543606533172
H&M_1350139003,63.33,59.64462439024389,3.6853756097561075,58.023796404717814,5.306203595282184,62.781853396937585,0.5481466030624134,63.23246870942539,0.09753129057460797
H&M_1350139003,42.5,59.64462439024389,17.14462439024389,53.40436551139474,10.904365511394737,44.826991392233424,2.326991392233424,42.519232956239556,0.019232956239555676
H&M_1142908001,77.83,59.64462439024389,18.185375609756107,75.10942737120473,2.720572628795267,77.55030251246488,0.2796974875351168,77.83485622377431,0.004856223774311275
H&M_1142908001,69.5,59.64462439024389,9.85537560975611,71.99422411751968,2.4942241175196784,69.4705060756499,0.029493924350106226,69.47716433053692,0.02283566946307758
H&M_1142908001,69.5,59.64462439024389,9.85537560975611,71.77750867306324,2.277508673063238,69.4560247552879,0.0439752447121009,69.47151266561109,0.028487334388913155
H&M_1142908001,77.83,59.64462439024389,18.185375609756107,75.10942736998138,2.720572630018623,77.58840000771508,0.24159999228491813,77.82652667795017,0.003473322049828198
H&M_1142908001,69.5,59.64462439024389,9.85537560975611,70.48999647665829,0.9899964766582912,69.4434061822281,0.05659381777189765,69.49311706585915,0.0068829341408473965
H&M_1360820001,71.83,59.64462439024389,12.185375609756107,68.82026025671597,3.0097397432840296,71.20474454830905,0.625255451690947,71.86513977348261,0.03513977348261221
H&M_1360820001,63.5,59.64462439024389,3.855375609756109,65.70505700303093,2.20505700303093,63.44107421542886,0.058925784571137285,63.615575481569294,0.11557548156929442
H&M_1360820001,63.5,59.64462439024389,3.855375609756109,65.48834155857449,1.98834155857449,63.345787647525455,0.1542123524745449,63.57671680783032,0.07671680783032286
H&M_1360820001,71.83,59.64462439024389,12.185375609756107,68.82026025549263,3.009739744507371,71.11874711828507,0.7112528817149268,71.8563765496945,0.026376549694504092
H&M_1360820001,63.5,59.64462439024389,3.855375609756109,64.20082936216954,0.700829362169543,63.16861997404834,0.3313800259516597,63.25379814759812,0.24620185240188164
H&M_1352971003,61.5,59.64462439024389,1.8553756097561092,64.77547823560441,3.2754782356044103,62.2083671560642,0.7083671560641989,60.51087934391251,0.9891206560874934
H&M_1352971003,61.5,59.64462439024389,1.8553756097561092,61.66027498191937,0.16027498191937184,61.26433494913673,0.23566505086326828,61.18439269530249,0.3156073046975081
H&M_1352971003,61.5,59.64462439024389,1.8553756097561092,61.44355953746293,0.05644046253706847,61.058467483741246,0.44153251625875356,59.75022453987738,1.7497754601226205
H&M_1352971003,61.5,59.64462439024389,1.8553756097561092,64.77547823438107,3.275478234381069,62.1299676695938,0.6299676695938032,60.51265488004205,0.9873451199579506
H&M_1352971003,69.83,59.64462439024389,10.185375609756107,60.156047341057985,9.673952658942014,65.54923605601239,4.280763943987608,67.56669285681083,2.2633071431891665
H&M_1341688019,77.83,59.64462439024389,18.185375609756107,74.84441832798481,2.9855816720151864,77.44636121277141,0.3836387872285911,77.82397778772015,0.006022212279845007
H&M_1341688019,69.5,59.64462439024389,9.85537560975611,71.72921507429977,2.2292150742997734,69.38319076362735,0.11680923637264584,69.50773702297523,0.007737022975234709
H&M_1341688019,69.5,59.64462439024389,9.85537560975611,71.51249962984332,2.012499629843319,69.40673952145508,0.09326047854492003,69.5020853580494,0.002085358049399133
H&M_1341688019,77.83,59.64462439024389,18.185375609756107,74.84441832676147,2.985581673238528,77.4093008673357,0.42069913266429637,77.85843006139093,0.02843006139093518
H&M_1341688019,69.5,59.64462439024389,9.85537560975611,70.2249874334384,0.7249874334384003,69.3719023263543,0.1280976736456978,69.51016053115058,0.010160531150575025
H&M_1348331001,61.33,59.64462439024389,1.6853756097561075,58.620621335841854,2.7093786641581445,60.6861858742271,0.6438141257728986,60.151898507195654,1.1781014928043447
H&M_1348331001,53.0,59.64462439024389,6.644624390243891,55.505418082156815,2.5054180821568153,54.974956759764915,1.9749567597649147,54.162474676095016,1.162474676095016
H&M_1348331001,53.0,59.64462439024389,6.644624390243891,55.28870263770037,2.288702637700368,54.90872277190638,1.9087227719063833,54.35787793381609,1.3578779338160913
H&M_1348331001,61.33,59.64462439024389,1.6853756097561075,58.62062133461851,2.709378665381486,60.535292506051434,0.7947074939485645,60.151898507195654,1.1781014928043447
H&M_1348331001,53.0,59.64462439024389,6.644624390243891,54.00119044129543,1.001190441295428,55.0190307874178,2.0190307874177975,55.30282499216716,2.30282499216716
H&M_1340768001,71.0,59.64462439024389,11.35537560975611,74.83125767022983,3.8312576702298315,70.52935936014178,0.47064063985821747,71.04088263241333,0.04088263241332868
H&M_1340768001,71.0,59.64462439024389,11.35537560975611,71.7160544165448,0.7160544165447931,70.55265753322449,0.4473424667755097,71.09730004110733,0.09730004110733148
H&M_1340768001,71.0,59.64462439024389,11.35537560975611,71.49933897208835,0.49933897208835276,70.50514608340899,0.49485391659101197,71.16287206117175,0.162872061171754
H&M_1340768001,71.0,59.64462439024389,11.35537560975611,74.8312576690065,3.8312576690065043,70.79284141484598,0.2071585851540192,71.16796151154196,0.16796151154196082
H&M_1340768001,79.33,59.64462439024389,19.685375609756107,70.2118267756834,9.118173224316592,77.19989055273726,2.1301094472627398,78.82798154275623,0.5020184572437643
H&M_1322041001,77.83,59.64462439024389,18.185375609756107,74.1215322785723,3.708467721427695,77.16661611715509,0.6633838828449115,77.75194988054984,0.07805011945015394
H&M_1322041001,69.5,59.64462439024389,9.85537560975611,71.00632902488726,1.5063290248872647,69.24922827107768,0.2507717289223166,69.46823168189437,0.03176831810563385
H&M_1322041001,69.5,59.64462439024389,9.85537560975611,70.78961358043082,1.2896135804308244,69.2160099304724,0.2839900695276043,69.46258001696853,0.03741998303146943
H&M_1322041001,77.83,59.64462439024389,18.185375609756107,74.12153227734896,3.7084677226510365,77.38251495209107,0.44748504790892696,77.73666556275215,0.09333443724784729
H&M_1322041001,69.5,59.64462439024389,9.85537560975611,69.50210138402588,0.0021013840258774508,69.24874188257691,0.2512581174230917,69.11189569213242,0.38810430786757877
H&M_1268221019,47.5,59.64462439024389,12.14462439024389,50.54671046782366,3.046710467823658,49.42907881506328,1.9290788150632778,46.80691635189681,0.6930836481031903
H&M_1268221019,47.5,59.64462439024389,12.14462439024389,47.43150721413862,0.06849278586138041,48.06086575124123,0.5608657512412307,48.40020570994355,0.900205709943549
H&M_1268221019,47.5,59.64462439024389,12.14462439024389,47.21479176968217,0.2852082303178278,48.03305354408466,0.5330535440846589,48.182336582555465,0.6823365825554646
H&M_1268221019,47.5,59.64462439024389,12.14462439024389,50.54671046660032,3.0467104666003166,49.163407427095116,1.663407427095116,46.918019969763975,0.581980030236025
H&M_1268221019,47.5,59.64462439024389,12.14462439024389,45.92727957327723,1.5727204267227677,47.17337026543252,0.3266297345674829,46.54816434116933,0.9518356588306673
H&M_1351671005,77.83,59.64462439024389,18.185375609756107,75.04127049249294,2.788729507507057,77.40475924779238,0.42524075220761404,77.86211427487952,0.032114274879518234
H&M_1351671005,69.5,59.64462439024389,9.85537560975611,71.9260672388079,2.426067238807903,69.3008655257623,0.19913447423769526,69.51005097045568,0.01005097045567993
H&M_1351671005,69.5,59.64462439024389,9.85537560975611,71.70935179435145,2.2093517943514485,69.37449133520113,0.1255086647988719,69.50767683437644,0.007676834376439956
H&M_1351671005,77.83,59.64462439024389,18.185375609756107,75.0412704912696,2.7887295087303983,77.27363377306474,0.5563662269352534,77.89598892718195,0.06598892718194804
H&M_1351671005,69.5,59.64462439024389,9.85537560975611,70.42183959794652,0.9218395979465157,69.35724962574717,0.14275037425282733,69.54017415975841,0.04017415975840777
H&M_1350154003,77.83,59.64462439024389,18.185375609756107,75.3134077094503,2.5165922905496956,77.48710826379644,0.34289173620355484,77.88026515931087,0.05026515931086806
H&M_1350154003,69.5,59.64462439024389,9.85537560975611,72.19820445576525,2.69820445576525,69.4726636439969,0.027336356003104356,69.48599765676046,0.014002343239539528
H&M_1350154003,69.5,59.64462439024389,9.85537560975611,71.98148901130881,2.4814890113088097,69.44873574799378,0.05126425200622009,69.48362352068122,0.016376479318779502
H&M_1350154003,77.83,59.64462439024389,18.185375609756107,75.31340770822696,2.516592291773037,77.44951790217645,0.3804820978235455,77.87193561348673,0.041935613486728585
H&M_1350154003,69.5,59.64462439024389,9.85537560975611,70.69397681490388,1.193976814903877,69.37902962962703,0.12097037037297298,69.50851870415289,0.008518704152891132
H&M_1260556033,77.83,59.64462439024389,18.185375609756107,75.19432153393322,2.6356784660667785,77.61495111901435,0.21504888098564834,77.83697873892808,0.006978738928083317
H&M_1260556033,69.5,59.64462439024389,9.85537560975611,72.07911828024817,2.579118280248167,69.4761956653907,0.023804334609295097,69.48267725076552,0.01732274923448074
H&M_1260556033,69.5,59.64462439024389,9.85537560975611,71.86240283579173,2.362402835791727,69.48023968540794,0.0197603145920624,69.47702558583968,0.022974414160316314
H&M_1260556033,77.83,59.64462439024389,18.185375609756107,75.19432153270986,2.635678467290134,77.58129404856747,0.24870595143252672,77.82922681447229,0.0007731855277057775
H&M_1260556033,69.5,59.64462439024389,9.85537560975611,70.5748906393868,1.074890639386794,69.51257900843858,0.012579008438578398,69.50974141128239,0.009741411282391255
H&M_1357162002,77.83,59.64462439024389,18.185375609756107,74.69244530238981,3.1375546976101845,77.57085944923112,0.2591405507688762,77.80734530630706,0.022654693692942374
H&M_1357162002,69.5,59.64462439024389,9.85537560975611,71.57724204870478,2.0772420487047754,69.42039587334637,0.07960412665363492,69.48715331830745,0.012846681692550987
H&M_1357162002,69.5,59.64462439024389,9.85537560975611,71.36052660424834,1.860526604248335,69.41295695638246,0.08704304361754112,69.48375542391518,0.016244576084815776
H&M_1357162002,77.83,59.64462439024389,18.185375609756107,74.69244530116649,3.1375546988335117,77.52848370264547,0.30151629735452445,77.84121995860949,0.011219958609487435
H&M_1357162002,69.5,59.64462439024389,9.85537560975611,70.0730144078434,0.5730144078434023,69.45920824755007,0.04079175244993394,69.51772260695472,0.017722606954720277
H&M_1346460001,69.83,59.64462439024389,10.185375609756107,67.97030771008549,1.8596922899145056,70.19969254601776,0.3696925460177596,69.43942632551028,0.39057367448971547
H&M_1346460001,61.5,59.64462439024389,1.8553756097561092,64.85510445640045,3.355104456400454,62.20978086460064,0.7097808646006385,61.518190968274105,0.018190968274105046
H&M_1346460001,61.5,59.64462439024389,1.8553756097561092,64.63838901194401,3.138389011944014,62.233186966735836,0.7331869667358362,61.50542830044415,0.005428300444151546
H&M_1346460001,69.83,59.64462439024389,10.185375609756107,67.97030770886215,1.859692291137847,69.9744262477381,0.14442624773809598,69.43107951389061,0.39892048610938957
H&M_1346460001,61.5,59.64462439024389,1.8553756097561092,63.35087681553907,1.850876815539067,62.05320193809264,0.5532019380926414,61.83508510171232,0.3350851017123233
H&M_1351651002,63.33,59.64462439024389,3.6853756097561075,58.51704458324028,4.812955416759721,63.09803104612549,0.23196895387450667,63.44902157464845,0.11902157464844976
H&M_1351651002,55.0,59.64462439024389,4.644624390243891,55.40184132955524,0.4018413295552392,54.87251011389243,0.1274898861075684,54.823090333050715,0.17690966694928534
H&M_1351651002,55.0,59.64462439024389,4.644624390243891,55.1851258850988,0.1851258850987989,54.9145482227157,0.0854517772842982,54.97319840081738,0.02680159918261893
H&M_1351651002,63.33,59.64462439024389,3.6853756097561075,58.517044582016936,4.812955417983062,63.02536317435799,0.30463682564200667,63.46174174383589,0.13174174383588877
H&M_1351651002,42.5,59.64462439024389,17.14462439024389,53.89761368869386,11.397613688693859,44.414986211095226,1.9149862110952256,42.47328001728952,0.026719982710481816
H&M_1199249058,55.0,59.64462439024389,4.644624390243891,56.694832622911164,1.6948326229111643,57.266333333226335,2.266333333226335,54.94953909339218,0.050460906607817435
H&M_1199249058,55.0,59.64462439024389,4.644624390243891,53.57962936922612,1.4203706307738813,55.837947508348385,0.8379475083483854,54.516000079118726,0.4839999208812742
H&M_1199249058,55.0,59.64462439024389,4.644624390243891,53.36291392476968,1.6370860752303216,55.84422737562595,0.8442273756259482,54.60124749639031,0.3987525036096926
H&M_1199249058,55.0,59.64462439024389,4.644624390243891,56.69483262168782,1.694832621687823,56.82687867556179,1.8268786755617867,55.18019407693097,0.18019407693096667
H&M_1199249058,55.0,59.64462439024389,4.644624390243891,52.07540172836474,2.9245982716352614,55.977318177993574,0.977318177993574,55.25494457004018,0.25494457004018045
H&M_941666096,61.5,59.64462439024389,1.8553756097561092,65.60254558348203,4.102545583482026,61.996119228210155,0.49611922821015497,61.682251631756735,0.18225163175673487
H&M_941666096,61.5,59.64462439024389,1.8553756097561092,62.48734232979699,0.9873423297969879,61.860228906225665,0.3602289062256645,61.77080013331376,0.27080013331376307
H&M_941666096,61.5,59.64462439024389,1.8553756097561092,62.27062688534055,0.7706268853405476,61.758106840630155,0.25810684063015543,60.983776506279625,0.5162234937203749
H&M_941666096,61.5,59.64462439024389,1.8553756097561092,65.60254558225868,4.102545582258685,62.06119242885082,0.5611924288508234,61.809908132253724,0.3099081322537245
H&M_941666096,69.83,59.64462439024389,10.185375609756107,60.9831146889356,8.846885311064398,67.6445228924384,2.1854771075615957,69.74076957880011,0.08923042119988622
H&M_1348995002,71.0,59.64462439024389,11.35537560975611,75.03755382020282,4.037553820202817,70.27690519387858,0.7230948061214235,71.0073411420169,0.007341142016898061
H&M_1348995002,71.0,59.64462439024389,11.35537560975611,71.92235056651778,0.9223505665177782,70.5013825953698,0.49861740463019544,71.22465217999306,0.22465217999305764
H&M_1348995002,71.0,59.64462439024389,11.35537560975611,71.70563512206132,0.7056351220613237,70.22819965912694,0.7718003408730567,71.25106410449538,0.2510641044953843
H&M_1348995002,71.0,59.64462439024389,11.35537560975611,75.03755381897948,4.037553818979475,70.79333118090045,0.20666881909954782,71.13442002114553,0.1344200211455302
H&M_1348995002,79.33,59.64462439024389,19.685375609756107,70.41812292565639,8.911877074343607,76.1858365456468,3.1441634543532047,78.36089601065838,0.9691039893416189
H&M_1309848008,61.5,59.64462439024389,1.8553756097561092,65.53020793394235,4.03020793394235,62.37222410254998,0.8722241025499784,61.68928069069401,0.18928069069401232
H&M_1309848008,61.5,59.64462439024389,1.8553756097561092,62.41500468025731,0.9150046802573115,61.72530680025063,0.22530680025062821,61.93100299920044,0.4310029992004374
H&M_1309848008,61.5,59.64462439024389,1.8553756097561092,62.19828923580087,0.6982892358008712,61.71382724281454,0.21382724281453847,61.119068358986404,0.38093164101359633
H&M_1309848008,61.5,59.64462439024389,1.8553756097561092,65.53020793271901,4.030207932719009,62.480828376685665,0.9808283766856647,61.74477371944434,0.24477371944433912
H&M_1309848008,69.83,59.64462439024389,10.185375609756107,60.91077703939593,8.919222960604067,67.05935038764295,2.7706496123570474,69.28119800156065,0.5488019984393446
H&M_1216645001,71.0,59.64462439024389,11.35537560975611,74.91915214769338,3.9191521476933815,70.71099317609837,0.2890068239016301,70.85662940970325,0.14337059029675459
H&M_1216645001,71.0,59.64462439024389,11.35537560975611,71.80394889400834,0.803948894008343,70.63674915982025,0.3632508401797452,71.09475251978446,0.09475251978446408
H&M_1216645001,71.0,59.64462439024389,11.35537560975611,71.58723344955189,0.5872334495518885,70.48286854940127,0.5171314505987255,71.31262588546527,0.31262588546526615
H&M_1216645001,71.0,59.64462439024389,11.35537560975611,74.91915214647004,3.91915214647004,70.94425985163177,0.055740148368229825,70.98428591020023,0.01571408979977207
H&M_1216645001,79.33,59.64462439024389,19.685375609756107,70.29972125314696,9.030278746853043,76.70519247185196,2.6248075281480396,77.94155490162318,1.3884450983768204
H&M_1347697003,77.83,59.64462439024389,18.185375609756107,75.14618696393086,2.6838130360691395,77.59332758937309,0.2366724106269089,77.86701197799889,0.03701197799888689
H&M_1347697003,69.5,59.64462439024389,9.85537560975611,72.0309837102458,2.530983710245806,69.43069014399373,0.06930985600627082,69.44038750464613,0.059612495353874806
H&M_1347697003,69.5,59.64462439024389,9.85537560975611,71.81426826578937,2.314268265789366,69.40036565131504,0.09963434868495824,69.44026713910046,0.059732860899543994
H&M_1347697003,77.83,59.64462439024389,18.185375609756107,75.1461869627075,2.683813037292495,77.4882938475764,0.3417061524235976,77.85868243217475,0.02868243217474742
H&M_1347697003,69.5,59.64462439024389,9.85537560975611,70.52675606938442,1.0267560693844189,69.39726084084684,0.10273915915315968,69.48534060009067,0.01465939990933407
H&M_1348870002,64.33,59.64462439024389,4.6853756097561075,61.18890245007792,3.1410975499220797,62.912355005887406,1.4176449941125924,64.98288149604507,0.6528814960450688
H&M_1348870002,56.0,59.64462439024389,3.644624390243891,58.07369919639288,2.07369919639288,55.42196068388299,0.5780393161170068,56.00418380004389,0.0041838000438900735
H&M_1348870002,56.0,59.64462439024389,3.644624390243891,57.85698375193644,1.8569837519364398,55.38191255267546,0.618087447324541,55.80192955353991,0.1980704464600933
H&M_1348870002,64.33,59.64462439024389,4.6853756097561075,61.18890244885458,3.141097551145421,62.98875057425863,1.341249425741367,65.12370165717213,0.7937016571721358
H&M_1348870002,56.0,59.64462439024389,3.644624390243891,56.5694715555315,0.5694715555315,55.25320682695096,0.746793173049042,55.763628148231376,0.23637185176862374
H&M_1359542001,69.83,59.64462439024389,10.185375609756107,68.37575222872461,1.4542477712753907,69.76059997122933,0.06940002877067286,69.50845086566207,0.3215491343379284
H&M_1359542001,61.5,59.64462439024389,1.8553756097561092,65.26054897503957,3.760548975039569,62.054205661432825,0.5542056614328246,61.64097146733653,0.1409714673365272
H&M_1359542001,61.5,59.64462439024389,1.8553756097561092,65.04383353058313,3.5438335305831288,62.05150663336196,0.55150663336196,61.54430631262102,0.044306312621017696
H&M_1359542001,69.83,59.64462439024389,10.185375609756107,68.37575222750127,1.4542477724987322,69.93453359125051,0.1045335912505152,69.56293238277888,0.26706761722111594
H&M_1359542001,61.5,59.64462439024389,1.8553756097561092,63.75632133417818,2.256321334178182,62.04913005780404,0.5491300578040423,61.916062573867464,0.4160625738674639
H&M_1343852002,47.5,59.64462439024389,12.14462439024389,49.909355324964785,2.4093553249647854,49.72523220212942,2.225232202129419,46.76471215377024,0.7352878462297596
H&M_1343852002,47.5,59.64462439024389,12.14462439024389,46.79415207127974,0.7058479287202601,48.02130175783832,0.521301757838323,48.40020570994355,0.900205709943549
H&M_1343852002,47.5,59.64462439024389,12.14462439024389,46.5774366268233,0.9225633731767005,48.06637406199267,0.5663740619926685,48.182336582555465,0.6823365825554646
H&M_1343852002,47.5,59.64462439024389,12.14462439024389,49.909355323741444,2.409355323741444,49.36735476926043,1.8673547692604302,46.918019969763975,0.581980030236025
H&M_1343852002,47.5,59.64462439024389,12.14462439024389,45.28992443041836,2.2100755695816403,47.004224787478805,0.4957752125211954,46.566222856172644,0.9337771438273563
